CustomerID,probability_score
0465e1d5adc84233,0.27868228567602005
2e92a20d5ba44245,0.02893052678162785
3415bc0eabec4c83,0.07421321712644517
a9701499e89847d3,0.08014915698217516
808c6d4f17f542d5,0.03839492390453295
8259b518f07a43e9,0.7218824401456208
80fd07b6045542d6,0.04554211462421798
ea9d29b96aa74e87,0.14751633653474905
0132c988354c48bf,0.3719784570799096
0f94ad03af3f43e3,0.06653278838841228
13bc342627b84fca,0.029203565307764235
81a4fd84cbbd4b81,0.030574415837741963
f948143369384b65,0.07971105825476335
694c3c61fed94590,0.7522233360718812
592f978b2df34e70,0.9676327234868307
4446c008cdca42fc,0.10466090720708457
22666da57bfc40ee,0.9800300396453412
eb94a9f75bac43e2,0.06127441951510361
01716c732e83427c,0.03171629038813406
047d405da0ed4a8f,0.388384524611057
9c750444134e4234,0.14050925851819845
6a07a6ef8e534112,0.7955412555625073
3f3d38cae1f2430f,0.03666212426617894
2054897b1ae54e2e,0.0781299326816615
ed309ae54fbe440e,0.09429475025205
f542c55e7d964f3f,0.11745511424642004
ec19c1c6bbe14671,0.06024411802059898
bd7a5b24f1ad41b3,0.14412938180970541
9d6225bae4f042cf,0.44325242356717515
c1e009d64e954fe4,0.9337035420917934
af8a066d655a4f07,0.32752803195171254
4f3bb2e7afbc4025,0.7364140891077477
22a461e6fa254b5b,0.16235633018653373
228fc3116deb4bd0,0.03289073424580198
a595c794b01f4678,0.4845951394449508
25aa8ff7fc55423a,0.924504561275836
87707586f7ea48e9,0.43323299031151813
bb6ac3ecd92d4fb2,0.05003844457086265
0ba972fa69cb42ac,0.09185238391082945
385a9d150b244b76,0.025217114561614445
05e2b369e2534339,0.07662522663271853
e468471c19654ef4,0.08226616398380246
7f29ac2088d341e8,0.23659723625423354
4b9da8b385984efa,0.04472418367674296
d63809beb7d547a5,0.21725860203919933
99e2c528d84e4e61,0.031206438899570636
f944f4ade25f49df,0.18075961589628356
e4ab9e103f7847c2,0.03277213421950324
3a80e8d8a70a4b71,0.0185638770001852
44999fafe6454343,0.05893976771777022
48145dd67d7b45cd,0.9778448067060215
654b96617bc244a0,0.10667658446664326
81380199ebc642b8,0.0817592102197301
c7ac059960a5402b,0.32311546767163773
09c3150926bf40d3,0.019266846285248582
6f443ae789264d12,0.6577380104829932
9c30900f19804dc9,0.012568130684093053
6a39ba614b1d4288,0.06191169544724884
7bb62ab7e0ed42c9,0.491626906939785
41473ec291f14e75,0.9137432263337916
342ef47d853348d7,0.0504609738684599
3fb6684f423a4c11,0.06221915864164157
f9aacf78480146af,0.19504248871071672
cb6d73e58bf24c36,0.049901422873583075
4b4b5f97710a4c9e,0.6667969845509109
66af5ed434c44a76,0.21247661542710689
dad82e8603b44813,0.03133845588367386
8e682a36fb884a44,0.2623052822389259
f48aec3f96a04568,0.12348380879731158
e9b72518d15d49a1,0.0829758104322146
c4040e62983b41c4,0.7587183427980815
4185057b916444e5,0.7012954344900416
b05abf77eff54029,0.07636306545812979
3938c151944e49f6,0.016164963188959932
4587d75e502f47d2,0.5388276138566266
6327a78b68934364,0.020848739902811907
7e9cd4aa5b7f428a,0.04921693140054266
aaa976d12996489d,0.020817291329504942
26099a8d7da4454c,0.02766171789996007
bbfa4f17c8864bd0,0.045043189897162904
a74e1baaee344727,0.04602822006827412
b6c8088fcdc3476f,0.12605547333827072
ffbec3a6c5b346ea,0.0401100275512083
92153406aa8b4d5e,0.041366953763235806
29992d60f8354a1c,0.027632115702409504
931091da622d4e53,0.051215830794723805
4fe3f3d3397747a0,0.9625406384195074
c21281b3b048415b,0.0627238922626982
e24da10ad596439d,0.03917594318295818
22b90a9497804343,0.08498774733464813
76f58b46989a4726,0.07894263791468496
ac21c326157f4d4a,0.022374178350899356
bb96cccc488447d0,0.03260694305728308
6b439a4f9c344729,0.28432131222699636
3cda664e8c8144e1,0.3479466404678113
715c8afc4ca74fac,0.06524874123447084
03f21b826d4b46fb,0.018489730599448896
666e170b0bf24ded,0.7170255958181201
09fd6fab1092400d,0.9253456546344137
86270afc04e54867,0.20522423131728296
3e84d20f92634dd1,0.03060251400111862
89924af24d9441de,0.03793184734318985
8baeec3e32d34c91,0.038774827592989704
37c647d92c8b4cb4,0.2197167321792
100ea5eac6e54b01,0.055322029233433614
81bebd38f30649cf,0.029012433143016388
05139d5407f14287,0.015985763365044266
00611a28aba04e79,0.026789450765556423
6e973d668a6947b0,0.9539249101625418
1f8caecd6270482a,0.03218179708455242
71464fa6c4ad4459,0.0999641754216269
da6cf12a3c184d14,0.3911255032932515
a3209a64e33b4e65,0.007498049580032239
a35e5d9090034033,0.06304202374456636
afe792b76d6f4357,0.3327045847059679
d136d7f7df89420e,0.01062955735650696
341db8d424d141ad,0.02056447848824987
108b3c88f5274041,0.029608664203782976
e28f3e11b1714abb,0.027637592043609466
f741a4e87bec431a,0.020394325436090283
252b47b2f2a74682,0.052479283178484756
2a2d340a80a044b0,0.9516992289907613
670545efb4fe477f,0.016191046530635935
7d1f097da16e49b0,0.34012017598919436
dea49983178544a7,0.014342397675719838
fc45910f3c6a49c0,0.13582367439135345
dccff66033d043bb,0.029487314700849053
8c107154b4194d20,0.01261743548257067
9162030984684ee6,0.08063285460342083
130c08310d0d4b20,0.016043670670630762
5daa0146dadd49db,0.018096644269839354
dc52726f779d4aaf,0.058926831877787265
d5795a2407524a62,0.09688487301271664
11b902b588124678,0.039909437350036714
deb22fdbf13a4668,0.1858367728336016
77d7b1e741d44ac2,0.15948603938051192
c942712f77f84d13,0.05051035736247791
cabbd4db689d4a79,0.10193263545450185
e23f2a325ba145c9,0.0235048291486561
1540c329fb4349ad,0.8527762474540135
3e5195ad3c834ac8,0.6300035172712727
5514985c7b154ad1,0.02212707617558731
d6c9d8dc3f124e43,0.027685254289678496
5d99613e4c294f14,0.0725622100127764
693f779c906d4f3a,0.04706611083316347
1ea0e913c170447f,0.03159697797010198
236ff86932ba4243,0.10929555058603421
dedec37c30fa45e0,0.03385980585476701
2646d633f83e4bed,0.0660782702157042
732d07118cee46d0,0.044461290935158826
c47b7436648d4079,0.04815075494855342
87743ff9fe7c4fd9,0.25323483693775606
b74bd7abb98947cc,0.07288147065031463
5743a0b8e74b4e06,0.023216122860614707
5bc15169bc4040b0,0.008887814760542172
bd77f911ba224594,0.06052148897063155
c6b8827516f34329,0.04084209156015867
61dfbb92c9854a04,0.36645938018116075
5624254a388248d0,0.012419961591097215
4e894dacb6dd4e9c,0.14596106824488825
15f468ccd17448d3,0.02887878976409656
976ac159f8424c4a,0.6531909135880698
15027a19bb134996,0.07977723527332548
35a6efd648004d08,0.28292975059588155
ed0e640f722748bc,0.031119444619695607
9c457df8a0c64273,0.020322726844491077
bd95a05534334d0c,0.26032272669829803
9fcc034678d44f96,0.015088849981654755
5b8ecd9f7c344bee,0.010674871892773052
b5353af5a690487a,0.022969226687676793
e5430b8714b14e58,0.048052466838558586
84ddfd04d03a4bb0,0.3074327221368393
dc0dd9e59b9c4749,0.3899605711450354
48e20ef15d0c40fc,0.03933246794954513
7d8eca8abf324974,0.023123646076119213
20ae778f70d444a5,0.07557373166212662
31d41c9d0d4a452f,0.8942862677228381
aae44e74704a4f35,0.042670590607065836
bf2db42d2a8b4c48,0.04208374690402465
cf1463dd91d34eca,0.37190444320945454
1c365493a508486e,0.03576376426515213
620b583de9a0460e,0.03082068563788467
d3234f34898b4836,0.00952952385467649
27ba066750564c3a,0.010816621854427208
b4891948645d47d7,0.9640168431298314
c41f56352b90419d,0.0465270054381253
afb3bcf76e534c50,0.06411148321956607
8e4c4a078c25496f,0.041085366425479115
0cc2e9a2bf624c30,0.04949437878338822
3f0817436bc94afa,0.06147783477434281
309e1e77c91b46fe,0.06322223218367248
1ed213134bef45b2,0.0211908481729046
b323f4a0fd6d4bc9,0.03199598323445511
1f244e78a9834999,0.016940558253826943
8fc299237722432e,0.10734584812745376
50366941a650440c,0.8398842319636162
7236b08d755846ef,0.4250760670378999
839cadfd0795420e,0.08509024931583034
1cabb4db08444ab6,0.5971218480834652
0cda594b79674b9b,0.12260679922655197
7dd6ba9db7d846f8,0.2742769515824107
2b18ea38a47f4e83,0.0145604919510386
30e8890f190d4509,0.022816126204057253
e107f58fbfba49b4,0.22082808944803625
3c96b6af49f04df3,0.04274902949170271
0b700a056fd34001,0.06872378901330256
6535e569cac74b1b,0.013182685180072562
a2f6f156391f4984,0.01740397251046622
4e0dcd40ec484c6e,0.04114144634765068
3b5010153e7545ab,0.0181194208906006
5e83594a679943e7,0.1428454959891572
5321541614704bbb,0.021120078420568088
3781d2b64daa4823,0.6171214005536726
2eb4213d62814f45,0.034103319022304096
0267be4ca4fa45fa,0.019272902860181525
21d8e4fdd38c4805,0.046760483225950764
80968415bfa34795,0.0293306030856879
20fbdfee86334130,0.05000947055866993
97759165f404465d,0.28275513902462873
0140a90f32314052,0.8478348288748819
e8e15422327042a5,0.015867144835438992
c50ae123e8854225,0.3574395608176788
32a291c8dc6b4795,0.2095997537096445
4a47667ab4144996,0.042049605405471605
b2afb0f845d5479d,0.9581355697517513
8b4d620752cb4e5d,0.03154831853698653
ea75cf8398c84022,0.029878082945646922
0753d2e7893f45b6,0.11647225510794061
05b25ef813474f30,0.01745932881315475
e6800771604744af,0.02366047276812889
75fa9c8fc850415d,0.3133455859324435
763ad808e817478e,0.03323311236467158
4cd7dd61548d4afd,0.19317427120888464
eaf8527165b04de1,0.03920620156686255
31dd982860c746b7,0.01918476786204913
e8777b7a8c4442e7,0.6971589793274872
638ffed24f084892,0.4552069946432393
041460928f3e40fd,0.052654107295204436
d98a53b2d7b84600,0.04032894862905188
ffb3859051f6445c,0.025451675357804394
fcda8e7a36b34611,0.4992252649798452
a422a325c5824bae,0.9633677263532446
cfaabf0808074915,0.047641308865098174
8d4f7d7a81b44f63,0.050490109717309474
e2d52e7e89e244dc,0.9105060676726058
2d85e9aa32094ebf,0.0220226933641268
c1952682574347ea,0.09179422316296901
8074253722dc436c,0.0457218273856505
b28c7873b2284db2,0.0672813583871098
7797c6d7f870434f,0.015477840877487024
dc70ada301dd489a,0.521294465027636
042c823a3cee4e45,0.04610153795627089
5065a5d502124ba4,0.03772866595466922
d2bd2d48d3c1414f,0.8130424097388362
97ac395158a2408e,0.12988367231793377
0c388da1e4934348,0.06314619608677025
9ec659927d6d48e0,0.020740298706029912
47bfdde82bfa4cb8,0.021071186801583826
69dbe0030bc1476e,0.06802253944730399
98122e907a844c2a,0.050333373135368065
957761e36e6347a6,0.024667741808418665
3520c688bc764d6c,0.013024513227145438
d52349487748467e,0.018190330973374063
d277639b0cc04d88,0.01749383179865193
5d357c2b969c4ef9,0.09678542991226322
9082ed1c22734783,0.9458722503587449
de9f6c0d135d4340,0.012215736575233156
f6514bf35efd4c68,0.038332435221256955
adba2c8ab2da42fe,0.023489734288047258
31d003a44af440a7,0.022269432369472018
8ddc774413cb45aa,0.014944265451592432
346ac0da09a7428d,0.022454857652587742
1d46dc0135f444f5,0.058285301120509905
d5d9caaaaf16472a,0.05589192043162424
e3d9b55ccf65477d,0.01390647190308531
eb8f108a3c214dc2,0.12563386145659064
e2462f6786534df1,0.8892273748739787
ec15d37897d94d4c,0.39895075120094897
4a8a0b3b60514c3b,0.035860166879727005
6d6efeaf84494f9d,0.0718590744854285
3c732bd7bbdf4619,0.1462047194395863
8ed6e9ffeb914d05,0.9067727302832399
4443dbbebd614450,0.46218911918122263
688bef0930fa4ca2,0.04979749649115196
f12ab7292b3843b4,0.020968561048455472
0d3ed0cc13ee400d,0.449248862393364
aa71f79ee87f4e2c,0.6567345701019409
dfceb4427dde4df9,0.08934361869962994
31842cff491b4468,0.024108243532547164
c1d726e379be42d4,0.03567167215643667
cadb76def79b4452,0.06873606430171168
098220ef01934924,0.042828518144306604
1d54878d2add4e1a,0.036264870570822776
776df4a481ef4ef0,0.012358371850941852
b13c65ae608c4c26,0.07197049669580166
f5d217bd881149ef,0.01875065115484275
ad4068f8ac9f4d2f,0.03742649268027574
dbb4711d57394d32,0.08855446071630949
53b531b0229643ac,0.020977602002126068
51f112f066d94c1d,0.3591654306946658
e8cd5bf849c34ca3,0.046920397803451565
d5ec72a18d11402d,0.016228271871731766
7c5567f853404b4b,0.029009402353114964
7d7a34ee16114ca1,0.03720855279225493
05f64e7de6ae4744,0.08671129273148254
5eaa78448dbe4d98,0.4234639491457237
658191963425498b,0.015631478950735418
47612a8b56ae4f52,0.015062847321753725
94b545da647847d8,0.02237265150374023
67e5a76ac9654d1f,0.047923218797832554
a6976eff67604a66,0.015702968849461457
12f8f379695c400c,0.1212365912743544
8cfdd1e9f3a24690,0.042438604900757126
cc2d529cb45f42d3,0.6102260473649652
0eb74903a10f47a3,0.399987362627643
933a5119b759433a,0.053481851459123805
d817e124ad9c4454,0.030027579883251148
bd15e58fc94d4b58,0.027564965103196615
4c1f5ace34da48ab,0.2633162092390246
1ee6556a27b54c35,0.21105208324504265
6845feec561b436e,0.0627897344487923
cee8212c1f7e43b6,0.020230807111648305
00b175e2fecd4c5f,0.03922124995976653
772f073b005249a1,0.008496499147843365
202094f00bb74a81,0.0196812665790756
7158445eb2e9481b,0.011991983265507239
8b6fe755588e45ae,0.03989784601142391
439cc944525942bd,0.05198409124515578
62cf7b170c314182,0.0770537146003049
5fe41db960e74804,0.5503676115393101
967a72aaafc249d2,0.04510300438807367
9466da674b5544eb,0.015291604761309262
01b565725f734290,0.09419077175460032
a99edf8b953f4c56,0.4453904218458183
95946c87691348c1,0.1124898037386001
76db8a02ae7f42e0,0.22195907938647513
a04db82c8af3450e,0.04723258586192704
22ecc058cb114557,0.04082740126754321
a717199e35804923,0.09757600074532123
2903d92c1485494d,0.06007158412319783
6b6ae127f82c4f7e,0.18465037464953013
84f863370dde40c5,0.021328469396611427
cc9993928bc84a1e,0.040792561446747665
87bc3442bdfd47e1,0.015906268965075517
c67d82b745ee4225,0.026368500214176915
89ab8d792ab64b73,0.018215169140871137
9989f701e0c941e9,0.1434148243215098
806212f77be148f6,0.02095609549241688
c0d7202dec29453f,0.006882507792679132
d8d83715735e4a27,0.08010258105969975
276790e179214cab,0.025068105566711175
d7be196c34634868,0.020233146293758084
f80ab2dae39c4afe,0.02178562450657278
b189dba9d632449d,0.014659176171916347
676aeae1f58f474d,0.017895394962134763
ecc7633a3c4843a6,0.3631312508709583
2c60978b32904b3f,0.18288405885365164
22fa70434cc94e66,0.019322181616237326
f23e711a52154577,0.03505663288162778
979cc7750c104934,0.026126811731902018
b2339d4b935c40d2,0.026414103223038443
285aabc283b14aee,0.06165403699269402
0fdaa78f4b3e48dc,0.019564212827772213
ef178ec19ec8412c,0.04491793149907343
837efc05e2284e6a,0.21818749766774462
b11e8781232d4eca,0.04043170591435455
e681157953d54c29,0.20828045152864894
aef96050496b4d23,0.025797686786586754
2c12891415d4405f,0.047267383496266635
6016edc99d3f40ba,0.10383877466178335
48d69ccb0f0743a1,0.01686397236599005
a97dbc63e45f4424,0.022642909472740044
8c018b71381e40f4,0.9315094409421686
29ef8bcdc72448e0,0.01127261568497799
b441af7fdc2c42e9,0.009646405551094129
dce4777d50434851,0.3932510145214883
04ba8e201a0d426e,0.01677566982437253
41fbd42b60ee40f8,0.011928852771119255
3842d21c6f104b2c,0.05426987908854256
c5d08d74454844af,0.05184866575602672
08a6e5cef3104969,0.12550233536937744
c1cce2dfed084d83,0.06224186131490972
cf4e91cb235243bd,0.10520924781115407
4f1d9b122aaa4f00,0.24755673760725302
6dd4e852867d4191,0.015172896887927298
69bf1fae8481417d,0.027483295181344736
6e89006f45434ab9,0.029978624268394094
5e92f50b0af145cd,0.4866404578817477
dbee82bc1f594bca,0.5277488258329278
05a63fc3430d49c4,0.07384530314218844
de1f18926bdd4642,0.026724417141068945
f1dac3923de948d8,0.2192970573071138
0f276924ef734c41,0.20458592928924682
aebb49fb07f046cd,0.05025998665141647
27cafb9007704567,0.10799172040054303
098826ef4f144075,0.129830402491705
60790db303ed4fdc,0.02060914933697975
ee04d8ae96cc4420,0.0180802533235219
4287236dcdc947f7,0.02232543692859435
df62feddb1474836,0.08351232143922546
8a40d5e6e7b54804,0.058002220493102406
57dda6ad05de41c4,0.016747211793571855
3ab9dfc6804c4c39,0.02358176378705887
ccd48dac9d8646e1,0.9315663184911663
0efb11eb661d425f,0.8059919882187984
743339eb10ca47cc,0.15339513060182636
038ac34aa2254e09,0.018510322152914534
27d148072cc84619,0.04525083933409475
2503ac9377584258,0.07426532302478747
51bdd70bcb8647f8,0.03364122131087218
e2205a8c40da4673,0.06006859893216373
14c714b26dc9462d,0.19036280783423715
b7b0575879f04825,0.0726891751593489
20033bab245c43e0,0.03002783271692472
e458988107b04a39,0.024580013949782164
6a3c56feab9b4c52,0.01818798496857894
19a3954cc38e4d23,0.014964412543225811
6a0da1dd922b4633,0.023119387319071785
4c73058161f843ae,0.01358967762670554
ca17440aacfb4c94,0.1417253396923452
2a14c2ccf51147e6,0.9401569250946725
8032e37e8792449c,0.023878941318404175
dc8109ccd1a341e3,0.05414326214949834
77841399e67f429c,0.022541669675025446
434c41187aa24efd,0.016007166120682446
07adac095bd64541,0.013352471231668434
7314e097b0e7493b,0.05630687041970196
421965d1e97245b9,0.08272740475070392
99acfe453990437e,0.043670642191350625
646de9d3096e4921,0.017883526237963705
9d1fccd7c6454740,0.058897793868782924
f299fb23f1784916,0.009004354562464185
4905038ba7854e80,0.052626215004736764
5a514a50040c49d3,0.04044604539198813
78233bced87b470c,0.845176636146
36a057511b4a4081,0.024581767121023196
b4462ea6ea0c4c4f,0.0772995592154943
2b7bc6a0e4db4c91,0.35265549890141484
a4b8b45390ee4e2d,0.03832890983028052
bfa32a1567f54a36,0.01170180820673843
8c6814a9cd074217,0.03810092706324961
fe2469c637894c6e,0.055604700663476114
f02dc7f08deb4d46,0.02132136477799839
509400f5a45d46e7,0.6823604217480362
9ae22978ad104e8a,0.027854808426400136
a46839957a5f4a16,0.6242251308299936
264ca2e34e9246e4,0.05813728764935847
788a5183bff04efe,0.067607720731686
8719c84415fe45b1,0.027309253850885985
35c18691986f4df9,0.09062917836757506
a7722727d1344998,0.059855776754845366
570a0f9e709947b6,0.022202294658549306
16a7a11fe8e74f14,0.1803454682553854
537b24e3f8b04ac5,0.06279021552701052
725becd5652041e2,0.05515154217897504
9cd9f2267fad457f,0.42085762418650174
723fc495b27247f9,0.03992846285555478
1012293ec892452e,0.01848179337246791
c9693ed52d9e456f,0.013881817743789845
07f3a2325d7649e4,0.024584669546443266
da76b07531d34b7c,0.03175312136872646
da3512e0b5104924,0.16193066380230695
3bfb6cc4020040ea,0.053189459199215215
62b8fe08d6884685,0.035243893048202295
f3080e1d4a1a4a5f,0.1357205503293611
750f6371db334a64,0.0279247585414893
6dc5ffe4c67042e8,0.09244251596995556
d88e2d5005824580,0.051480961534273006
df6c060feeaf487d,0.026541657466383983
cae00e6a4d704df7,0.04076898582216297
f4ade9597c0d4901,0.01869893989237586
94cfb3af025445f7,0.015986160498960234
9b66e75bbf874202,0.02895433688405581
9affbdb07cec48d5,0.021644170729264462
04c5cbe747844241,0.11608983029515756
52eff8ad516d49ce,0.0492559578017121
8627453dc7ab4eb8,0.221113456000591
12878ded036744c4,0.03565531244992538
645a7b520a5c4e63,0.032043144395897796
423f34cae9b74d5d,0.015758500512877797
19fbe37a54384b8e,0.010298402209364812
eb804c71ed55476c,0.15643347109279263
7c9e165eeadd4071,0.025534407308295724
5ea876142c5a4d70,0.025101303967689153
0d3cfe78c29e4c3a,0.0719118249733897
4b763dde93654d5f,0.025445106633201868
7f9e58d48c8749ed,0.042157810102248484
12cfc677dc354069,0.0330898821245816
d439363454be4ccd,0.047186299520591085
44b44a96861644ae,0.08853065751337602
8.68E+43,0.013047257404678325
2e6721aec33e4bd0,0.025327266450581077
b77c04dd8b7e4087,0.04783470352422557
f266cfa2b68943e3,0.6399560669450536
ea98cf3bd164403f,0.1588725777041769
8d2467836d95417d,0.11793407613170086
aec89b4f18ac4835,0.024731498023684947
93ee8aef3c9b43f8,0.04572002851329829
7bfeff31cd8348e5,0.0595527374909824
b3231bc2356d4551,0.011751073643792269
01e067bee1fe4755,0.027419556340722427
5ebaaf316b214b3a,0.41861570693035965
e6c708ea050047aa,0.8383377239588897
471c53cfc0c34cea,0.1069742164864949
d20e64bd480c43bf,0.12620305534400816
d0be9310d9894981,0.01332863004155333
22bed567d4ef43ef,0.01670110262458241
37a3cfd5027f4099,0.062356933401233626
184e7068a8bc4c6b,0.05343841033497239
27fcf5eefdd34b7f,0.02674198983514047
0ffa0260e5504b85,0.28223338974352075
606d68c9727e4527,0.027779759896323898
c88b3d8428b04f14,0.03091675308874159
92ed47736f5d424d,0.0908348089843208
2708ad409e374e33,0.030959441766007352
525cd9098a7c457a,0.03241118512962938
588974a41c2a4c65,0.032660873951602956
eaa58a3fe9b1494d,0.021438500877787422
1b03db86c12e4437,0.08009105794833452
2cef87623dec4c68,0.12915220812661352
7330ee75851d43b2,0.018573823398908534
8e637431fe3b4a74,0.03241666278541812
4c5d37cbd4b843c7,0.02066793736301864
8641035a6d544a37,0.07963167235199395
1a173934a7bc42be,0.012368879142922683
9953b1f64b0c4280,0.032239590516475285
efe0056b94a74c85,0.19935010560306618
f6fc08f5b4e14138,0.08292675223574562
6a43860847764fed,0.08160943850678282
c80708ca6ce14a6c,0.1393549930262911
4083ae17dc8c45c8,0.013004536568604919
620ab648c7b24e79,0.09287350788931148
845af96d78d34f2f,0.04528399686184338
8afeed5b71074701,0.05309668429528576
208a6a237d714666,0.11413246199070637
267a9a5077fd40eb,0.03932294067865062
1e47aad6c8484586,0.030839766422556213
d4c21994b7714d28,0.0255309281834878
3b3023d0cdf04a12,0.07649352027649757
321dfd17f93144ba,0.018599339574431793
3974ab2c4f2f4f42,0.03391087264846233
ecba8e2ba5f546d3,0.030921884434061353
c3fde5ba41c84c83,0.01046269072302463
1a4810670e1b4767,0.057611478980160946
00ae3371895c4421,0.13689619382439883
d1aac716fc6646a6,0.09854882254786845
04b9c46c26714d7a,0.010938847839621213
4117fa3007864aff,0.04623479541597877
80ebf2bea484454c,0.011200457284225843
85234f54900e4e61,0.05505710252680468
e5ec86a0689848e9,0.2326538182466654
f5012bcecdf24dd6,0.045406400806523896
e18d1ddceff24113,0.015268717648587482
e2b0dd497d624721,0.015193680794029097
883a8e8783f24729,0.047674901462432105
98c3413577344f6c,0.3537217137258749
29f873e8cfa04821,0.023186495149749894
abdffb1a39144e67,0.05230521304898607
e98d5818fcac4d5e,0.038931416300801845
cc938b6348b74d86,0.032620880855141685
bb986919b1d145bb,0.07561161231891533
e09239529eeb4453,0.027883634775870282
d0aee39879b74183,0.05431136448043842
1af336c78ab84a69,0.4773712869372108
806374dd842a4f2e,0.025213110257104137
375643dadbb44101,0.02122614343718115
85446f91ff014ebc,0.04471196125237462
00295142d4654a43,0.01157896621036372
4179ca796e2f4daa,0.5731558789437655
dd4293c66e594a96,0.04200606723598309
51520633fb2d49d0,0.008270404868326597
248a3a18655d4417,0.2632956308599201
dcc280c7a7d54a20,0.021038838482658376
782aed9c54e8442d,0.017805752411946076
5622191a8eaf452b,0.9081548503394175
e756bdd3ae4f4ce2,0.22013815837294876
abaac8cedb5e4a69,0.03157496690205102
a060cc8921684fc3,0.07285315274087494
8881305994f646fa,0.05379530893011318
21693eee8c0f4959,0.13339858080689176
0822d8ff30364275,0.1655383857845684
416ca6b87ae14974,0.32996804095490767
37247243d8b74931,0.08750144404466097
15821c3a97da42ec,0.1088582027049951
e2335e4167c84a6c,0.03640515014197561
eb7fcf5a7fbe465b,0.5827513148584329
ed15459bb79246a7,0.05549786616778677
d9aad45ee38949fd,0.03661375681280743
19d6f2b1d5e542b6,0.0274068541175659
d7a9c72b96204cd9,0.021436540920520917
681cac0b8c4d407c,0.8654259109074157
a9748ee5eb144c9a,0.39438367479174563
9b776ffc1b744bb2,0.010057838637557848
c8937be618c94b72,0.2001092619192964
0793eb05252746eb,0.08321093258231671
2f33983b2c304358,0.023110756717763626
ea0c39789d014145,0.029112662796772687
b4ee6427ad5743d7,0.11829197610601767
dd02ffb783314878,0.06962658946551974
6655fea8477643b3,0.10594337814043223
28049b266f3b4399,0.08609737344790698
6c426cb115e646eb,0.07122154909582482
00e85f321fad4066,0.020368222385759586
6f3b01714fdb4954,0.3477121145618246
c1b4e2744b28430c,0.07720270293451158
ee29c41fdad64d82,0.0579379413555981
60b6de3398ec488d,0.017453940898941846
5894f0afa5114697,0.17493886125845787
ec60f563da854ca4,0.03540545011905554
9d90302df9884f26,0.07776897176675227
a687b8769ef145d2,0.05993156484887119
f788333c2a534242,0.2645199160373924
78e3db4525e3482d,0.09589222680041867
df0d8982a9704042,0.03854973996174142
b6e76daf62ce4628,0.013461318754454821
36d772a74618486d,0.012880515971341055
8ea8897a926e45b2,0.03549816458580624
4f9ffd673db84951,0.041934070664800704
863df638e6a0495c,0.2846879726215821
4f4c6e935c5e43a5,0.06306890396755147
4fff838afadb4a61,0.013849738160601675
ca269cd159084a51,0.018880539326815767
242a72c6c0dc44d3,0.0926142795711237
59e9fcaf0dee4319,0.11198495954714897
26e3e7b63daf4725,0.07310733215391736
2eed4a8ac63d407d,0.13504715991533872
ff0ef3701ecf4e87,0.21399672577635012
be1b170cf693428f,0.7762752338399582
dceeb421a7324b0d,0.021334998459819725
a606042968db47a7,0.020821970268874758
2a3f44a612a545c9,0.014950293107287276
1dfac3f93d1d4dff,0.36152036690918443
a3b0231eb1ce43cc,0.11952726468073374
5568a8ea69d54111,0.05497774675198682
ed0d87e8fd33461d,0.05075425118488356
dccd369ac7d64baf,0.10608766027049113
429fc2d7fc894f32,0.01820281791543734
a0322560971149f3,0.05709587803459256
e3de8266f3604d61,0.05571988191593734
c661cfdddbcf4ae7,0.05577349094189817
0564f8c83a0241b1,0.05700551626976591
22a426c01a5f494d,0.009417619836622013
9a0fac49f251442c,0.01707813866368775
78717b1b61624695,0.019493282552212655
0e9d839ec8774d44,0.04748454908456573
5a20ab5ad5604d48,0.03586686368251819
10648c0b853b4206,0.03478453956079481
5df954aede0c4428,0.06496665209909577
2a979bc633b84a0d,0.2873377901625146
9fc7e3f3cf504a5f,0.15551591919126923
d8e19d6e4f774218,0.022474302741751308
6fe9087b884b4579,0.022936772947861693
12ebc125126d4dfc,0.7142742196600887
ee558b952551499b,0.8031654068312314
e972f87009b846a4,0.1514199661262164
0e0bacb4715644f9,0.20867857569974985
16f357a16a924519,0.03169926441900828
2d97eb6d737c485a,0.05069484780857697
508668deedbb459a,0.04953099370768016
a96532f0fb134755,0.05292522670747731
f701f4c0bf324c7d,0.9367073539233293
3a4220c9cc9645b4,0.1283222563581641
aeb6664ad39246eb,0.02231118103395823
66455e3e98274f61,0.15296693935754963
a0fca86a7d194fcf,0.05959146921926868
e4f6576c554844b2,0.05863383671536804
36bfdb512d094e4d,0.0507016626894171
f3bad77b2bec409f,0.02157133133195706
bb98fcff05784b02,0.7709437854801852
0b9189c3ed1a4a56,0.13256461176881346
e5bc6f1376bd4cd2,0.16597852867410876
03d8477697604193,0.016448531683750166
4b91b93f76df4c43,0.02184023924279028
2b68c5c6221342d8,0.03750560659759781
c17b32a6acb44fab,0.02368284876799438
d778943a4dda479c,0.02059010367256546
776239e037cf4941,0.009468617558285465
c56a5af182b74cfa,0.014708290983847372
fac0776dc5514d98,0.0334774113008414
4e21f70b3b39493f,0.3945164224768159
b1e36a20a45d4750,0.9479482777617193
668e7ec23b42447e,0.050719188315909505
da7d3d7392e3461e,0.05619692245392065
f6c044a99f2a490c,0.03744305255557776
af36c1db7f5a4768,0.10530876028017513
3f990959a1ae4f47,0.02304974055863876
a70a22e18a64445f,0.027954289556729205
3f10090d67e94de7,0.02710594562137395
a13e4e43fe0045b9,0.012492743057886321
a717afafc99a48f9,0.040272548212060125
8894d23f0da6421f,0.17598514760049327
153cc3b3edd741cb,0.0266356111509713
fc495311a85e455d,0.07331981081116867
c7cfaf34cfbe4e17,0.018680870405988766
3b6f09b0ca7c4ff1,0.0867306792978814
e2897cd9fbec47ae,0.04264451627391947
0e3d8b83d5ea4158,0.017523247135778873
c7a503f28a0a41fc,0.016074136319123133
0a350583146b46a2,0.013417785271223087
ae5f88dd522f4e2d,0.011804331754390298
97d0e6a172954bc3,0.01347519238783602
9529d97597824763,0.025456850453027213
11a97fe952994d84,0.016415623224928816
66d19dd936a54589,0.025754350805541636
b7d94bdde86a4ec4,0.02254930156434409
8d4bcac527a74eaa,0.09937763301074948
89ad2aebf01f475b,0.3239048145160234
685cbe5cb35f4ddd,0.03416811943637565
c8e331e12aed463d,0.9276955373012303
cd17098b2ed64af4,0.08988352696824232
b672dd77f4f14f18,0.008525190320905018
188b939adc454ef7,0.024370885793798196
3a3ff02f88ac420b,0.24151741795956322
d1fae5cdc9d84114,0.5311295781827663
c7ce139b93054e0c,0.0264534854015409
d1025054ea49403a,0.07652945772499761
f8ab835929894079,0.0358191455452346
92c21417b3e249b5,0.9168847528211556
e16b0a40ecc6484d,0.03555646628716047
e070fca4b9ea499b,0.009501767009155906
111da4c67bfe4ab4,0.038254982264029645
40fa7a6927134076,0.07874583368607413
8e65735055b34857,0.028167185398656043
8ee8efa8bfce44ce,0.6274616194705278
a906d8eeb7064b54,0.06859071007549332
27638c5b205741cc,0.00847462740431679
d2ada997f2c74e3d,0.020477765158978027
567e52cc2ce044fa,0.09322441445731577
f463bf93672e4657,0.05078646530786709
79b19d5406754489,0.020128655422372126
bf6c6b141e33418d,0.045296451633405184
44150620a80a4b8b,0.03669154184017044
86719c33bfbe4689,0.039800184466327215
d5825dd770db407b,0.06001289022021479
48e4318a7a7d4ba5,0.02857354846595183
a2b5cc33727341b5,0.030328683406687252
58e80496ec4b4356,0.7710852752707303
952cc32e2ac5456c,0.012426498841659311
0b94418b23ac493c,0.5855611195890063
9ff5e27c27794692,0.09197720296272598
811a2671a6504ef7,0.04304613572591372
385f07aed5b94e2e,0.050825282531587246
3adbd276561f4040,0.04943794743132847
8667851c37004ce6,0.012558356482457938
1103bfbe6bf842a3,0.010492052644227597
8a31ec5cbe8647cd,0.01444130672772868
ad2541628ba34324,0.015610249764544282
2530d70eafe84a72,0.02720045897775506
895da8e846e34742,0.15276014295940973
920898161c6c458d,0.03968618697886346
b10b38f7e797428b,0.025321788277003952
e08c8b8ed9d749b7,0.09101545504446244
9b7ad327accc4f2e,0.11184558586267083
f65a37e6e7fe4417,0.014955514633907268
8272509717f447a4,0.13514620773508731
3f01bf3036634998,0.9023429022289614
7313e7eaf3474676,0.7211887860416338
22cb8b6543964cd7,0.07188450802515031
ad95c6506a434f49,0.05729466973984078
92b0fc4fdab046e4,0.0379817575374589
113979154f6d48d6,0.06825935096543585
be9ab441cb584ff0,0.12489165084278982
9d11bf593bfb40e2,0.2197288241987994
1eeb9cf31b874b2e,0.6583462192442491
9d3e64824adb443c,0.09835966158588946
49de1fb6ba08442a,0.8699699131193854
d238a41844ee492c,0.027947514926669536
e50b268670544b4a,0.008120134841480633
439e961fd4a0473d,0.02569982280491951
9cdf3e0423fa491a,0.07185316536494121
b009294df519447b,0.07864508691476102
b4ba4ecd13284bd4,0.1449437015928267
af585bc54048431c,0.2963846299388918
e19316363d7a4f27,0.05038587941301352
310a8e4b91dd4723,0.02314904634423391
219fb2bd2c7c4857,0.030267566234622633
cc2d46e557f94992,0.03456194977321227
67953e9c1f0a4218,0.10365942069345173
55864e4f2c574124,0.4637475152137352
be3a2f0f887048e3,0.33296327889674077
9ca04673b3044493,0.010147333000220053
8bd5a01dce844410,0.02406671072540627
071a56b57c17461b,0.07891155391062439
20aff1dff7b34e7a,0.0252608538642496
87722f38ffb8480d,0.08981478133852457
21b05d8c331d4966,0.2813779216173268
8537d453561c4271,0.011860722028067112
c3882afa79094d4f,0.055535022361858935
8f75164223804ab7,0.9607456417723563
937d1eed1bd943f8,0.7282667141264323
838936e0167f4c45,0.023025277039808705
52bf6296b2db400c,0.03448362470946121
7c18003b545d42b2,0.19691734596027333
b12900bf639c4326,0.13031643958964165
908c46dac079463a,0.00927016323239983
9eebfc304a4d4e57,0.06852248575332141
aa16196174a74137,0.1252014095611087
9c21972a36f3409d,0.018290126552422077
a88bf00533b1447d,0.9122537129496842
3360b7381a6b4b19,0.046410166923527355
b8d7d80e3eca48b3,0.038278084429710445
41719e36537f4584,0.04676742322761067
ffc75941d3624359,0.011933475453232272
2452010249af4898,0.01629863905793924
27cd1f1d2dbc4c42,0.06281296521549569
a16f1c217a494598,0.03179920698667792
b43b492bda6a4426,0.630308424298709
acd468c90ca146b8,0.030204486840305363
8c7bed5095f34fab,0.16255194469457482
e801b5a3f7334e14,0.023991277448119783
97a47908951c4539,0.04872701102895393
fc9e2f39def94dd6,0.018230609303967606
bfa1f82f6b3341a6,0.035496578677602475
9470aa3e81ce4c4d,0.06875037629700262
6aeac88b222f476f,0.051061092966174726
26e638e765e74a55,0.008946706639136277
2484eb462a214eb4,0.12693506624969406
63cdd8899c554105,0.33718407223538077
988b8ed52f4749b7,0.29151148256007603
d4b786988a0a4ca4,0.09350145079184966
7837a89fbfb24c21,0.47708897520647786
7c1c56a3a3a54d07,0.022219295358486924
0546fb68cf2141b6,0.29304266654273015
6ffff50bbe1c44d9,0.09775625839739992
f4e05819c91640e5,0.12158985933938678
c09ff5ef26ae4e6d,0.013618817001488101
60052b561ccd4dd5,0.055525128420615896
cb542e99b7854e8e,0.14542684885282484
c9b3229bb02140ee,0.38384767463153413
1600a541c11a4af1,0.07185676114562126
6d561138e5974782,0.02042594760761312
b2fb7fc33fba43f9,0.3618304588560573
1eb497e9edc1416b,0.01100554867281621
c76188d400fd47da,0.04515132236177139
f2edbeed970d45c9,0.0179775880592035
90e596610f154646,0.09318805387135132
390d8897d47f46b0,0.3730388802107057
71e9c97b0b97496e,0.5617440633496689
253809404c694bea,0.012142379869117639
ec4c8d55127544d4,0.045186185400839095
b7c2c56884594f7a,0.03369828014816571
9ac3b86309aa40ae,0.23344587757932125
998c4104e4f04479,0.2397729918931641
7caaee9fb5b34a1d,0.03918958061091411
40bb98943b06466e,0.02642116874758229
3f0c34c075ce4d78,0.012934082617179102
af5a86979c98401e,0.07007629320587869
63eba8196c424661,0.02596132985286902
9b46f4b336b547a6,0.020257977534402484
da71e42cee584eba,0.06218784112135325
04fe31e0c3314b04,0.7675114812053546
0c764018edd745e9,0.06709991480134068
2881a43324b443d8,0.02893402998766899
78e5bcf591dc4761,0.17246434230145108
b01345ae67cb461a,0.23349851193573476
c28d3862b21646af,0.010600630846243856
0689b1225c3048da,0.10111585697971189
c73d6869076a4b9a,0.039331617968407194
0f9ad917906a4b91,0.06634359421644324
ffea9bd5eb96442b,0.022384304274286008
59564f89e112453b,0.822597553840275
ed3892d43ad4469a,0.01058257625607113
33219baeee334bec,0.04614255691814566
a56feb1f95e04d2c,0.8845194108892253
d548ad7d812d4f55,0.3252336815915399
3a1a71f0fea84a40,0.09430018571885168
d9f4f372da4a426a,0.5861928804510789
7f18a60c6529499c,0.09625592502915106
1eb89d2d763f4f2a,0.02490956872855814
787ce0968edb49bd,0.02633065682529705
59f45ac541d24184,0.7990058512197719
d58cee3994f5402d,0.5221932871084106
d9c7f27725db4eb0,0.06763018735829492
4dcd88504e0744c6,0.05459037736474557
2d712161e9c642db,0.02328994011893609
c69cfa3086be4f54,0.017544799009123063
e9be6d65085c4631,0.027197445427801198
072b6725bfe4479d,0.0789478764622694
6376a0b96ab14e09,0.03583919418044933
fd9684a95ef84211,0.019924813642982635
335d4d45b50a477e,0.48389715392527394
257e881ffbed4ec1,0.055431307452301314
733c72cbf1594376,0.010919038175250683
d4ca78f557634954,0.020471911577846752
0a6391dfb81e41db,0.023569732473221243
d42c16555e744215,0.022880123255396068
2254e8d059f445ec,0.018815078980460788
411533cd1e764536,0.012873522392955037
418a72c9bbfc4267,0.049603481123014895
b771973f1dd2459c,0.022225294902376645
e45ef0fde8cc4631,0.3302321148946128
0290f7cfe6194c55,0.011649089058015663
e3b6a834d3084566,0.02270884299330948
ab855f421e244136,0.03308596691569763
df2c6d39b6f14b35,0.7353686707801994
87b0e0acd48d4ce9,0.02657401043524016
523a9f7c5bfe42e0,0.06692348746658552
34f33bf4eaf24ce2,0.020362261678664405
ad372ee9fa7d4700,0.04709287811304856
e4a5812fbc4644d4,0.5951193658530314
ff5a602a705b4057,0.03610336281409337
f2e52e84274d4fdf,0.01706392673928083
7adb5804a80a442c,0.031900621409025505
a84faa6517ae4220,0.06031623147268124
765f0dbbf5af42a2,0.05531954782222046
bc71f74b1e574579,0.07690972035310029
c597ea7e30474917,0.060469470223300334
3f68e9b9c9f44217,0.43254332717143906
8ef960bfccb2469d,0.008584579443095083
68361b03d94c4260,0.1217375661797158
6f4acb7660204ccb,0.02674523099962004
79875c0289824fe9,0.033309073634744196
aab0ed82a25146e1,0.022549567358937008
2669bb5c3e1a41b3,0.09498525522609202
7202f04018494a35,0.05439787065538001
d8adc51150154d97,0.06523901989186526
b612a69127154129,0.03175818968912055
976e90d975ae4890,0.03453559638877434
0e2ab3dc6dcc4cd5,0.013436558713518773
8487c0a44959422b,0.01934357947960715
86f2276dd4f148f8,0.05580157807127791
6c12d62e01a449bf,0.01206940985600593
0b623ab5ed1c47cb,0.016755546742011122
56335679f33b48a8,0.022618601631552923
c6eb28074a454809,0.017485342639987543
66fe6df8b0b044da,0.028503017890017208
19cc9d8866b8402a,0.016246386566618514
f9dde4d59ac142c2,0.7261625898260011
2d3a82607f264f74,0.04415986321794929
dccb2679bdb64287,0.013611224393011562
14fbb3ce3a204b73,0.0354569455294883
794ae04b2e0e4520,0.04526743318085555
05195e23b5294a71,0.028122109100812136
9c3e77a60c3d4a85,0.026256147545564833
ed559799f696457a,0.019409314181397512
6fed0995a8fb4c28,0.015797093995181512
e210d04923f8411f,0.07610421216533916
6811fb1455da4527,0.06565115370210964
aee48506c37a4bf8,0.07747864644126014
da396162c0d244f4,0.07020609227205073
c5d85c826f9a4d36,0.3463768041906677
222fd3394a56496b,0.6214614555586871
7647dba832734082,0.04920053523049025
90c0071af5744ced,0.08135095826569719
0e5a75e43422400d,0.04098763691278314
c8c1d2a7c55e49d5,0.012788189276101605
96999bfebce743fa,0.04374163717078017
d2a284c067374f9d,0.3218055186504877
05a7e9d614924b39,0.015783771027544715
357886e5a0e64e63,0.031049948434400294
e5dc88cfb5e142b2,0.019370774612187325
31ce6cddb870476a,0.5704740056571472
f0044ac4eb474b0e,0.04323427139651674
67136f5d5ffa488f,0.020133293920798656
43e6d256f38b4611,0.023886141517832304
5cfd4d202e3d4833,0.01047814577174712
5bb19245b6bf429e,0.047456160497377595
875b6c6f4d824317,0.015778035585803624
4e27f3ddaa0d4e61,0.19228177075911515
334e29cdfa02493b,0.05333232903849905
db29bfeb84ec489c,0.13452108450130618
c5e4d7df9d8c416f,0.06020417046278086
418ff02282934d0f,0.33309905652817673
8b167f4bdea24150,0.019270158246135233
1057e5184fa34f80,0.05221297554365377
88248b891ef94dcc,0.034295394070597784
ff848d13642146ca,0.427480779372555
1e57301901b741d8,0.573612900640877
88d42935f8ad49bc,0.43171296146568683
0a1d64968408479a,0.040113129156516894
6de9e5b6454b4aec,0.030914456156534355
a72eee995e1f4c0b,0.015213603828962714
38f3df31925043bf,0.02046585766033741
db9b96a05bdb4734,0.013469116057391189
21249ad48a0a4579,0.10110754760297078
66542577cd7245d2,0.023126946896326994
c54fa7e8c8854204,0.30056246635438233
db21e1c06fa14ae0,0.1641587282902472
2539d43d14c449e6,0.06184097895024905
f3a7d46fb3644aa9,0.0391567258873466
a8d8e933cbdc47be,0.13770482406888473
3893706ad7784872,0.028367854144143057
24d771c17b614854,0.08650542560763388
d31d47f5a3d042ed,0.04691952053721831
2a6be3df25554f7e,0.204665999914873
f6936e2fff24475c,0.013273667373807169
951b2016d5864ca2,0.10926007088607134
39c49175ac0c4d68,0.08918720209091176
014d8827e1d145f2,0.015929053477406786
e88f6e6f9a2840ef,0.07393632759756048
9d01fc643bf947bd,0.049234051633169754
4387ef4c18ee48d4,0.0562107281183286
663025a0baf744c6,0.03762844793284016
0de0e721ec2b4c59,0.042022012965274316
d5ac01b9d6484e1b,0.02186811658163589
15565c31aa7a4ea4,0.04223577357311739
0e69db7858a14b41,0.043954162238445525
0b310eaaedec46f0,0.012639778031369564
9ca004790bf94ed9,0.03762124911117763
7e00dcfb5fb04a7e,0.08996161619425372
0516320266334fd0,0.03717906519637331
6de186fb53f34454,0.1093252166678462
ca461fafa50c47fa,0.019011051218688586
bf6c9aabbc8b40e1,0.047854028413345476
fd64f29a895e458b,0.0888163640118011
e58e3a4b1ee2476e,0.02862018656774574
fe0620f7d0424e19,0.016367949169035452
12b9b25813d542c6,0.008904406635167937
ef689bed9d1d46b7,0.03337883334540638
845729a393a14245,0.014592645389349118
54a06d153afa4927,0.9058515433076831
85876e7ea85e4af7,0.017422542782526054
88b208a530334155,0.1114877480772174
7d9ce4d6b6ae470d,0.019331093193838276
fae986eba7154c8b,0.03426350141606033
9d730841ba5c440b,0.04158497973250903
97c35160249f46e9,0.0970560139071982
f533f42c70934a3c,0.0415620514710073
859a5bb153444794,0.6000606337165638
50c3eff96ada4bc2,0.09080900453690399
8fb1ba10899548a8,0.021511706836521573
308a9bc1428043c0,0.02368851915809786
84a472bda3b844f8,0.01862038892313133
179164099e2e4b12,0.07194959527522711
8f9e84fed505402a,0.030491792352237913
e5dab00eb8a44b57,0.03293525109741617
1d5bcb1ff6eb4db3,0.03775682797602566
ed0f2b5d08ed4f58,0.08901439415287668
5c65b728810f47cc,0.010549885748849614
ade292ff26f84995,0.049255932365050575
f74e16eab9334d0f,0.030396429051538543
05ead34378bb4ad2,0.09983590782849965
35ca20a775ad4024,0.03833426151892576
181c3f7ce3b94017,0.05648798252883889
8ea15d0525a548b3,0.023736692171910042
8bac3b3de3604105,0.048586043305167206
2f042c20d32e456e,0.8760805715244377
af2fe3c49831432b,0.4810524331010453
8f2f662b27ad48f0,0.0264977098654847
99352300c7874f60,0.023644551257686167
ba55bb621dad4434,0.04820446917299329
e6eac38ca65e4a96,0.0245874096134114
5a879f5f59f14bf6,0.024520898935274968
90efcc2985bc4581,0.06826517981414124
6a91f8aafdf142fb,0.2560944620991557
1d580db7cf0d489a,0.11741010798309966
fa516f77aded4b47,0.05694219106919496
dbf92145a8dc4af2,0.23700689938395403
86902e7f44e64aa2,0.05879372496197645
e4968de5677d4768,0.1586920839179427
1d2ca95f30ff418c,0.31027452863364086
f53a86e2630a4ee6,0.017284742583678698
26eb5894c73644cf,0.03717495981789979
8ee4686a0b114563,0.05287026195972218
006d000767c94951,0.6433744212106103
0996d57f98774a9c,0.8983891746922632
eb1a51867ca3474d,0.1832415301666312
39e3bc042eda4c4c,0.11353684377825568
5254766de88140cd,0.11846130655344014
dcf173acd290421f,0.018922408056653527
341b0f1718cb4a7e,0.09116570101001915
54599ef06d8641ed,0.026387163104279916
ddaa33fdffb54bdb,0.27488834064949474
f5af009b2f554691,0.07195283251149466
fdfcbf77963d4667,0.0243251408339018
43515ed33f3d42e9,0.8964901317458145
e48114545f114ee7,0.14225812787453043
4dc94b68ff4549cb,0.02943786042842843
0e603dad6f484f21,0.021692915842324155
4ab0a24f741c401c,0.3375379057291174
7880499e570f4679,0.39560133232716943
f645b2b690444249,0.19589075814359172
b393e6431d3943cc,0.06321859908073066
6d4406dc156e40bb,0.06943481562262861
bb6cd2ed762c409a,0.05082509408295673
5e15e457926f4b52,0.04510777600077879
e4e1132ed12041ed,0.02497479042270817
d22bf28e7dd041c6,0.03540733070968354
a9ff642269c04f52,0.03745588423914635
a70089be44de43ec,0.04496357933713598
c2ba6a38ffa64e06,0.050073415282975965
b50587d5b6fb4a83,0.9138352096744521
6603a69dacf04c83,0.06359734482363257
494bd8a1fc404eca,0.01571937513378805
e63f8386934d4466,0.041748875493428095
4e836658eaf445da,0.010845952125314667
cc204aaeab094330,0.025690488083634243
fd74fe4ffe784a2a,0.01223945889426278
3ca6ce134b21431f,0.030959461315861518
952d89462de348aa,0.012820845475484574
31c9b1757b49487f,0.007754807354057351
076d323d29d44ea6,0.037726290855110985
78790019c6d64c14,0.04332683503948019
9a8925c8078c46d7,0.028062864628294992
7f1f756b2aed468a,0.6660630754340267
8bebb64a71bb4195,0.9398283892785149
ae27baea5923445a,0.30069989212476095
7aceb10bc78a4ed6,0.018532739535719617
c3229fdf19f7477b,0.04170602399908497
fd7c1974bf4547b5,0.030485075399973187
a407a62791a944d2,0.014481274350874731
2199d2e6bbd343ce,0.49924505702093774
2720b88d1ab244b1,0.017451233808179846
e84471fc082349c5,0.03525406512663061
728d961507194828,0.10199873973338573
d43ad7919fbf4914,0.03157912861143705
98c5f88c3ae64e91,0.041465686256392985
9ec8854f54074f6b,0.2182426255940198
d6bea9dab9f24119,0.19538385993692406
239d1e6c954042ad,0.06667212255913149
c1f166167be147f1,0.01959899889224992
07875eeb84844bf6,0.05800475784443589
0e000b7c9e0f4ec8,0.11712028566841773
56bc7cc0ad954d7d,0.040529780548816216
c289113b7ecd4042,0.02594193924585354
75c159b229df4c9c,0.7920950681958012
fc3cc37f556948ea,0.00817414127560821
aabedcea176f4302,0.28604821021067484
c7a09785fb4f4a9d,0.02329977887548173
d57923bdd6cd467a,0.21126853018201247
6c884302a641423a,0.7450801244549632
06bb09359e2449a8,0.45910734316744095
1d1796efac8040e7,0.014515830446501149
e5eb9e934ad64b38,0.2324186588026344
acc6bac9d8db42df,0.010575645039201165
174057d6937d474b,0.04042418535224223
bc339a42ec4443ec,0.40690368145787276
87ae3c684fea4a11,0.10441391134888771
604fc8b6910c47b6,0.044172240955356115
1d0e3625e89b44cf,0.04056656358574546
33b11ebdedbd43ef,0.012528749930547426
b722b9b021c14646,0.05386188743354644
96c1a5ddb84c44c9,0.052692223051476014
a2c32e631ab546ce,0.9170505255959153
1038c0f930a248f6,0.12183520759340687
713e08f05259476c,0.4293123653715144
d02daafd39d349a8,0.5158563962811955
9bca453936404301,0.013238876723353415
d31499c986564cc9,0.015595983175722592
953fd497f83d4e2b,0.17362742709104245
a4d7acc7d5814f36,0.0943021343481252
8443e98a30bc4893,0.019697502983558452
a034c43331a941c1,0.12153697091602234
1a4383932b564e4c,0.8454390225429206
6c5447ca7cf34615,0.03876384740305687
d2d00bb584624ace,0.04128653015123167
51ada0f8784f4b9e,0.05197917734195018
ee130dec4dab4ec7,0.021315946048703894
d37ff92e1199417c,0.022747287362828418
f54f599ab2174d2c,0.06339675958446571
f7c1ef988ace4e24,0.019969786572305536
31b1a45c6da845c6,0.018279040403891646
53a086fe767d4d5c,0.10070463309739719
311b761985334bf7,0.9330129759289173
a709406346464248,0.023140190873004358
b5fbbb4854ba4812,0.01415471345090256
929c665680534684,0.0846522776347629
3d1bff497a7249b9,0.07825387335960877
8078699e7c3e4bc0,0.021853600312839987
69b01fa0a0db49cb,0.01964251218863195
8eefb7dacdde4374,0.012866184523510519
c0e7e4048bd3482c,0.15937812047619807
4cad917401a044c9,0.039166966711520715
c46fad99b64246db,0.06362055820785453
48c0a82f501c424c,0.030829711641631785
e3a6036de81d4f1f,0.059247259865341385
9ebc555072fa4a03,0.04139176301768238
eb2b61f1e5004635,0.06883977121115484
ffeaba3be0274a39,0.04638994765462537
5498499fbb4f4d97,0.015427255423524874
494abf1d8ceb496f,0.014848372139514029
4a009bfe498942d1,0.0412079327933503
a82ee1d1f5144733,0.509500345349504
edc2f6b3214c4f35,0.8801159530017006
2519f3644a744dfb,0.11425764791447539
60b0922f36b249f8,0.6221160766123994
a0593cba4f0e432e,0.16143923114368655
9a6f16bd9d2f4840,0.08432458635504297
c820d0edc46e4ded,0.010876384662621837
d6175182bf8d4ef5,0.03901676766180675
3d6df779d1fc4278,0.04480939556691375
e8c3af1171ec4b3c,0.10727096195348065
8935f5770fee4838,0.032681233130241266
a7ce72792e7a47a5,0.0741337681203522
c2d1f679d515435e,0.024953543518760606
7fc3703708094596,0.024552193767730223
f77f457e947d4bb9,0.4505528604488216
f990198c56ba4b64,0.09935545989322422
f6295134be2e407e,0.018761914108504026
4e2f441da77b448b,0.03534879086451479
a49ed110475048cc,0.10887634725285875
df8ec8a5cdb941e4,0.05506091985364549
ffc5521862f54aaf,0.015993896018374622
0a2fba403aa34541,0.6117078170010071
d2de259d6fa94028,0.010601135997593767
702515f4b9be4cca,0.6821018743583048
3443fded63804c8e,0.02364846362959222
00e3e3bf6b844ee5,0.0814103989413778
dab9316777b34e08,0.04715348494893822
63191cc57bbc4539,0.24895927551449235
6d69384bfbf84161,0.04432560016293453
d2976c25882f41f6,0.05554197927608952
fcb81646b74d4d39,0.16669305115688388
adf38665ddac40b4,0.026127928541954427
648b184ea89e4fd8,0.12404327216474938
9dd08e3c15904553,0.017337478066883693
df2cccb89e7b4aa3,0.010479445313862822
56c71ba091c3491d,0.026933827283937523
c72b22353bd3451c,0.35874500650398355
556b42564b6b42d4,0.024181060973548725
9a1acbda19964581,0.06744359740804982
5393e3ea04c34a17,0.016304217692222046
579ffecf00ee4fb1,0.040503137006366
18995e923de4455c,0.034995870907097354
c4d3e5b17ac94aa5,0.024977353020480007
2c884ffe658144a8,0.08771353559980848
b46af8dd46ce4e0b,0.022620918692237455
56feeeea774d4b45,0.028385232354230717
ddfee02bd93e44f1,0.4465748008138565
8940fe45495543b1,0.5834482471625141
15849deae0714219,0.9416893235865169
2eaf36ad5696475d,0.02506647036779063
bf642c2c4b024837,0.779274694976585
d687d1affb5746e7,0.03965171160440055
bf3de04871494ba9,0.014462662662447579
922ee02f17dc4411,0.020044809004475708
9ddb1f09507a4a93,0.1073413042368481
578ffb3c6f1e47dc,0.030760140174906653
d2b6480acf294508,0.018634035573534383
9c1467b70fd843b9,0.015441380008880706
72f3fc4764ce4325,0.07001722752481465
92d49583fca140d6,0.11028329352821645
b4e6b031a356494e,0.05791196658286733
f904f661e025484f,0.05769854538358996
16af1be18a79423f,0.04033068779748008
c1fb05915e984018,0.2679365125990545
ab98a202acd84f1c,0.06745925905298511
0c713776916343e7,0.02217161658943163
19adb95688794676,0.0683984896834505
fe3c9194924b4dc1,0.01702310228229218
8f59baadff2c4c30,0.015142981743844042
94d79923faf4480b,0.7258911664940971
aba5c0985fc04d52,0.11009672268198285
a84635795ebc4d42,0.0554183984008499
bd44069f35b845bc,0.03833752715615943
7af263cd04f14dc4,0.016109140605202937
98a1f7ea500247d7,0.23227131219963582
468f571ede11481b,0.02919601547504509
429e0694c4c94b96,0.8071080774468221
3773ae1a445a4ca0,0.028799374020776917
0ef9b0feb71046da,0.044441466814634546
bfffc4b2453f4528,0.03216077345367262
571f2ae87e8340f7,0.14852844150516237
0db120c899b640d8,0.6166172088927051
a4a66f3a4e2b4be2,0.03614367029517482
2d8d798e8e894597,0.1670653074287751
190125f36ab145c6,0.05442748052356723
d25f5910b1d646f6,0.5617798701824802
922b28f7025a4f2f,0.018821197841542986
50a479791528413c,0.0837339989338595
72bbf3e3db474f31,0.16122946404639976
e1c7248809094e81,0.01554743337076015
8d969ce498a948ef,0.24299419307590292
1264125b951f4c8e,0.43764382317747297
c83658eb55384bc9,0.018097993348720014
64185bbdf18a466b,0.8501569216890879
1863833c3f0e4627,0.07828315449571752
580a9af678c14fb1,0.0559658351659519
a387956f9b1f42a7,0.025547936326484454
b2f59927c8c9439b,0.6330550176241065
1139262535e24c67,0.009653084177583138
f63dfb82a6864af1,0.09870158267879633
4193dc6e709748a2,0.032620880855141685
518127c997db411a,0.06449350358187111
a1984866ced643bf,0.06119533446725019
203db1c52df24304,0.05363034935160436
65af58731b1c47a1,0.03552554900126284
71d41d6570d541a0,0.6878240559040842
b58fbe3585ca496f,0.08182570688810033
dc3c714190964421,0.012677128077637618
a98b8ef158714c5e,0.013292871585540095
eac4abd0c6524614,0.039351569327543974
50ff940e8e6b4332,0.04937750772433219
68cec80bb5194f0e,0.018222201384001074
134e90ba8860448f,0.026400088374831793
0b8dcd21c4f54a96,0.13857617616325218
a744ba3561ee4f49,0.029741371811682564
f58522dcc1bd42c8,0.037229235460042406
1537035f419145ee,0.014167683503671128
a276f4bd26e9400d,0.013209431652221798
c5d2b542e7e8417d,0.09971210198180129
e99b657074d845f5,0.2785562244726596
700a95bd2bc34efd,0.01632409969939037
c00949715ff04e38,0.35480845649263926
6ce7c2fe1fe8439b,0.924674680709146
8e2531a978c7478e,0.02064528698289352
183cc6b332ed49ef,0.036075210067217235
8d0c1a39e5974366,0.012113396867018903
2761dcbc02e54932,0.01352573703618334
fd41a1643c4d4197,0.035114331793803535
05fe320a0e3d47f7,0.01901877538556389
f10a45998db3438d,0.9360441023600533
08a7fa61e77145b0,0.07691838308963406
9315a22bf1a8422c,0.01236544807287331
2cd51a90f0794524,0.021180008707446265
c4bb7d78a54c444d,0.0588888368010285
fd6066ffb1e14e9f,0.024018357732305606
43f5153a29454a6f,0.032034511043336156
c3680ab589b14418,0.05715158433337442
6c54209b47ac4155,0.025312674703442707
89e0faa3277f4776,0.4229987243567857
f11600cf37c04602,0.006928113487638987
8a112f2afb3d4f96,0.5584536061674655
a8e3407ee78f4be9,0.02151035853716054
eed25200695b4f20,0.027971354463428966
adfaa9ac81114d9a,0.037814503030140494
61dc7ef7801c4053,0.20695910251806496
4fba25b8bfe5470e,0.03830607435639871
76fd40ff58c54ecf,0.0358618690909833
531a04faff604894,0.020131001814954634
745dc8ad8b7841d0,0.017029225249147455
441bd53f07a146c3,0.1026103660400508
01f2fc7c05694f1f,0.05244193791180849
437df9c0163c4f67,0.8019358006326097
2d7b8913789d46ee,0.39798263798068845
0be463994eb240fc,0.013304907688430553
3a3902c40fe94fd1,0.03560356643630112
636e196cdb3e4736,0.011508853341668514
cc5ed3d65a2a498a,0.013596216983310944
b2c493dcfab24767,0.019274192595237546
02ff3257adcc4fae,0.7248116341424434
2381f0ebb70f4db7,0.05884247495664178
afcd570ee64d47cb,0.3297007208365871
e4ea8c064a604f51,0.9021095660116302
fa341106bc1d4541,0.0955234207558748
d101938121874750,0.017168397783325844
ad7b24cff1084ba2,0.07829505358993685
0bdf189d539f4c5d,0.026048831197394463
f3e617bd70ee4c1f,0.10670214310702326
9e23e54571d04181,0.07385846178244242
c463dbdffccc46e8,0.0406658744425041
f47c1e27c8f34cc3,0.02600894096120342
4e13f95c241e4f03,0.012640939424766892
fa989af234514162,0.06400854175201662
80192a6e8bc3458b,0.03535171028795906
870afc1b812b4219,0.14815017739609843
5d69b763dcfe4eee,0.03732530857409699
731a168d03504b8b,0.0627651971535947
a13da34325e34dde,0.044805791169269416
795eee401eff47e4,0.023160418249077795
28e96dcb67eb4a7c,0.0497202066923753
b550456769594e73,0.23931593089438677
4f7b5d35b58946f9,0.03653205272975395
632a5c9382db4ee8,0.0316856524073912
cf4b0c1e48954f63,0.10562472230045519
0918b2986d9c4a08,0.009548015538479943
0c742bf46eac4137,0.16383422675929368
45844b7c5cd74ef9,0.08661234068119225
67fa23120bea4866,0.04431494399709711
cb802483d04c4909,0.6995044165616038
2b4b81c28a40431f,0.04256756159137084
143662e78a1044f5,0.04402384878413198
213090fccee94d47,0.08367071188976385
683791c7710743e1,0.0377342959688623
ba378155750a4741,0.027066051250503008
9a8644fa27c64e86,0.010064647307463575
ef08ea8d05b0424a,0.02802445455227722
b6303f55e1574ca1,0.03866243791344649
15657fddd4854ea7,0.10312052185155571
c98a2fea058c42e8,0.01482993438470714
2611c1032e404494,0.016916660670681937
722d7d477f7946fa,0.041592378259704764
05d4944dc2704e69,0.024746529627673867
f13f9ff97c2c4353,0.027577351996749794
23b7e4c7281e4d3a,0.017467120048256072
f60700fc563547ad,0.06636741548353778
605e707e77684206,0.06165097511946338
a76d18fae7be4a72,0.024466464062476274
852c05ba5533472f,0.06766987344536066
99088fb5ace645a5,0.01577322946233233
4b5143b8bd564319,0.023289408984379124
a4fd46f30bbc4274,0.032283136901559345
7ff72d7c76784bf8,0.056181061582087535
20616a88aead4680,0.04661775281910811
93b79bdb5f914c21,0.013046557786916057
15df22786f204757,0.1070539378326139
0d54898831754131,0.036900621528775324
1bac17a928f14ad8,0.12853068207548718
eceb3ed3d84b4db6,0.022332957628040304
1b1a53dfc2ea4249,0.02642216372629212
5aa05ba5518e495a,0.024456450911584337
83b8f8738c1c4177,0.0372955213857844
ba663c1dfc944e94,0.21289229331860082
8e227fa089aa40da,0.032702455705298186
0f077fd987b84d7b,0.08821936392040106
418db9b7e77541a0,0.03888965841070721
5095bb36bf3c4678,0.07890187898941606
4687479963d84d95,0.12367004673715716
ec7353c0641d443b,0.29357895662130506
11537bf501344e2c,0.009846103850383113
c9dd735c1f0648c3,0.029800031946907668
275ed63cd74f4240,0.028610619720595025
78b08914f1894f25,0.014571518057228528
9a81a77166174188,0.01878974005139787
71e1ac020e134fa0,0.028307935491003577
a5d233a0a26548ee,0.03195593850101292
50ac64689f92499b,0.0718673610953148
bf7591f3b3e74858,0.24860800422500468
08355f4a3b1149ff,0.2195631688836856
3b7941d98b144c4a,0.019061833493771146
a5a219133ae347fe,0.0241786991658819
b4d533c477bd4f9a,0.027074091527849415
9895e977b58e4d55,0.06634073951946919
6e2a51d9a4e24eb8,0.8654691271593065
81ed347f9f8d442c,0.03831208876208239
b670928667dc4db1,0.059560223182029096
ea97433980df4ae9,0.032138893037330044
8b4234346cc742aa,0.009968001164930858
ba37aad3dfcc4929,0.03432464550804878
3949f50f8c7847b0,0.08574497855672829
3e9eba3cbc4e4093,0.020351265310279615
4bf464b5524545b2,0.03850035771545878
7e96b1afbf854260,0.017051464468646606
a73b17ea25fc4ed6,0.023748918230912755
8943d88de13c4ee9,0.03722889250237714
3061a83ed4dd4ea1,0.013351739500074667
e4f40a788ee84634,0.4132799028401582
009e9810a88745a8,0.055627801696960764
18381fb0a2144422,0.21915510808540217
36b72a73ab2b431e,0.030364418621430876
83a2368e3f2841d0,0.016732457629074597
74916f8cef6e42b6,0.05056324241528788
ff99ccfb31474e5c,0.036103178209779464
4ce8b7a94f0246d9,0.02342168410758856
8282a1ae75874cc8,0.3881227776054888
bbad87b8e7bb48ca,0.4001651790798711
eeeebdad90544618,0.08759182291023095
df145687ea184711,0.03425718869522818
e458bb327ba74377,0.09452641101589848
fd9924fc19724165,0.013674512307932521
451342bd20a64f71,0.05935502969820167
59dfee72fcec4f7a,0.0394983910274869
0729308175e94d04,0.058532942642086014
721b05bb80df4a6d,0.05325625827556757
ca75ef832b934551,0.023757240936818178
c08761af6f504fe9,0.19678596484234026
85545ad7cf3a414d,0.031281810043096304
524cd4f5b8154733,0.07318803009731548
0a048ef308594d5a,0.9260304953016518
a1eb8a1752944a70,0.872063852836909
5a722f435ec54554,0.03549047761764252
f83767610e5e4808,0.24597401353969253
886346656d8d4f4d,0.025277385497683852
e28808101bf04a83,0.32415710113874596
7829ca654ae44cae,0.060311285743970044
f234951c54954a93,0.43382623723579317
da146a84e5614089,0.0754224314899957
d6718f2f5f584db7,0.04268196908755097
0ad85f5f7a5f4956,0.050532250270155864
726d8fd5ef11433a,0.028737163253178283
9d04962f6d304523,0.014956121178386636
902d115118774fc5,0.05239953344584832
23a96a82468a4238,0.06398057144000743
3c54a18759c34f1a,0.009484330384437138
c9fa5b7bbaf64d17,0.1585623763951391
7e4e308cd728449b,0.03824709919632035
60e894d67bf447c5,0.304414100626326
79bf203a02904654,0.8346535997978057
207a41bd5fe04dc5,0.6617906381699383
a77e3db7dd334899,0.0404956680392653
dd2585b478f24b87,0.03584442970821226
5ec1b3d55a4d4ae3,0.026241641531089287
1b00680e951d4cfd,0.047786236484885565
ba48e09a7f564718,0.02005080763598281
7547d0d1b81742ce,0.010814650227388391
47b4052ac14d4186,0.021927960057609896
18a184b6f09a4156,0.029242608060344576
d8ba1491f2474763,0.14813918767225207
a358aea02e4d4365,0.0476863721397942
9cbee8b69b574d44,0.009021918289395057
77b3b63b28404bc4,0.06183434101394471
7ec5eba394be4723,0.01637870327793544
626bd6847b4e410c,0.23353058418688968
f216fe3f1dda478b,0.010180050622735838
9dc06b80ee8d4ecf,0.03220017386998401
f30dbac72ae74aa8,0.014920487825995862
c2eff145137641b7,0.10331869451812041
b4c0cec1652e4313,0.023188589968253875
b136f706e92d47ef,0.08489724949995561
4159f043cd3949b2,0.023873549091661606
03a73f94a9584da2,0.024960780626268848
2954080d58dc4e20,0.025775334511920538
cc34f175b61d4e30,0.06716871516167149
5abbdc7d642b4ef4,0.019610008915484985
3305f294192a4705,0.06593850356434008
1b5d3c1121174e12,0.02342185737833494
6ed3f18ef73f4dc1,0.0335945665096843
a5a27a60cbf24450,0.08312712198980779
569fb9b445f74cef,0.03256133512856319
17a08d3bc7e64cac,0.25646246750446444
a5b980e8f8a54d73,0.03863047741399663
cc3713864f164183,0.041968629786654374
01a0a6370b1b40ec,0.0915162502752291
01ac7258ce614c58,0.6394008583345231
f0e7cdf9354f4188,0.012633334836092375
5a1b57b7379f4e50,0.04273845710324296
48e899cca9e44ae4,0.010991466606817768
3a57721fdc8248ee,0.032491402286091264
a9766a62a2654bf4,0.027802827833142214
421e78f508364c12,0.018576173822377064
3485fe1f216844cc,0.8129778774929047
9d906fce58de47d7,0.012729809276307435
7aee334990d747c1,0.01808449180159729
7a65ab57d1ce4b7b,0.008083479126915892
8d16ea1aecdf4cbb,0.04729245876324278
a2cf07819dc44307,0.15655382054377626
6196e533117b4c14,0.018763313688881594
66747e5bc3b247bb,0.05670599116656975
dc768fb815cc40df,0.016168319612332067
a14f17abd29e468a,0.05731931956835938
3543ceda7e6b4658,0.19442510489373518
b2bc7e62e1234123,0.08066171843690165
c7dbba48425c4cfe,0.01746394699274067
cd510084679f470b,0.05999271864962515
72a15adce9c244e3,0.018097126565401227
e7bf80505ed8434d,0.04190703962232066
a6cde185f1bc43ca,0.01836275647928339
61a95f7331ec40e0,0.052565213351330686
69d5922dcee24f46,0.028266266011943837
9fcc86ae79014b31,0.03191370027864418
acd849e005be4466,0.04865641579792075
a8d28a51f4d9453b,0.05376565925672931
9316692e96db41fd,0.03393504913521308
cad55b0134e94d32,0.025251359377762406
e31ba3dbb3e64ac5,0.019435722941818223
a7a16200ae7c48dc,0.05106172574778829
47827138f51b434c,0.5574633905703122
e6db13fb79b6430e,0.04039793410783234
8f4a439f09e84eaf,0.10441360451368042
67ea65d382314ae8,0.018738250502982667
e7e71054024f40a2,0.37546416487258827
aef0ec6d30334354,0.029872352811585002
322e8f29836141bc,0.8970912266269764
e92e80237a3d4e98,0.03908193219927825
6cc17f2d2cb74783,0.030046591869456685
d32d9945d2014347,0.027350070600855064
d8bee3ef442c49b4,0.7841186323079208
312c1da48d4844ba,0.1115399179168975
a06919317d3f49f3,0.04230524911032175
54dc3afa735e437c,0.30109787326810283
1753b71497914840,0.6518256914700431
f0ee574d8bb44688,0.040060000586410065
5a930cdf0348440e,0.019093012147140105
97420f4885524230,0.12745185932835232
c5c37780ce90487d,0.10225837990827458
a7d5d13f48544715,0.03192664676434466
3111a2d7e1444626,0.699856424971826
1f8ba3e509a142bd,0.05212955218815497
efb6d589e856464e,0.02580430477539757
482776e0dfe24176,0.7693736332875524
100346a612b441a5,0.25579359716425615
b2be29dc1c574969,0.5260023999624431
4f2b174a15d94cf8,0.20107890088521904
36f8f57bbb1c41d7,0.049439397292179485
21590abe95b640d8,0.4046519473882671
290e8914e1bb4399,0.019934193056251694
75023c68690945c6,0.027596580588582453
6271adedccab4b8c,0.0334173079980775
c87d5cf8ea9a4bd0,0.06881916798273341
1d1d25f1feb143c8,0.010993068528255743
40eedd589d4a4bd9,0.04755528367844636
3f0de5cc60a64aee,0.03371004240783643
26520fe8aff54ece,0.019005307109472246
885bf4f54039425d,0.024965142037142115
4df104612d1b4a20,0.16010366832261858
f71a0f207ab84451,0.6601915606498339
50a15c252a3f46b0,0.044421504033926265
12a3cbb77dc54401,0.034122993456763645
1b79e6592e6648f9,0.041402139990478135
accfca4b32b0401a,0.05753847283220396
d34049c36b6f4043,0.025298411375635498
2a58e312a45c4e79,0.050439073131769666
74194f2cad994daa,0.029407315842674624
353a96fc562248c9,0.00932502567033024
c5f079f1f84041d0,0.02304173003794468
8af1d793b1ad4cf5,0.03816656226716738
b33490abf5c441cf,0.013754316573772893
8ab2c68711ce484e,0.03741462919437823
ee24da7e44fa4a6a,0.06628497858201929
a6f40377ccdb428c,0.047059227447188254
2125ab3b49394708,0.1537114616354333
714c0adbbfdb4217,0.02914841153230031
f40c4c756e4b4add,0.07167458311213885
546cbf9515e64e42,0.7319038271187281
c8dcd39cd8c24ac8,0.025902847533097757
c76a69923aca44ef,0.022073578059652415
9adf58e9d1054818,0.14625680143073455
7a85e6dee31e4d04,0.03091973728738761
f1b6764ad79d421d,0.02547321755921366
9da406fcc0474b8f,0.025524238920670055
a94b1521987c4264,0.052181300175093606
abe31d18aa5748a8,0.025593317112760767
2d58e92dedaf43d2,0.029811830123267952
0071871962cd464d,0.10077913637723812
5f5412e40e6743a5,0.02605463550005972
327774d1cccc4623,0.023886610987072183
e69527715a3b4976,0.014336879935682115
f071c5fd5c77417d,0.1072670358159769
ff64a4f795034b81,0.054151264899354276
dd75cb0665ea4fb1,0.07327631167378992
a73709bf21794cdf,0.013233630572285526
662d315732204812,0.7837659121940859
54a2749c553f47f3,0.03612270745335279
aa07f3d3ef404780,0.049259144554651954
9e83c489b1f64c35,0.070646723907447
e4c1f590a71a44a9,0.03747637993490455
bf3c90384d014fad,0.36330392542337414
529d29ad9aef465d,0.04383135561362782
0c5cca5b9558475a,0.1855544896978526
305a8c01533f4219,0.15473831570334917
040c0c9db25744bb,0.06891151580812234
9fa06c53930b4b0a,0.0486063324717496
39088988c5c34996,0.36967924035334615
fae9250670c84b77,0.0340855391770188
6526b5d482cc48a0,0.02577056487586072
f8e63202cf2247cf,0.03105698288685966
9941105f91574bcc,0.08941231515996259
036638cda0e24bac,0.08010038322035426
dc13d7d6e7b343a8,0.05787674660824468
5478f5d0f40346c8,0.10576445351582182
7013aa1ad2484533,0.9360124033056252
877ab6b069914e99,0.07052350675804213
340bf7d4b0d14ef5,0.08398775647872254
4567510bccd04818,0.09591054790656132
4a94ad8463974bdb,0.03856311745730072
b9d44a27daf24327,0.025211759395296247
80e5c590338b4d6d,0.035772886030190174
8d46c91171e245da,0.019881650109289287
d4a3223be2ab40b3,0.03393200313525294
a5b08b1b2d1f4f1f,0.07004217971214889
71615df50d564e06,0.049198936006251526
1425608516da4f88,0.038672327882829774
e273d0b5449e4d28,0.040212065829712554
aed88132cdee48a8,0.017124526726974072
5769adabb2c3404f,0.06101169767362698
edd68b7ad2284064,0.08715253717135245
84681b9d0ece4cfe,0.021912936328286087
1fe0588fb2a94851,0.008479274003520533
016426750a7f426d,0.20674278796490736
5c9ff6753928476c,0.06007014322309247
eee1d41eddd34bfa,0.028925121164588886
1672ac623eb348df,0.11566375812440541
d144c610527e4a05,0.05831007388751921
0bf3948734fa4b83,0.05004526073114457
1f7a7517b3254ee7,0.6668566191496292
ec48f2734c7e46c9,0.0443769776950539
cbeca6bb517e4cd7,0.16100991410187715
cd35ae143bf34a17,0.0417995692763109
7e0a7c0ad94f4553,0.0718673610953148
966a9280daf74932,0.05339876878255253
50402144e8634da4,0.14989944071347075
abd4c5b9422f435c,0.01288337454759409
d927c12cc1374bf7,0.10734984130224175
f12059bbdc054d65,0.027256742314131666
94ef0e2e5ebb4cbe,0.01736719235972041
a785c43690b14d58,0.03141511018684298
1382050d847f47d8,0.012524792152137514
c22decb80e7b4ccc,0.04425840933707848
cdac97a3bbbf4eb5,0.6769047972290112
f95200decf6540d5,0.02958818083030481
fb40581871ee4a0d,0.049992383343018885
69b4335254504993,0.05737771734367407
b0c18a52223d4a80,0.9412740003739625
6ed2c48c689b4391,0.04374523250371087
f877e605e44e4766,0.12299334902915364
16a16eda765e4d7e,0.09904558880523558
b78a9b9bb68b4ac0,0.07990971190727512
8584e3d123ed4955,0.04562512830648672
96df0d61c2324052,0.007672735894100946
2937ceaea33e4d39,0.3013806736692247
bcb11975410d4716,0.060313170473566755
234eb06288a14227,0.06516971035522708
4dd856f818f94f2d,0.05087837721267942
0bcd819e96e54126,0.04692132624701757
05f0b476b4ce4a96,0.03859274330517623
87bc12bf54424f4f,0.045506622050880054
fc15ea7e7cd74685,0.7296212571713043
2a949b36af774e39,0.07302569262964712
8d3353d4e89e46a7,0.04797836420283126
989a8a7f0fa2463e,0.931688703567084
81b63b1af4ae4856,0.0330929918403199
e38501a0f2614f99,0.011079065147154172
1fbcfcad528b4997,0.018692918215602598
6b9d56c357a345f2,0.2561515740761903
79cd5da33712484b,0.017851279952094394
df3601f670a94939,0.5219272753427333
d1a2aed3fc0e4384,0.044019571092003745
d323623b71f048fb,0.0932705858588123
9f09de9233754054,0.5286529770584634
0797e1f6c6c94c3b,0.06587411624945652
2658d793a36b4d96,0.05112934109649585
111e9a74a7ce4333,0.0219665625068591
2527ed38b3ee4db3,0.039509471543912204
6238a89677f34a91,0.03187969396714075
a06fbd750e0a4b18,0.05303739544173012
b488c879acd9468f,0.19484628286610556
607c4a724be74667,0.021721604084632272
381797d060b84e18,0.008382907894789033
5aed4f996ef34eb1,0.09377287222720747
c7b18f045461449f,0.7483834631944322
aa76f6f48eb54856,0.10369698044007676
fbe2100f3bd1475d,0.02769261297720162
4c14a4b1262646b7,0.041914226660734015
ca30fcbad8f74d4f,0.018726652306835147
5e00055deece4aa8,0.031666663302000325
4c4edb31567f479a,0.11557410107379644
e22c747b313c4f3b,0.0607597730654331
60e214eed0c8410e,0.02832364608505124
ab9480e3fd614177,0.061364455210289735
2ef24e1b681f4cac,0.9314957206281559
61b0780e33244f2e,0.9160086432888649
943bb98d29f340bd,0.009889840963794827
d892485ac4254e62,0.04502351823441338
526d40d017ff44e6,0.05568306714821347
8e27a597e1ea470b,0.03590985594984634
d7ce92025d184988,0.06774333649722729
df5ca686ffd947d7,0.014697251003885267
7f357e15ecef4baf,0.10377813031005223
4d4685c202204967,0.1847470620146215
9d7e7b1808a74981,0.016361438870351894
262752e189b147ca,0.9156488373700469
9c96b2b113814c9f,0.03496224188101902
5aee4d000eac4de3,0.07222848324370586
a70fee16f7c74b23,0.5957478282442196
387ad169bf2340a4,0.03790970281233353
73ddf91b6a4845b5,0.051311471355003094
e28cac8c43484114,0.03471179226751409
2c6db895125641a5,0.03406392531285997
2b54dcf787f6487c,0.017584944795833845
2203ef2e71674500,0.12768239373232365
02e9aeb034fd4d7c,0.018236700843531885
569469b5af1b4735,0.02317816700966979
6bb0b98a43d64364,0.08124205037956933
db8a679b79e74a22,0.8743933911442419
204aea0384324e08,0.009472847519185304
66c3090c24804de2,0.024891342424911866
463ac969c5f64b43,0.08891177967689855
113fdd509d9e4233,0.021758892794202928
5f1bd2e8a3c54760,0.0259192880189351
82ceafb005714b3d,0.07554770059885638
c6f4e9dd0a704053,0.07180966929381562
3a9682063fbd420e,0.026229426170510484
09c5bc353ea242fb,0.2773901808773938
aa5790c0a98c4aca,0.02500441349587864
fe69cb1598104711,0.09667685441664955
683dc50dec51476d,0.02514946686977691
57e7f1e57f9a4b63,0.19747082439126698
cc0532638f1241b5,0.015188034890151757
5378f8202c224b84,0.03303910307331317
c5b3c40002364207,0.05587087931079534
87d79ba0867a40be,0.0393524809180734
9603b2aaec374f78,0.13701694565794056
78cfd2e513f44456,0.008070101250191072
52fd06b24a424db3,0.029342544161287287
ba402449cfa94004,0.03692762131592521
a1f5ab5c48ee410c,0.1047635379743895
b1c0841c93684401,0.051022169918939854
f54a43c2ba9240b3,0.03660277741313182
7c1d4a06423a4168,0.046394358928154786
d7b63e12203c4d04,0.044167890673837765
e2dbfeb07f5f4cae,0.0625498652527335
447b9133a72b4cb6,0.3067948478181413
73674e42258442f9,0.030491016851413304
336a6defd7af41b1,0.06664972093702577
35e82d8717534170,0.018784508212993226
bfa440cce028400e,0.6128233040803196
2d8f0baa20734a31,0.01729739444144522
4372ff91770a4a4f,0.08727731382242794
76b3c89501ba415c,0.011920488906991033
57673c1991284be5,0.03333100723637664
d15f7741050a478c,0.018560211798918005
1bb0d45fe7604843,0.05336289727216399
4778ce58e22f4e0f,0.017686391554162306
e17fdcd46ced4c42,0.22391481947993955
c4fbd834c008489e,0.050694570629922844
0a019ad399c048c6,0.03254624115695662
1a86f2381d864fae,0.016865055349399277
f9e7a95211974b86,0.05532965099453101
5d9795882af143f6,0.04827126714512175
34bf5032b26147ce,0.04890337751443077
184741b3a67d4fb8,0.021428437787416644
ed21b5377f8a4255,0.026795139549848235
ca392568ab2a4f6e,0.7719062895877918
3095d00cde8b4ff3,0.012831291378321952
20c0902faf73476a,0.4357746794807964
d231fd5019c443da,0.23873870602486053
1bc0f800b1714608,0.09578300137737407
a0420bfb5a084249,0.5029792247809796
ad065a000ce24ffb,0.017314716123731266
25ad67ca59cb49b4,0.15530653205382594
be67ba17cf294a16,0.03353816830808852
b6463109077049c9,0.07281850228684307
4acdb665af084083,0.04027144525153046
67ea72d643bc47b6,0.04740327478274793
684f17a192a74878,0.027780238801794366
b5278363475a4de3,0.0467028414271574
e53c97636e854617,0.03654963615867736
0efd11c693b44786,0.024092445350186682
7ac0340f57f84093,0.03965634455624012
02ef97d172fa4178,0.023748954315614784
15215cc398814e8f,0.03375834082357765
66e8f125a4a0431c,0.8196455109319694
959664b905094875,0.023469078496832767
7c13445041e5412d,0.01874065743946119
07ea99e5d64048ca,0.8554351790366044
7efe7a703350405d,0.19688791174598064
078d033383ca4e91,0.015598025393818734
adfbe6a523e541de,0.024121243740322502
8606e38bff824be3,0.011990923361578013
2f542452f83a4e00,0.027668613009756114
7c1cde0ad8164098,0.024306147915378534
81cb969beb394686,0.06577786118440512
7d3e8dc24ace4e8c,0.48147821386939527
161f0b617d454ec7,0.14407727760966732
3ab76953eb0e4bc5,0.5973616557460095
e0d0526882134a39,0.04704297803173479
5502ba78cbf743de,0.13626274126385496
91a78120c2c8420e,0.020914247173124286
63ce2a7b9dab47dd,0.03009092517289037
ac1ba0ad45234948,0.028035488665352527
093166f1916849d5,0.9290819411297082
0e09701a017642c7,0.36811342503635236
7e76c84756c24eb5,0.20239218682468998
d428bba9ca064dff,0.05027448741497087
bf6885d2228a4664,0.026355843693654585
1c5f210a7ea74f94,0.012826520640105482
0da2cd09be094cb8,0.09296952871379463
91cba14ab2c343ae,0.012775137734804595
545797f5e12f4b66,0.025705072330817657
6340e8adaab54836,0.04207770778635246
8c8775f6645e4044,0.17112600088529753
932f09eb26334c19,0.021994119267753777
e86a21eec8ef4546,0.023758864381046657
247bed6d5de84bcc,0.022478293685748028
2b4fff35122a49eb,0.029002213982331538
fc71c6fcb375447c,0.2987606916186849
30da40cc2231483f,0.06639422404710417
56747b6ab1644fe1,0.01828094277963244
b3ae5844f2ff4543,0.039466035575842724
b6f4e34a4fc9449b,0.07169546551470735
f11a0da24d074e14,0.2454748817837132
b03e51447073454e,0.04254167240498256
19adfb6d1f3b4763,0.08871252455675083
a9631cd52eb44912,0.12069158579548649
9b179d9115684936,0.5266547841457169
930fa4682d1e4185,0.026563681504412278
edff169f5a36413e,0.016381968713034534
fadca687f1b942ae,0.010665940961271374
c9ad87de4f124a3c,0.37631927867852216
a845d65d0aeb4678,0.013670775573107793
eac28937010f4f0b,0.040164972633475966
7504aaf85b404150,0.03810769625466642
8837ab641ac946aa,0.32059658324289875
cbb795ef1465464b,0.041374011956661835
531eb7bb7fbd41d4,0.02692511638959817
dbe03c391c474145,0.02973586480537176
e5dc3e4ade3648b4,0.029529650125574274
7e3c1d0ae9ef4d2d,0.7045800794597323
f6433fccac444f82,0.019795052900466632
d53cb3cc603c4b1d,0.04255203782322929
9018149fe9bb4bca,0.04107849957752953
1fd7d27d2bb24a53,0.05136104821407285
128cee9ec1f34478,0.07907615141114949
83932e092541402e,0.053900873490681546
694f112d285a4704,0.02168804852155848
7357b1a5c9484484,0.02413500614466047
4594bd873a5349cb,0.042064824166358185
f10d4717a623421e,0.034868534612458806
acdcfa0f3e354016,0.22448473101826733
4ca2e139a4d04eab,0.016875461991996174
9.61E+71,0.06766495521143503
b74b20e6ab604259,0.2546967267332897
82529ff58b234a7e,0.18194807412939418
ce5f7de4e4bd452e,0.4854205294210218
233f603b5a06435b,0.032116406778934105
b818190d551c4960,0.025342736439045083
f2114753671f48b5,0.01972926360894592
ad4234a1fd26472e,0.11667993967039514
01a11e8f719a419d,0.012416351259143685
203289bd629f4968,0.0893077877313603
d2bf40ce5adb4847,0.45522432263752843
a2190b6bc0d1407a,0.018119430058711434
42b89ec0e0404e87,0.045405252107642936
0c4effc4100a4066,0.04524087119819591
ce3f0049b8684884,0.03143083836743926
0600b7f82b3d4e25,0.03409849894110652
9ea7ef403ec0443f,0.0321433831770957
ff5556c5b24f4d3d,0.007681780848443948
09c77d3347a74362,0.05045850756776762
e82bb3ece7c54710,0.04767339413270556
5b78cd4ab1ff47a6,0.15505182637096376
e1f81112e2d1425c,0.14383560965449255
33d38a95e9574403,0.04779187798013477
6a5728de17c64045,0.017010613457111697
5fbde42cc20f4ada,0.7623764244817982
669b24e4c3804448,0.0938353059183191
76aebce578fe437b,0.04623399781831931
ce036fc242584b93,0.06331383416156607
bb73affba95f45c8,0.015583671387965958
36351c6243434aba,0.03081196587966517
f23085d3d0fa4d91,0.011871039422227355
50a7f93223f045fb,0.2977178324284969
16d5a71787bb4533,0.023967236769930466
6b4c6eb8a3ab4714,0.8163213169894241
df3bcc83634f4b52,0.08101970554228341
caced59d6fb94c18,0.09944869380146132
33094ae6e07c445f,0.02271757400617753
9c4a8e018d534779,0.030834863739268387
1fcb6546cc394e9c,0.018211540894336593
cd5d75899cf2427c,0.3256106778395496
953a77f180bb4e9b,0.05471032212313578
1248551ca59c494b,0.008770359232405748
c597233061d84c67,0.9100676455774763
8187bcf0af2a45d3,0.024514855548479528
9d205be918824cc6,0.03745083264238954
bf48303f35e7405c,0.03202712294648073
b627841411594b5b,0.03151136001519102
a7d37d5370764558,0.06781924424684518
c80811f1ab8a431c,0.021299180711079814
55adc49b6e0d4a2f,0.0899691086687386
8e13d961ec1b46a6,0.03412421907539963
ea51d96c5f3d4e95,0.11143273366837025
7795815042124a6d,0.0954732405398244
0ad180fe9523447d,0.0399391546064504
a88db51bf79546db,0.03549454604880313
06d8128c8af445f6,0.03344822149440633
0a9e529abacd4c84,0.013437538941489422
936378204e154c2d,0.01589450809875954
a9c71ccb85ea4685,0.05033865137197337
647612cc8cee46a4,0.0672316544229312
421128ea0139486b,0.032074999071349704
adf8ec56b5f24063,0.06645418763970129
3dd7aa079e2f443b,0.07357659577522382
38172feb386b4fa2,0.10047529397388996
af675ce1f99c478e,0.04388975098589963
53372b18961b49b4,0.27271597371847767
dffff3907eca4478,0.016021411108920962
5840876e3d9846e6,0.010144925654567235
291e6e425faa4df5,0.024574711614085178
5fa975a351e748f4,0.5490040005387964
2eb629a9d024414f,0.037068217311748294
83dac0094764402f,0.03440475596390408
b20a0845220f4ff6,0.05526389583851203
3bda1b5dcb204d04,0.02214460639388431
511dc16b6f764c0a,0.8146287900889456
379e376c89ee47ad,0.024935922170810164
923e838f37b84f8a,0.1820840818048704
9b5083ed534c41f2,0.0208951407436342
df11e379534c4a41,0.02335534555266174
3ff6fafe998d4b51,0.008857814368240586
64314387b76940b3,0.10139473137327717
6d0ad0a3300b4df4,0.01641169177361074
08502d3db0ad4d78,0.1644682139048545
ef4e7421b6b148d9,0.04594888126778922
9e40aa3f75164a38,0.0880886883723105
d2a0e6bfb1fe46a8,0.14239212994977496
6403a9744e214536,0.08357764833992347
22fd8376de7c4293,0.1084018551430345
4c428e74fcb7406b,0.04160594837407819
f424fecfd6124f1b,0.026903013859952928
04943bf3e30d4847,0.009481737326334633
d1b6544b91764551,0.016868218576035827
2a49b1cc243a4b6e,0.5059267891380441
7387050f94664560,0.04852759562298287
6e594365c8b34353,0.13925459641479376
13ad83a1f9b54bed,0.06184722594032993
065d5ee7e4584453,0.2040887294875336
82aeb61ac9b44b67,0.053058586195625534
83b245b196ab40b6,0.03942554913276175
053f7dd39bc94240,0.011427640936295504
f6be12547b584b2f,0.0639580130924612
7f4f0e6c99964fab,0.7850029651230674
aec1d6ab1f544bdc,0.08509078186148393
db126841dcc84d97,0.19377520697316147
9fbf34960a374a6e,0.02022924047905828
dbfbecb587284a87,0.803088325260919
5b83a1b4e68249a5,0.03508404519172601
a8c19c0bf07243bc,0.0635983297171411
777a279c200a48f2,0.03013244549169596
50d8d43706a2455d,0.022676468871834783
2e666166ba3042bf,0.1331332416950838
cf70675e6cb440e1,0.019746854061938317
8edcaf340a654c11,0.027596614235835364
a46476d934bd4bcb,0.029950771607973124
369ff186ec0b437b,0.08160289658978755
86414b6684b7428b,0.07614302281038364
60a6ef4db7104c6c,0.05327756072710482
00a0c5801fae4358,0.034303329390868074
e9abbb3918354dca,0.05529593888514467
234e768aea9b4fcb,0.10601279631319507
9978c31bf5044614,0.04658820735205845
0593ee9ab5574ce3,0.07100584440024231
a4da0353a0274de0,0.26451164771421765
09e49b0129cd4a3e,0.18755919678424174
abff48dce6984ee1,0.015854240840262684
6c602541cef54e74,0.011107645592690462
104de43d13db4b30,0.25482367957960206
b106806e86ff4819,0.013114808686809101
54f31601bb014ff3,0.43569156120190244
036951fbad624291,0.029825268795621213
9be095e546ed4ea5,0.15083387269098628
dd7e393ad2f9497a,0.3539361142493508
deac7aae07ef40ba,0.05238243575680994
8ebadb5586364bfe,0.055991698159706046
4c010f1a11df45c5,0.3588086610039484
118fb1dfd7dd4ee4,0.08749416043168501
ee0f127441984e03,0.04207571885870813
b99fcb0c7c954707,0.05414149790064356
0476ea8021554f22,0.03913706911665008
0351b681e7ce43d7,0.02055197472847966
1645b9397ae04c16,0.6243537752115973
81ce163dbd7144dc,0.09159137181895356
2dd731c20a214dab,0.0374348200304441
64ee3fd70efb4d51,0.3463911193549654
f7b9c86c4ea64bb9,0.11070669405547315
18d6c5fe4e594788,0.2930245909584902
fde0930cd7514c1d,0.01631943415476668
8bb94134a33a4c8c,0.02279301611273845
8983c139977d4a4f,0.13162618975814583
630474d03891457e,0.11421339533942569
b6676b86a1a84a47,0.026794894445808338
3e8565ada620452b,0.012767110230314464
1902893ced7c4fb8,0.11572875597403258
7ee03b557b1940db,0.04588922562565344
1de51325e40044bc,0.025604075441556295
bdbf4a1829fd4349,0.08976527571239287
4e8c2d259c2f41d2,0.030467353868235337
12029a0fe5a9449d,0.12578964408247512
b05b2a70bf0149ce,0.4166629032792901
bb472787b289444f,0.034949575612481756
1deb38f9e1664bfc,0.3537217137258749
82206740154c43c1,0.02904294889847413
4ee09ab7cbbd446b,0.03512426625020651
4d16dc195eed4db0,0.01879915763546803
59a703ff89664fc0,0.7413197485849692
93b931c9975049b4,0.0453217543133436
37dee1cf530a444b,0.01908401523084795
3057b55d69fc4e82,0.03110116407911523
b73b0e3ca5404f8c,0.012513980460670468
d9fe61fdf6c240e8,0.8389418851335121
2bcf7db463c0475e,0.03175594908633711
dfe0e44b80a04b2b,0.10391487636698929
57e2ff88757c4faf,0.02300349084242828
195e7b7f8154436c,0.04112969153242574
d4ca9399038749c8,0.022055113111939646
629c52fef3684b4e,0.025276055295971444
3aad059c27854fc3,0.018202187623476435
19230c643cc44781,0.0222659748872345
2810443eb71d4e87,0.04958531591564043
2b896b4dc7b04bd1,0.06390332281326257
d723b28809ee49ca,0.05131255163797965
a9148a7bd6814501,0.02273487219685539
b6d97277f44d48d7,0.2938316162960513
0a9d831b6af4423d,0.06334051873849984
d6181f1e4928494b,0.022838868998533463
976820b0bb2e4663,0.08811397032588603
c2faa89f60484438,0.14797399170444472
17fa2085d69e42d3,0.858478271021256
097a212d3b5d4209,0.07378213383866158
fb36ada1945d4970,0.01114627780139611
46654b850c0847b2,0.08857409715824935
0deaf7934642486d,0.05381354987670288
f914ecb70e2145ad,0.05681780062366811
e23eec417cea4ea3,0.44468178948254433
d496e566c80e448a,0.06535944451001081
f3338f20103c43e4,0.031065255811189418
34bcc082540e4d07,0.06826427335798044
cd17cfea6f08445f,0.11704928112314802
16ed3999702a4688,0.014409965152158182
c4cad9936cb54b20,0.02535653541045458
928cd469a74c48cf,0.7781862845900659
5eac649206004946,0.1553503315497383
00f64b2ae5944720,0.03746749944878049
79a76db8cac34fcb,0.023701305490205684
3a7d0f163568441d,0.02561387740332735
a9172b364c194c3e,0.025285988601497805
d03843d4e1874568,0.719665805820197
562d0e2fa2a2417d,0.05149889623672832
0cb6ae96b8034ec8,0.046170805817482015
e0699d46d3904a27,0.06153008517815528
c4ab454d46574e97,0.031243940424569922
4c95aac07ed04022,0.03716093515351371
2ae360897a044613,0.03433299689231072
98aeb6910e8c4050,0.025534383826282536
5eb76e319736420d,0.022190886978466974
2e9371484a6c40d4,0.03646627787508893
6290e84cf45e446f,0.04246917940778182
4ede87cf4d454051,0.0991561904211445
ac616c0aa7c74b42,0.05378949505507754
93124cb29fa945fb,0.8004912082317481
38e91f3152ed4ba8,0.03138183045703001
e7f303bb5f3e44f9,0.04669163156356499
b36704ae09e84b77,0.3446691215997171
04c673f525ba4826,0.06749336651558083
9a809d925fba4bd5,0.4102839852628531
9fe16862c34348b8,0.021018715038137372
fdbce31ffc014c2a,0.04594451799965223
3121684f11dd45b4,0.0240128115858498
cd46077331534421,0.03435542641557621
99475d0c1fcd4f6e,0.06420639587668459
13a4542ee7b64b79,0.5296220178123016
19f678bd19054516,0.9380050024160077
2ed2c9946d00405a,0.041556857791640325
658b27afbad34b74,0.9401359083113524
69f808b944194851,0.14638048746699023
2acdb889208344ee,0.05429635158188628
d371152d040a4ab8,0.04264061048389104
74503c2cc3184c84,0.04155730944393486
8f8458e668914b7b,0.05935184066868271
9f25071189cf4c11,0.021728651036281244
677b26e432544b7a,0.06782321438037943
a1b445fc8d5d4c79,0.028325687725618658
81af2c6456684a34,0.041708399242467234
0fa2eae6ee1e4f37,0.1097420194306192
fbaa1c1ec1414c2b,0.059171940857545444
4dd699757ad54068,0.023942772652664833
7099d607cac34008,0.024913174173282246
9218c0b6257c44d8,0.015079908236676865
45f5138095574d31,0.324145641549757
2c27dd236a694470,0.7473469300871002
3615629b2eec4c86,0.155434944689347
94bccc91472646d6,0.04254924644951483
bea84faa013f495f,0.060143478723749345
1182aabc4f634c60,0.05698964614613422
e070b4a789a54a48,0.2742609833764547
2ef1705eaa404dca,0.031599797717127294
701eab26ce94426f,0.025953049591599525
b769063db6214a59,0.013904101781979641
7a67d589c55e4a09,0.011429789569732054
1cbd21041abe40f7,0.03159778638176828
77adc57a1a8c4b6b,0.06992341988961642
5a7e7684e59540c5,0.06822920263751502
89dbb9ee5f7e4d36,0.2817185306345289
306df4f5fd47464b,0.06523950765915254
a421c87b13e947b3,0.0456234256304625
e3a27119aaaf487f,0.015745196932741845
0249db920d3249a3,0.03374294345951527
578e9bf77bcf4ee0,0.02567250263923983
72db35f52bb54a99,0.19550984040656072
508743ab633240da,0.5885647359702796
35d915f721f14e65,0.1386176091636156
abdb4f04350b4965,0.022851156506208854
7ffe9d8172d14dcd,0.05252584411550247
8dfc0ba2972d4eeb,0.44636020236428864
7ed2164b8f544b60,0.036868495606481075
eb70badf24fb4d96,0.2668322311970991
d84eafc9a84d4446,0.3057780331387452
be357c3c7b914567,0.02065591466269227
d3f27fee1d3d46d7,0.06188306597027292
cd6998c0036e458d,0.013936210879491918
ae00c5c94a2a40ac,0.021687236633993613
b4a4f95b168b45d7,0.01625738924142099
bc736b59ac104668,0.0445196983143895
0797f874e3b0476a,0.775543142239776
99ee6e3092fa4cc3,0.03308413295527515
b83ed9840d394294,0.46481111440517964
4883a8b43d2742be,0.5597638814031423
304953cc385047a2,0.11702231946404928
1aeec436084e4230,0.04099411779920724
9a653f16ae974ba0,0.14893756804757946
f5b5152f446249e0,0.02984161908468404
980130030aa84cf7,0.2654057738580878
e61fa17fcd364d8f,0.03639359422213355
4e0c0a41622740bb,0.07823113686166497
ab295eafcf7e42f4,0.026634618831702477
ef1568d501654567,0.08589777374099501
51cf469a60a74dbb,0.5445119812607808
67e3f0a83b004c4e,0.04203134138153641
081ca104eca540bd,0.025439441443700007
d625cdbd553d4844,0.02291635257174505
9ea9886ce761447c,0.05102185968484903
5d89f75b320547ec,0.05767235755372292
9f2b6f5f634b47bd,0.2618650583401406
14cee872ffbb40f4,0.40158325918417487
dec687852f184d0e,0.779032813372334
9e68cc86c5884056,0.02715328110589828
3816d112e5504511,0.042794554257912384
84e864a57860410f,0.057133747459423054
9e9db86b497e47ad,0.2527331675753822
6a2586e809b6433b,0.04770881001203909
27cc968615e64600,0.12799733885627312
5680d742f51347f1,0.007946937427231397
b166891b1f3f4693,0.04365637373080098
4e114d781582425c,0.027748934496149496
6395105bf3f64ce1,0.5001158326309192
c0d95f89fea844fd,0.08746390232182247
a1eaeaee136f4cdb,0.027593764573476547
294505a732784de0,0.00867923879547235
38ce602cf53c4ca3,0.10662239290068098
a14e8146c2b8406d,0.020442118659634016
7013a81eaed14eab,0.23514486037076449
af9dd67385664bb6,0.024064785937628324
2b079c42fc484960,0.054811764360138585
fa91a615b81c46e2,0.04043416462803002
9106eeb247154f9a,0.06773124586806374
33ee18d102f948a2,0.023282933454775383
b7d81f0cee884279,0.04555229384245381
080b50e8e6fd456e,0.08231384483138957
a55ff074365c4817,0.1607327747451762
5bf536eb57b746de,0.045025366594031654
d3bd434262a04c92,0.06413213302103875
5b8c11a15b4546a3,0.03958773588660258
e749fcfbc0244f26,0.027014125275124014
1df916c3618c4807,0.21140454638117548
239caf7f20904e9b,0.08407906854378876
2c4088492c3d437e,0.4848409519934531
3570067033f34219,0.03611034832946912
96f0edef333c4ee4,0.022465150347791476
053499d1a12f4fa7,0.06371980319644865
f95b3f4040684b19,0.013012288227317464
dd3f9179e83d4524,0.03978347729916374
57f06a8d82ab4360,0.22840711976468903
b794811f549b47b9,0.032551145527478634
c3ba2b9184974e46,0.10553545773036892
e943cda907e04464,0.41086171937657257
9fd4b741e6314032,0.029692973066573352
5dfc82fc2ba84ae1,0.15613577620692384
7a4e25a939f74261,0.0349159892543903
727be005515a4901,0.11415364097959087
f1a9a1cf5a6a4b6d,0.051815255876175324
9d8bd7a7542c4779,0.08974553633711217
82f68bd3f8eb45ae,0.02957175160039053
f02c73243c384a89,0.025727308355717033
a7d9a548b2c542e8,0.049897322775028265
b5c0d29cb92c4862,0.8852724931860211
aa3418d4923c4dd8,0.055231539022236376
00828008ebaa450d,0.03412875468554051
5f661554a4a14802,0.08286090337572052
b2da06bfa950423e,0.30786476312346367
e392e0c938734f59,0.031030865390711947
39d351a2cb154365,0.28436678685689665
1dd286d1ba3d45b5,0.024525196426288715
a7206074014448c2,0.06495863959889128
ef493f4c5ad84dac,0.8685149612054135
bd6473080bbf460d,0.023208104830127647
d9d8145046874247,0.027801258004078865
e3f4a596bea944cc,0.03255268744950086
1aff89a9c8ef4ded,0.008803982040647942
e4db89d9f4ac4df5,0.6218845112270188
7e9a50f7e1e84c73,0.03581573264740764
68ab48335f8a4953,0.2975424930750482
84574346a25a4722,0.10266430555504033
439fec7b3a18416b,0.19515910147149468
9beb3adf54944131,0.026993738548684885
274651587de4426d,0.011237425643028782
2f3f24b7bf0546f3,0.09461943347546146
3ebe02e694454082,0.023772448711071894
86844204764d4eca,0.1538709727300851
d722535e8ccc4161,0.38435450273178084
5524377c6ad74d25,0.02736790862329604
5bc98b1b97234b9b,0.06335813249947489
45c17dcb03724a53,0.06288709329797852
b0594bbd38ca4e8f,0.060412848645835314
2f68fd8357024793,0.06779926510846612
fb5874f9a3b44d72,0.011146124941426666
cb4269b49b7943b2,0.026200427451144842
7dfdfc4ce61f4287,0.066306951498463
5d7c6c5aa1924ca2,0.04525058434958094
adcc51ef1bc74bb7,0.05408479416039955
42f0e0a031fa416f,0.030551888661356504
7329d4e97eac4082,0.05989091159470883
1b6ec037833245e9,0.03638602216449446
576a19c22d8a4c76,0.8442226487168197
ce348672271448d4,0.02402251283282953
c605ae66391f451a,0.04404058122657882
2185d8f940924b3d,0.3713038866156958
2e36660bb38e4dbd,0.05155084028748748
d7c5cb952d754087,0.8950539534473544
e57fc6e783d040cc,0.036020847226879316
8496c5f591044eec,0.04167713832441515
a20f05ed1f37497f,0.027869771224824175
a1164e03b6f14544,0.024046174881009054
983e96ba9e24407e,0.014649118790613319
e9741d09d1d4482f,0.026987413215386002
27f9894bb35c4650,0.01950029738864531
10446a4b7f8c4f77,0.027252107336677177
485e9d13ee4b4ab5,0.013300939525530556
41fce17751924b11,0.06196813896949205
0cb334dd742b4ea2,0.26923069933132804
20828274ee8e45de,0.058408794587294276
db9ddc980ee54b96,0.08859899036146843
b4477548fc374690,0.0864238164569074
ea57eb548af843aa,0.08233897764407708
f098b321e3164531,0.01847992149840038
6ebdc4d467a440e2,0.044905767746176085
4bf458647d734b99,0.012054205860826155
f4f9887a965f482f,0.026492412356121108
961c34724b2e4e74,0.06444775259456367
9294dacffaa44d07,0.23054810966526343
ad73518139264b62,0.26225403621561627
b54b925b4ab54342,0.3742464756829854
d5a91c3a65c94760,0.060246476257996895
7e7537a4db7143e3,0.049617003055941335
cadc90f6a28a482f,0.6080168446543373
2b30deb67e1f43c7,0.016782356378096188
270c1ba5984441f9,0.02398052865962692
c7087eb432494cc6,0.02568541219334979
120e4866e2d644d2,0.010062283431643532
dbe2f3e1b7444c82,0.03091124418128704
c9c09dd706454de0,0.2346779569928934
8017f91b7ba848ae,0.01934903196950107
647997f8dae74b5b,0.039597578765756127
e205c2b65e3446cd,0.026624256350778162
59eb8ca50c824be4,0.06461066609733535
a5b7c6ac35e044c9,0.1233638682190065
7f92b77217664495,0.6567578096489166
387b81eb108340fa,0.18755696737603206
e0e2ad6f9d574afc,0.012670946181634704
f7167b0683ad4085,0.0541862148084528
001de1317f8f4f3f,0.054896010258993086
5c6d395bf4ce427b,0.02168864731583748
90a942893ca841b2,0.015450473483666193
a12bf60856644d82,0.07915773634634637
ce0d7de9e9784642,0.045440795339248385
ed0d55cfa439485c,0.0255320971826137
3c8c0316286d41a4,0.06655059966834295
8279b775cff74b5d,0.017888235915619305
9bf7c599ed7b48db,0.037932955064293464
9b50dbb455104cb6,0.03654512781247338
6274a383ec5f4dcd,0.04488070117230184
9e15d870aaf04f85,0.012448930321253871
a84f3b3c5e714c6c,0.009907450017124942
cabe0798d3d14b3f,0.04554495861010743
69cbd701c518439b,0.01794178113576999
40868a1262824e65,0.03633632946116681
b0260c252bb44913,0.6308032641875374
b52e6ded775344c5,0.06574958442029889
55e3fb24391f41cf,0.06542961289925806
2b3929da74524c4b,0.026675409350143158
89db2106a13c4528,0.024201349259025177
14440df865de47bd,0.04775071808783595
46acff48143a4deb,0.15254474311504646
c304ae3afba044b1,0.08443487529648411
31f238fc45a244d9,0.04856724340668004
f4b504076a19461c,0.23839332085209128
f90675eeb6984e07,0.022820350422675058
33ce6d0bd973417c,0.027830333148791297
37b90b7a11af4962,0.013694986052766773
c2c61be673e64139,0.03611942922993257
d11d5bdf32a74a19,0.03127829993811695
579fc80bcea445a9,0.06896823665825191
27d57adc39f042b1,0.03551512699201156
a2c2928bc9034f95,0.06283430872778381
9b734e47612649eb,0.04048051899898515
596301736d1e4ba3,0.009529035554053326
f28486eb937941c7,0.08100228331045474
c9680e94face430a,0.0071702838954922615
f5fcd162f9454579,0.21780253885628253
dcd011951b184f93,0.9109444772436068
5f3ea9f92b954a60,0.04894807023546386
c1958876f88142dc,0.02856982082006253
629544f07c284b5f,0.016404494924337543
ef681c55b3754d7b,0.29049758962055183
15a5e011a6c84ed1,0.04370319139054852
43ab44c420e14270,0.08607076339495115
38338997ae744378,0.03037085334276638
1666a44199c14db1,0.04051974222612059
5d39aa2cff244e7f,0.9028407962772474
7e4434af31e24d89,0.1450616781620238
f300621a153040aa,0.00880798738350216
1ece5754b3a843b6,0.01296211221608648
7e5474b4bfe34e93,0.41101113485023333
154057e5e5214468,0.7078582743357924
12555d5548564f74,0.18186211686250536
05209553f58a4bca,0.018081409743855466
c55b2b3d5b6e4c11,0.164113704515022
57fdff9670944eed,0.030588338557665358
11c274e5016d45fa,0.7151112333172718
470b9f98cf14408f,0.030434342060008956
81a0958695be445d,0.017235371842155983
fc31f824e2f14474,0.955285770051289
c3ae86648b134cfe,0.029638862788162613
895abfcc1d0642c3,0.14351162120414637
9d79eb73afd547af,0.0337283596955084
6a5049f3bb034fc3,0.39873845423875587
c47b2d7356ad4640,0.03049667163873998
33628e2758ac4db8,0.06731981456496237
8082e1a08d614029,0.6829004281739921
7f6a58d6741f4d8b,0.024351899538916116
538034c7d89b4a54,0.04127071344123551
22a2fe85d14f4670,0.04808472618253177
3d28b3797fb34491,0.012277331659768234
886d21da38c54878,0.08576362741573676
7bb4fb8fe25a4da8,0.025285990135693482
df9e2444ddf14240,0.03397036498560878
2e99d66aee594632,0.00872577287194765
44c103ab92b943eb,0.18962371702031675
ccb8547583484277,0.05115836689028909
fc8c1ab17f2b4d46,0.049230514256698776
08261eb4af9648d2,0.7108695122805881
d8592e8366d04631,0.036788019331120456
3626dd5b52d8412a,0.010807595018958383
44ab23a9914e4406,0.022757729522296977
490885e509a84966,0.04124989712208195
1c665aac5a9a4254,0.023257437982683257
57f73f730a624d6d,0.02924874434148651
ca5b5d675d4c4df1,0.06993082285976086
5f2dde4e1e8b4be4,0.00958479444477477
2409257c78a54545,0.4604834875674261
8cd5b670a73c43bf,0.05494186145261783
66f99632d6ec40ff,0.8212091851645447
76d9dd77480d4246,0.03994714282351545
3d3dbb78a46d43c2,0.6198590320052227
8659e9cd7756447d,0.0392062913944486
585cc0c8bf3c4c68,0.10287605931194074
cc557b5434f54444,0.9145814683192738
f5b7eeab0d854ce4,0.028579859580870337
5f69eb5852f8436b,0.03620850689065298
3133f4ff9e0747f6,0.040787435164622736
1e7b34a7cdf045ce,0.10673372177105556
8cf651cbbe53405f,0.03837412463632879
1c6fe6eeb5a4488d,0.018252515196728474
586f280fb98f4bde,0.014411053115711517
4b9920a8fe8b4a13,0.04813480861947563
f43f4614efe64bc5,0.021344013345907242
249d6b5b6f644a2c,0.018881251676303355
ffe1724bccce4e6d,0.08923748012591334
2a7e5c1d8a4e4d80,0.08534491259197678
dbb581edec824172,0.16383615252465006
379016b99f2a4d48,0.3014832725160196
07e35d70540f478f,0.13482623988840628
6447706c1b4d490d,0.07803625253754558
baa2d71b2a7f4915,0.03637771245026121
584460db71a84d00,0.041758443803909404
d9af5970826149e4,0.038048332837889276
fe3caf992604480a,0.8344944419562488
b2728775c861471b,0.09688056910719924
8258903277bb4f25,0.040044622834304114
aacf675ac4484629,0.04469464318495731
9ee961e8c3e444bb,0.12536190570994318
8ea93d431ad34fdf,0.09271023245095059
5edb4083b9c7407f,0.010241511083917236
fd58102ed0a5482c,0.10471537759066077
17b554cf9eab4370,0.02315646723352822
ddf25349bb3b474b,0.08493699476424425
20f2bb330cbb4df6,0.04746321324241771
490251bd74804be1,0.019143203774439472
7f8eb9b4bb5c4430,0.02029727978980141
5379b9a9fae64f49,0.032411864974790525
1ae179a8d56b4f4f,0.03525045491203729
f3455d6d5cd9408c,0.4958268934383412
55257fe174c64606,0.10165989255498697
72429b219c83429f,0.05204195779557792
a362d7a58e3e4bf2,0.31231615762272547
47343d91767e4328,0.05563385947870412
8395d8bd3a4045f8,0.6728643137843628
ea674ebfaade4013,0.0316875581836771
bf9259f91b6c48e3,0.04380380911614294
4ced425c3b8244d0,0.011289413440763708
69601824d50b4677,0.5973969484538608
c2f4378e619c48a6,0.03689624970201803
aaa709226442416c,0.23797905814434467
e830c97e78bb4e58,0.36542748659818314
3b4ab3810fbc4ac8,0.021105916690621177
cf1c42a25bea4cd1,0.0544772671714643
e232c06038f24642,0.01908225256696098
e57b53575ed44619,0.06943629920564698
570d2c02ae4043e1,0.04814430145502448
e57bc3168a6c42e4,0.019548738647616394
2e3dc18495fc4416,0.23377898361244984
1bc89cb7fc5d4bab,0.013867900381308368
8f329dd031354cd6,0.042734484513925405
e9fc1d96ac8546c6,0.11283927536530111
73d060eaa56946d6,0.07479244205833413
732862fb06364783,0.030097652210921855
65bbaea349914d4d,0.16247090334565234
7bbd6e4228f6422b,0.4881927791296568
1bcabff65987435d,0.10427938334814979
a0d2d72af12643ec,0.12470720671336581
a90acbda8621440c,0.19191096678702796
ab1d6cfc0a754529,0.44434113080252446
ddca2150ad2f49cc,0.045508563268171945
2f4cb46edfa24d4d,0.03494948189291143
6d209cde2c0f4ad4,0.04982982588392212
b3bd993783a74c77,0.03291091315708124
75b649df00624856,0.3232947896960756
b8142d9e3315456e,0.027540558126393
26901c95d1324959,0.04103013080737475
d7c7048121db4206,0.6677937287170355
0ba03bf1711542e7,0.18197592584082822
600833181b154013,0.019780133686110944
76c1d573c929488e,0.3987206753340796
c307aff608044cf4,0.030854584105530315
64979ad230ad4590,0.08363351574228722
e5310522cd5e46d6,0.015864853698546472
70bb24c93de44892,0.02061530155111239
c2bec3eec14f4bc1,0.03603027994885661
b32b785b0ece4485,0.8033692887645264
16b53a6c8ef14e08,0.6273383753056709
103c3b8000824adb,0.9592690407156436
59110f319b7d418c,0.7514834912488041
ea4dc24f169449fb,0.35811138601650117
9b27da0bf18d4a59,0.039183473522592535
89ed692ee71b4912,0.1024640023481965
63963ae25e444d5e,0.01055593119865628
64e891155d6e49d6,0.022418141357181898
e91873c44bc549bd,0.12173440186261383
6b4480fcb5cf44bd,0.022441732672541275
71f525071aee4a99,0.040593355683677904
a8cf1d9a8d7d4fe2,0.08405820009247111
5a49e2ff5b8a4dd3,0.03353530328070864
aa4b1dab7a95457c,0.018020061815949596
750158e14a324ec7,0.014448904793546814
54eaa897ac3c4f41,0.03423423278499875
b2db6ceaa40c4a9e,0.02115935558708863
2ec32977169f4c4c,0.025216754516530503
89b3660a47bd4bfc,0.09641836610885701
c1c4391c251c4991,0.05320648223358141
f2f3c64125134e90,0.02294107322833195
d1b9f38324b94f99,0.025232154376410985
52e701dc71494406,0.014981044605906943
b2a0409fd6ab4b3b,0.15599977130389378
502356cacb71445d,0.015979424928129426
975ddb693f4547cc,0.04374789916428344
7b169e425c454367,0.8923820130072432
a63f260f0f164d43,0.022458111755122953
387e4fcf9bf844f1,0.2163905042745927
21341c68a5284314,0.04138588225007369
d44043eb5bd049cc,0.013631548667585707
046d3e0b1b4547f3,0.009790326639660434
48ecf2267db7454e,0.03895889994568996
3f1e4c3e47324fde,0.022514412772418533
b270167c89e246ca,0.07990726521399366
7cb253bc005e428e,0.03765767624248003
826be5b25f3e407f,0.5449087152345757
b6d20d5e6e1c4a01,0.3825588765649254
a0c35c3263744989,0.02975281468456343
dfb4726d5991491c,0.026763129702713336
c95a4b3282324dde,0.6082470703779933
b2db5fdc064142b5,0.08894819628551534
c280cb46725f4391,0.013325530873547039
e3f7e67cddae49e8,0.5234239164858583
79e2cc9689d5439a,0.03647831137403536
44f097879cbc4fa2,0.66574430534399
20be9631ed324462,0.020340001278216936
3af83b328c9042ef,0.018256291487036978
ef7b98dfdc054334,0.02123165072857582
09b11a6f3ae24d34,0.4117441162687697
569c2ebf7ad843ac,0.014375721491310157
cad7648df04e49ab,0.0654128119659057
c9d3e8743e244c17,0.06115404902056053
3e5da30d2bf649c0,0.016554064994012435
4f13710d34d84680,0.016293957831858875
7b7f4a80c0674c91,0.034313103600496504
d80682d7e6374715,0.05641128047816089
00daa88ad80b4c33,0.028384440053166947
3cacc24dc7db40c5,0.031405923945165656
86c11ee2da644a8c,0.03691650310867158
559262bb29e44ef3,0.023784931825276495
ea198fa51e254176,0.031011016520752527
144a9437f7a64c36,0.027889729099034578
dbdc702560084df2,0.026304340157070095
47b20607da5a4c9c,0.05542143576029611
4137d15a38e14664,0.01678879425568871
fb221ffd687348c2,0.10891772883916122
c4ae213b621745ff,0.02042745335267867
55b2fdf77e2b4257,0.8850841974130436
e6204162c0fc41f3,0.025623689713055654
d831b350bc544fbf,0.05256266739190052
0de077a2e73b4409,0.0379925286589668
5fe1ff981c77470f,0.031824051439896126
6b280be7671643f4,0.04140485371078052
83928a5c705c44f8,0.06120710394661083
04608d72e6354c4e,0.02241593056497735
04cc1e26c0f74207,0.04863208702438124
3624d2db47ac40b0,0.35731492891183
7d3ba987e3d049fe,0.9372215842044327
71717a0caeee4227,0.055791434149060425
cd28dd6095b14813,0.01066116592254382
8ce6030cb6814aed,0.04613062789259259
dcfe855c62f84095,0.023164331983690344
1a105a0a0ced404d,0.01606017355190938
8428d06a845e4afe,0.039355751149842286
71ad16dfe38b4904,0.10561837189249279
6888b82a7b984b97,0.0335039813445077
38387d4575204446,0.03914216681127182
22a99ffd51a0499c,0.041590531162563525
508ad30f5fa8428a,0.4403928279192456
90af582da587498e,0.04994981206338252
e2f5db0471d44cf1,0.0602428833896768
f57dd5f40b4749f8,0.7327489970820309
91d1d3e4861b42cf,0.010182016160889418
ce6c9b7b7e53464a,0.03821738486445596
cfa34924d3ad4322,0.039674719477660735
624d8a59eea549ea,0.009496121543414077
ba62ff96591b4a56,0.03243397117751762
f176c49315034bcc,0.007136506398424533
28c6a76fbee84daf,0.02924404774004264
5130878aca414539,0.10986199411500046
b1eb54cb25464e29,0.01515750602371801
b13e9ce706684e4f,0.010792421841155881
7ba179d3e96a4ba8,0.6227290691492764
5cba9083529241a4,0.11227041628110816
fe0ff62bb603455a,0.10542669017421316
dcfb560b311d411c,0.5341119790598201
d572e1864536490e,0.4906210284758864
d3780f9c3f004e21,0.017610205491755713
ba78ff4564134bc3,0.025561264744586826
bfe1ebdd08c540f2,0.02554000044566689
d83b0b3769a544e1,0.45382761799753435
02b44cf153f64533,0.8916224811531706
ee6d260f69f143b0,0.021038026094138695
49ec75839877474a,0.4658175142507576
28f6dba469664ee5,0.020182344830770145
bb936768e4874b9c,0.03974516188171419
f4a1de39256046b3,0.013937967006286658
89d5baa78f584577,0.4300509421384069
f88b291cbfb240ea,0.03689173906049769
cb219f1b5fff4994,0.042166294876528766
4a5d6a33c8af472f,0.013122335042435665
4fe7eb45c9a04162,0.086111886557503
1b7990e4d89e43d1,0.26451283033052136
ff4844752b25433c,0.03575307362713977
03a7b58696104107,0.03041673041314067
6172e20113334851,0.8977033887086374
751128421870450d,0.04050045167688553
b3549a8e666a42bf,0.013196350258792183
7a42df07584d47a4,0.11445143286793062
60edcd0bfc174587,0.015057033916329366
96a04be0ebfb45e0,0.03432843787964402
e708625e25564378,0.016240694621206385
9e9ad9252c44466c,0.018551819326725737
ff7dead4f40b4c45,0.031193279533871365
ef0c0aaf95264103,0.022073852869901434
ecb652e7548e41ce,0.013336645842854915
78c5da7d55e14cf9,0.03350153477194776
32687a0b8a94424c,0.03130380747069283
c07e9505892d45cd,0.17772883455555694
336bdec73009404c,0.16572083502179683
c9573d0362864691,0.02676239849040759
11bd411e607b4bcd,0.10804067061661964
a32329fdca864929,0.2592960953169073
76a55cf344854dbf,0.027099574981813618
19da75c7ef5544ab,0.12812732158781295
d59535b8cef048d1,0.7820775652772138
d6791acf1e694652,0.016649857657518544
733754d0d3774d51,0.1352043812286219
fce15ef1f83b48ca,0.018396510397030358
2a6864c6daf24f83,0.015660489553485646
22b93ec9917841ff,0.7488204269525852
acb3f2fd015a466f,0.06365139982954122
6f49b594b1e04d2a,0.01583461751406382
53d15f400e0d46cf,0.04278892556387506
afcf0b577a3e4caa,0.03126563689514445
66e7f4aa9ad244e2,0.04518505702077899
e72811c36f454440,0.06066047504883217
457842d6a868485b,0.02260501081498757
77b32fda43194a60,0.9389995928049488
ff25666c10264af3,0.028026705744327456
95dae1604dc14b0f,0.13593527921190232
fc03c65d6c174b02,0.05016137138169711
01b5cc8ba60949a3,0.023570993346057
4250f2507faa4174,0.8938501674023479
405838aff23f4255,0.023553460691785044
112279cf0d2a4e60,0.5498975409261323
ef440a42934e41d7,0.915140023885313
22f537ae6edd432e,0.040685063361681165
f1ba6c11ca2b4df2,0.03135275523282299
2284aefd7b6548f3,0.022858904217711754
1cc8a61d1dca4f84,0.027218314264718112
6e6b1ac0dbad4ee9,0.02799430279200498
a1371205398846a3,0.06625301983110343
e9a23961d8c14035,0.040738997718414216
9a907c4ad07f4c05,0.1931983440514246
ea88530e0731441d,0.7045352053246063
6eb44ae973d14458,0.028631600671386186
d3eb8ad9e2b345a0,0.05224541789861572
5ff06c449168477d,0.03031976061302854
c29abce640054c9e,0.8650806600611352
cf19af4cb5074fe5,0.33989210467980036
d730bfdf112349e8,0.015050587242591415
b18dd6446b3f45e4,0.01950356907649409
09d65809a4944cea,0.10943197389291988
91d1c16d39804a03,0.028256701568947728
817f9c5d5a4a481d,0.9078890524426292
400257e406f642da,0.038435513750815456
d78f595280f94eb9,0.06415189736535495
2b7fdc7976cd4655,0.0903530015789663
667a17885d2b49f8,0.020366381681312943
68a1aa7a758044d0,0.14114757374620007
a37f3b59e9864cee,0.06596255501196141
7a4c32de469c4e87,0.05611065915451134
2fe7b1ff1ea3421b,0.03228416746111438
bd25a4daa3df4d58,0.02770744888901125
07e75fa45ee84f9b,0.02167391890939568
7c23bd25500040f2,0.05530325158821751
0e6308caff6e4e69,0.10253207495056202
d82cd9ab6ada49c2,0.05710454697477367
d9644824dc3c4435,0.05769131991978162
a09d3cf285394b94,0.039879832321762704
1b9c09413ac74323,0.24442335054518954
dc4f3379853d4830,0.029719877664074003
ad20217f924d49ff,0.04647991636913501
266bf4e0bf954fd4,0.3734882541452259
e0c0b62612324f72,0.4785930966921372
ddc7126f3bf04d47,0.013122118295344945
de8980e748e44a73,0.04751513532032424
3955451c784e4837,0.039328459663359905
bee717aa7789462a,0.011627746025569641
eb91f85900734e88,0.05008191523849013
51a5c451835e4b4b,0.03274499303610553
daefb8ab2cd74493,0.11087535516810523
041cf846f48247c2,0.25523517107614435
2d1c831936c3406e,0.016204844402891296
6b9595f0285e41d4,0.017208487334508006
5476cb93717d4d42,0.01649874340630906
011c6892b3c74130,0.012617849894523728
b9f1959b7b304209,0.021115284783017073
05ac57b3315546b9,0.016790447155750888
e39918503f054396,0.024417720901259158
178a911947474685,0.044623216896586035
ccac71b8e04345af,0.39060334608140745
5fd8f7e810394f2f,0.007079595568713473
1fa60f30e9ec422a,0.031110617900734893
86b38291e7544c73,0.031734792915967015
3a14272d47b5484f,0.04321580229544973
bc7eeb9ad2f74713,0.03663496455152868
62be77e5776c45c6,0.6487920510261688
788ca89d82184c57,0.062212549352722815
ef311d84d25b4316,0.3193773349924065
7ab8680eb6414b02,0.05186965570742549
e3833e0baabd48e6,0.014838892759010078
156955fdcc5d49a1,0.03002232009510152
1979a93a2a2f43e5,0.0260385700160235
02fc7512c2044916,0.08186889807429214
9342ba18cc444104,0.020972990932765636
f0c6febafe39474c,0.0261663299525624
790504322c8149dc,0.18842084888741686
10a95118c5a94514,0.02900730963323068
4835ce0ac5dc4085,0.4144100291487526
894218ddcb28472e,0.06392317436843857
bd86a4487f0f4db6,0.022624664655628283
b4c9c8a49cea4fed,0.029748623490851268
8102c690faee4f62,0.014630059123021882
2384a963952c468c,0.011294402688612103
a42436068a4844ff,0.02607451373354557
f2f1638b050c4d19,0.05651171967446846
8d3d4742adfd44bf,0.07859963405958034
a91093bd689b4e45,0.009169689046212555
b597fe07bf0445c6,0.02201375167789884
36aae91fe50a4750,0.026431227751332415
dec3253213684090,0.02454669748019268
c7e19c249b154195,0.8513778771650437
4d02483784f04c0d,0.05500571341219555
87ffc0521aa64f89,0.8867545672615771
6f28eb47a1e54dbf,0.05753203234955029
b765c009e9b24f8b,0.03268116724535133
f490168e301845b8,0.12469375747751706
a7b0ec159fc44cdb,0.031169267754493517
d5d60decc3a84b76,0.09310457932338774
e76a08c3930b42f5,0.10935116276979558
8db53d7f6b4d4856,0.49252970229255866
bc89eaf1530945e9,0.47802486591478066
6f42fda1baf74ec7,0.18023829678846437
f3306b17abfd4da8,0.022243069553574125
735c6e3692384d70,0.025607942582086547
cc047fbfbc0545fe,0.3244050507133126
8c740c7d69d046e6,0.8968103295526968
e56640232b87465a,0.10714789747581437
015074166cdb4cb7,0.0712004614291081
5c6f9a627e8b48a7,0.33515150600189175
b3420129e24b4082,0.024240034836122058
47595ccf31014808,0.0739810571938532
d402a75bb12c483e,0.0282609411957118
d2bb0f03fef74645,0.008769873710899
a416065d8b76485f,0.04838080861193529
5ac78fdf35354e40,0.01684265731851876
0fb0c950575b4ac1,0.10945851684306758
681e4cafde784dbe,0.05732974308653279
8fa8cb29090f4081,0.0387751865542668
9d8aad09949742d4,0.1342426087476778
b255e0e85d2b4cf7,0.042691320577921646
3e2df0f2d95340c4,0.01412059781615225
f02be7effef347b5,0.026040275942184672
0bead18b836c46e8,0.08997819942764954
115d0c7f40a64556,0.38638778829424536
e965d7daa469414e,0.067704383579258
54097a1b8802456c,0.17547459842963248
28eae2303bf5429d,0.03982758015912835
2898adff15854d26,0.04732152186398165
e5995d1db37b41ad,0.0591607327303697
4167f38e923b4f84,0.026418544801604705
acee4704b3434a8d,0.5256629959279822
fe918ebe483c41b2,0.294934559276997
0f7b926855ae4a66,0.8447122188900895
7b8edcd95a6b49a7,0.014561759624097673
b74576cb0ea04230,0.035779053115625126
333bc48c1c444a6a,0.06849830230799957
80e3e6b3fb954481,0.03415996677653978
ab3fa65d9ad04949,0.025047499658796567
4f162369513342f5,0.37614388223058187
75246f26af1b4e4f,0.04887665626870257
c0f7de6ce6cf4ef4,0.015377449876267074
5da02927730e4a55,0.04256862908490307
1c9e6ebd52444cb9,0.019666757952506726
3c0afe3c48ec4573,0.03975065272970406
68d3d50f0f8f41ac,0.017965040608021735
89c3629fa8874f3a,0.013930024030064608
eee43ba11a9c4a04,0.08995302441916356
3ecbc45d2d3d4bd0,0.8362828508578748
e2b75350c55d4e3e,0.020502319416015696
b31146275a2147ff,0.020234380620613213
af7fcdd13d464690,0.02733450053166763
c34f768363ba4258,0.592841125958796
9af524971b8f4a90,0.025369348364956933
1d5526e7fa7148a8,0.012305345976583377
86efbd37920f4510,0.10886733504205767
7ae65664949a4e07,0.0520059109152784
c48d59a1757b491f,0.04552179407076286
9fb69524e3ac4361,0.019099225324236826
0ad2de4449ed4ffe,0.6897515425566602
849cac66f2274fb2,0.06306998274989789
947f2b9e23144044,0.026510695213706907
6d36b0a4a3a34103,0.05063590531195381
d7a4c195ed3b4753,0.08032519398183754
8f4c8b622aaf4f09,0.06803041519319353
9a51fd78a07c466f,0.06993753312846299
69f5e81294f44af3,0.02288959620271211
c8f0e689194b4a44,0.097117991239564
fb92dd0429e04497,0.2702105899749512
851db3c739f84c40,0.009232075072337673
8c1b2b35573f466a,0.015776357734145565
4c78dd5e0a204a8a,0.03421661454530985
01beb4e6b94942f6,0.2153464706787021
5807a63e5c1a46fc,0.3502404263405661
aeb3651a063c45a5,0.020155150168987335
12bb8279966445aa,0.03410829889256834
f7bd1d47e4054f30,0.010401967182103022
ba4b9d9c47b84844,0.044081405005417594
e20116bd7f7945b3,0.09824422754711565
e70d96172cff47e4,0.0547805012513916
a7defa61c4984502,0.023684924763737115
c77d0b7174c04728,0.03210370393301358
2ba2c721461c4bbe,0.06028357451218526
e30ccc239c884ad4,0.12879408636604187
5ffd4de44d18472d,0.06018724389442672
21ed83ee1b444c1e,0.015630378048396572
ee9573c56e8e4100,0.04538025437468639
0dc2a0a2827e4936,0.020974440245508312
ad4c36bf95ba4977,0.1417480653011768
bcef4f83c77e4020,0.3658833349642988
f67485e808dd4315,0.030772585626294147
91a412fd5ea14d8c,0.15597507389413218
26e9596a7e9e4691,0.12444271021640482
a7e39a3dbd134b86,0.016696603439756326
52801c6361fb4151,0.03912518787347782
bc9c070ac7b14892,0.03076811731341103
f36c03151d584a41,0.05725447198876536
e4f61f2e98ff4cad,0.07793941798140905
f57d7b0646ab413d,0.015382469747209646
2a403034711543e3,0.01857049465312142
2a56566b86d244cc,0.023127329699766358
8854f2f2111d4dea,0.023951222176535773
652ddc29a0544979,0.03205060434513597
72f2c0d3843c417b,0.0488688829151957
ab129e993e5644a1,0.4507068061005549
2032b61e5ad84d58,0.017656899951771644
92bc8b954da64492,0.026956735837519986
40b8ec6b7c04433c,0.12482610381554107
e87a719d6af74b13,0.12491024693469492
2b209abd85184544,0.0679731979910995
48635cf6169c4b03,0.029597696495416125
c5bea2aea5864363,0.04030878175069795
99b0a7b0e1634adf,0.011352600152084691
209c9334a3004ace,0.01615157540055325
0f7f304f49a646e6,0.03198801441470901
13e88a00b2a7473d,0.16088470212174907
3c3cd90e72424322,0.04916981669015773
6c34d832644c403a,0.009616394751898443
912e88b4addb4ca8,0.008832820251771812
7eecde013c644e87,0.02308571001403166
22bde733a775432b,0.04768534209237528
b146850b67004146,0.016881906519307592
996fda26791c490c,0.012555844377147823
be38114b432c43e4,0.026898362624785767
e66f15adcbcc42a4,0.025978954784744462
ad26e85704194764,0.053063079329141546
9d9f5fa961d64203,0.017767647640073637
39b025173c89457d,0.039301846665454346
25bf2dda58e04f9c,0.3063477165409959
ce66702550654fc3,0.010453030614343238
d34189af73f24807,0.3034389969201813
90e7cb906ad1478a,0.10391308373689807
37c9d2a4eb724e92,0.008415349456533393
6eb235a6de414021,0.3303783644661522
ce53c65d064140f5,0.04520676018036328
1b9bc55715674abd,0.028314023257869036
56d17a74fab3416f,0.02001283113917802
054ac4774b414a57,0.04983678030953557
31ad0a8170be430b,0.014527801726294596
bcd7dbcecca142fa,0.043453406799141114
57e57633f2ab4c7c,0.05564517130791904
f7133f5fe6b8418b,0.03410689147408633
31ab8486442b43d0,0.02657597160397416
e2b8ee8de3f94412,0.028517944104155507
e910c75b1afc4baa,0.051667838679490964
869e7bb8fc4e4a9c,0.03875228238462322
d7cc77d24a6541bd,0.05535260855458015
dc24a75cbaa44e6c,0.4339568956224785
5daad2732a8f47a7,0.025288924216100135
e9b27feb115941ca,0.009274454167342084
f11b2c0d66764c5b,0.2538161235260783
4c6f916bab1343da,0.022259040351482566
0c32526e52854d5e,0.03794351941062788
005752c7df264ba8,0.0367710228560446
e5bbe8460cbe4ad8,0.015610918544656075
2c224d3babfd4f11,0.07985441263257934
a95d0381f17f4a1e,0.05837018178544029
f27bea3b69634bf8,0.008408737820923976
11b0f6f5a57648e9,0.08753322509123093
abe3f394cb27489f,0.6879348110325102
02648a1b6dd041e1,0.6176938044353119
725e99cb182c468b,0.04711493653928336
5d23bd1b07e144b2,0.03419594834648435
28b781bb4fc84296,0.04782226514609933
e6060eb3d94c4225,0.014553204894822666
6830795743ca4b12,0.03290430783845763
74f4f634a6dc4dea,0.3094137403149018
023f24762ef1404a,0.04001266012787401
1dd926c211d84e74,0.03052903734573048
20fe9360b4ee40d5,0.10523973687322356
5d7d25bba8a34068,0.9424044905801512
8fe305cef1104c93,0.10530272108818342
025728822fc2489c,0.04006728786779555
8f9ad49a0409494f,0.04092472019498948
08e2562ab81b4f87,0.038799360781027595
cf730d614a5a41a3,0.014020849118259631
2cc7e87d39f949f4,0.022026651324614194
fcc296ab4e02483b,0.02281251360095004
c3ca903db1f9478e,0.048710785117846975
96b06ac323494ef3,0.02526839028937796
3df0053a9c20475e,0.04232128805701737
1789e71ac5b440dc,0.02601709683918265
b37224eff8b1444c,0.01891656407992471
ad44079ae5cf44b0,0.04381915574962479
8f525814bf2f4d5a,0.012183424508127785
923f448127194f8a,0.0169375661904898
2ad00efd821b4ce0,0.1000258361838611
fc35564fb110409f,0.07550541456544355
ecefcfde3eb142bd,0.029845778465271776
d1d58cd3e31c4687,0.02082102081457023
732577df55fe4ca4,0.07207294173096435
d5cc65808d154c25,0.023879694718878228
8d3bc84e36064bc3,0.06028966138274698
cf77cdb50f024064,0.09059339596472209
51668856d7cb45c3,0.06860936511686275
03ccfec345554c3e,0.021423649322938394
fbc1c66a28ac4dd8,0.6142023681625144
c2b08f721b9946fa,0.042411352734161537
145dae7447704c21,0.011062050937682758
53ba3cc6d071445d,0.04853853379864144
64d3bbde2e0d48f4,0.04444851284386302
8a3a59960eeb4a92,0.07069202940834891
9934900a85b646a5,0.03452870723189451
dd5c573686804f8d,0.03225673590268205
91007dad6b984052,0.051985001144913445
42c1b54525344441,0.04272260395940928
79e3a85ea1204d29,0.03443653382818748
b5cfe7346fdd4fbf,0.10357368088313064
b24eaffc3a3b4547,0.02523801796638364
600648c83e5d482e,0.019220565538038876
c4bf5d95eadf4109,0.016862428826245012
926188a3ac614447,0.06726290647856022
f210cfdd52b640e3,0.0805060925205517
6cbfe62eddf14f9f,0.012325600363872037
b1fc97e81f3d47f4,0.023048536422262934
131c73fdccb84028,0.013447499566336913
7d98d2ef98944dd6,0.01765042639707388
024908b6643e48d0,0.22175820780670855
95e499a63e784c38,0.013028383314386776
d2f66672baf64ca3,0.04242482325568717
f3af5a804e2a4650,0.012999101011453938
bef5e0f5bc8d462f,0.02949832714224169
5432aa2e1df945a3,0.5528528809696011
6b853d2b3ceb44b5,0.07637114533523806
a5e49853ea5b4664,0.05888888063331314
91cf8f93e5cb42e8,0.23995748114273835
1a24129e17a040cf,0.04480450515119648
3edbfad82cd245dc,0.011526154814057405
940cb2f8ff1b482e,0.03873060614470542
75242a6329a9491a,0.6637336788604482
b104f41e9ee04c7d,0.08962897512126719
9b4831ec48c6473f,0.06306534858301113
512ca8fb2edd4b58,0.03363567578879552
39b5ef1c71a14f3a,0.04258190792816925
599c318787c942e7,0.044863355783032195
05451cbf06bc4d7d,0.08886603116924108
572f357580cf4ead,0.10218575757847681
178532864b5d40d4,0.9802472913768268
b3a5dbc78081443d,0.4067211938281442
e471a186de8a473b,0.14816402532620268
7e72bc8d370f4bcb,0.038533653183600775
6147f600f866446d,0.10034420798322241
d6f0f892a899461c,0.011086785766838383
b225f5b2232046ce,0.10003263613968498
4ae4a332817847a9,0.013275694603560779
0066b8e15c99492a,0.01829782741433565
a60be624cc5b4629,0.09384674048619926
941f223a16434ffe,0.029775505503774564
cd2a6dee73a347c0,0.028858781569830776
f2e26b2f24364c4d,0.012085493290442801
1bb0306584b14cd0,0.13419625887210768
d581b4e0395e481a,0.023124321038053286
7fee0c99eb2b4bf7,0.01409017271355691
c3a734b220b24c3c,0.008566648669923134
efb5a75ba75f456b,0.1671727222913122
f7a1594e22f04afa,0.019768842049532644
fa0242243131405e,0.051037300385659144
1fc5b3fdc2224d08,0.010169064845049832
964e58f42e924576,0.13229772644439713
0f4b3130549a4f36,0.31665433217610006
bb78290409c94067,0.03468492736598163
b12b919a97a94803,0.06116929507568949
a35fe54d01da42e9,0.8007707129211179
17193a3503f34c19,0.16679715553365831
5cb7dfec7446419d,0.08492258012724616
dd51a8e3d2504b33,0.022078025224791017
aa0f6f80bdd246ff,0.02116816686055211
4fc8e502504c4936,0.042638332604924375
78d70dea2546435b,0.08412062355592961
2fefef906bca43de,0.09821742982215757
798ca5a0935d452b,0.7565833772676435
012a2a34fd94439f,0.0343292086241325
2f39df9a16d147b6,0.031622740181484574
e4ad9a4a3f9643ac,0.659239688664509
5d77643336794212,0.09774977208315241
36adaf6d219647aa,0.3239245293060321
0e5b9cc828c54f75,0.43194117994289627
9ea1faf44ae9426f,0.02897611892623836
b530a0b7ef99420e,0.017644602167091156
778ef72dde594a77,0.7015285181439251
6f682ad47c03409d,0.02285667102502317
329cbf63952c4515,0.06572322819233342
fca618f6d7c74731,0.01800787734966552
1ec8cc2b0d08447b,0.020488584392522494
0252d64bbb524914,0.018751244524917852
1dfc9170afc94a8f,0.0618275640377972
0f5b8a4bf868445f,0.7913045016462934
7f7a4dfe62e44ef9,0.03977263738472385
144b0b9d24454720,0.05277878636427123
8c87a4cc779f4c4e,0.25397495767192957
a7d30092181a4f48,0.021380876318216783
82743bdc109d4370,0.021449698520853707
b2f03c350d5740bf,0.04740642048783158
0b46674930e1436f,0.0438255298717594
0afd4ce584124d9a,0.07259933451002643
28d76985cabd4e2e,0.0324076313239191
56439c75756b442e,0.014645502897131887
b794f2fe9b6a41a9,0.02390872993760928
bf27b17ec2c04116,0.016499802846767067
7355b9b70f4c4085,0.04900036959446169
a0f338c30baf40cf,0.05883653876019399
98294a81e58a4868,0.06314600199142575
3bd2c7ec4afd43f6,0.02693749263527521
d1852ce4ad8047d4,0.021893735305207232
8bbfa5ee98844b47,0.013107911364319505
721acaac9a65496a,0.03209226282033049
ac4dd530640046b7,0.037333721246226775
e721ff2dcb6348af,0.13105434479800077
9bf5e653da8240b7,0.10997322491188022
2ee8d87d7dc64257,0.09383943633392933
3e7d4a79f92c4a19,0.03248615745199709
a1346b20f56f4f79,0.018773195115309553
dfe8794256114ee7,0.08003783193025085
045148b7aed04c7e,0.4540423412483269
ee79e3c0f34d41ca,0.012317031979237
21f12f7607124eb2,0.016858485686217013
90ec7a84b08844ed,0.014875502207596605
f2a9ba4a79024df1,0.028630450425986904
bc80f8c4486d4e8a,0.02550584742733338
b8f01ce118a94e3c,0.01246233880372983
e7053166a7a04723,0.1265554221784247
2e6ebf52283642e3,0.018116733633999696
0fb5a9d969d14f71,0.08162245116408282
49f50b71424a4503,0.06867704592112138
b91b0402a507462a,0.01479243819185202
a42e340d1baa46d8,0.016521805168758178
03dddb9a19084100,0.028696818751448066
1b1f1302df844ace,0.5782067604834712
bd1fec87d77a49d7,0.017870205059423157
6bc7443b82ab427f,0.9291201394561343
5371a715cc5e4975,0.5978385009047101
0da9bd8e392145b1,0.041155437407606424
fb7dc892a46a4138,0.058145924088148004
32a2cd3810ef4484,0.00921186896090976
d73b847e98284d91,0.05030236540661702
d5766c00084f4fd1,0.3928783472645775
81ad75396e8d4419,0.04799421424488796
361aabb91f9c492d,0.5919891396369612
b532e43ebd244fe0,0.2476461474339498
1722dc65984f4262,0.08747187343346459
831a2ebf7ad54fce,0.0438255298717594
9d8eaf142b2d4895,0.05243311548193289
beb58e3d78704a0d,0.35795267160805444
a7349eb4794645fd,0.05392200374199546
85379f8eef2a4964,0.11101839941568985
0b8f8a04a5de4c06,0.029536719266261214
48f745d3d19a4833,0.0581800999272906
c7ad3779e9094fbb,0.027840963341821363
4424547b8c2f4f39,0.029075143717970642
6d56a1b80d2c40fe,0.027084160694725346
e5263096abcc4cdf,0.06900964645604704
3fcb9d715a0c4cf6,0.06342238410182323
4923dc447c684688,0.013066052553524296
db77617c238942fa,0.027295540752218295
24567ff185c748a2,0.2173399188049469
57658e8470304cf4,0.0416650015988901
5c9588645b6b445e,0.04404394729292237
ac0b9cae3e3848fa,0.07602878159185397
17c66664c9594d48,0.03354494171589968
73efb3552b944b7d,0.029103228076602178
fc6b5647b99d4d8f,0.054318223944313446
69bdd9c93a8f4d56,0.31091359336146096
226be0e032bb4523,0.019120269535786636
8dd174db11c54796,0.05037349442041759
51ae0d3d9cde4d61,0.016609048814686615
42aa28d7d7254753,0.09613611081935518
b55e7cce3d4a4568,0.1405906153078436
05fc047a94984e3d,0.01857141946774496
0a93be2ca4b44e1d,0.04072682716622905
6ea93ae0fa764220,0.12423208947094526
d7126dfeb7454490,0.17837134706234167
41c3f60f1fd343ce,0.033388136381237575
8e03e22b8a324319,0.010089175710243179
c926dbd2914d48fc,0.5785169099380014
cd0727f6ee254fe7,0.022087153983763298
5c71028300f24bdc,0.41052825659582837
bcfe9ef39baf419e,0.19466840398354743
a82a673f615344e6,0.3700251220779343
32a033f628ff49cf,0.14381742573277617
2f04dd0beabf4e64,0.012913949678697356
ea2adc02313c47f3,0.03349955153542838
062c415813d249e7,0.021268030131940625
4a32a7ea7b7541a6,0.04893905542798628
75ee52ff95db4fcb,0.0754955526869919
ff1a40afa39a4fae,0.04178265394063331
f55ebe7fdea74fad,0.019538450760579997
a56cb1c5139441a7,0.2805582215188772
0e05b6efe8bf4bac,0.06654526355435794
930323f19e904233,0.03284469855638831
619849892f684d89,0.028715661396527564
627c6e04d3554b11,0.035340522468817026
340893a1ea09447e,0.02934080666408052
235e0937028045dc,0.046420972950048676
26f295ed7b614312,0.02768560396573851
5b9386794ebd4c4a,0.6541309417701492
4c4dee4a75fa4f6d,0.011041841837495566
77d5c213b6a344a1,0.018900088346634265
e2678416667e480d,0.006990781945998462
2e2b18dde0974a25,0.137278414192559
2444a48393684200,0.0330756975599516
fb9da22b74d1419d,0.019080636831478356
673f887efadc4603,0.019376700211703898
3aa6e51e9fb646c7,0.05693421764941888
127d5ef04e9341fe,0.014931339871491445
08f486924d264357,0.08040818128937134
8fa67bffe0d54126,0.0355069425572883
1802d4d8de714db0,0.16799015726108374
e4cee335088348df,0.020447604058064527
dd91d78383494d11,0.29174524030933735
0f9da2ddabdc4a64,0.06241981211522
4c2f26ea206a41e4,0.006903877616529984
f2b35713d56f47e4,0.05022512563241719
58b071bac041495a,0.010764323826640556
c63d441ba4914cd2,0.03136886699128392
8cbf34c230bc4d5b,0.04404442773582819
e54efa9057b4497a,0.057385246686004955
c97c764be8e34854,0.7603466342858519
6e3ddb22aedc49c5,0.10900215664678983
a48fd445c9f44231,0.04529972063898595
25c4b27ab02c4ddb,0.028725463445910544
d4fc95c476a843a6,0.02078964338040968
bcc51a0f35624b6c,0.03558082909430667
d7d3bfc61c3349a4,0.058380052741162626
cea7996bf5174202,0.024219207457487256
e46adbe24b4d4fa0,0.035976684016061466
edd74bbe1446439c,0.028288683770417683
ab5d3cc885294fd4,0.615784080018653
c8704191b6134e48,0.0867295882160543
80b2746fb8e54429,0.019804040527656042
2f417b531f264676,0.04533213462570738
8c5ec433f7824a8a,0.033753619806462895
283044ac9a464da9,0.020807379745188797
56fa68d3aa794a43,0.007816714731945259
ac9d2062c2924d02,0.056998495217981435
9e97e97538cf4437,0.33974249089308756
6845ac7acdb84919,0.04227285036081331
90fe28992a7d4715,0.016176624920702175
e1cc32fda31c4d4f,0.21895662661285198
2cf629fb394040a6,0.3740849796301181
4ba190ddf0d74a64,0.049172093388018784
295bd53a5d9b463f,0.15547466883489794
ea3c772e10134799,0.2651689029923735
f89f39fafcd148e6,0.019571104196049204
2cfd7dbbde86481f,0.07524974965681094
b4713c697d6f44ce,0.03855621508698102
fc385981e218478b,0.3759801803371401
1a717188ddce4eaa,0.050375285487430366
6b22c1b7c26f46af,0.011142408079795278
dd9a2c30a043404a,0.027097871144851144
a33e66cfdda040e4,0.05639391184236551
a1884fc2ed5941f0,0.014414566036772136
486cbc5a7e9e4bbf,0.025844274563931274
525ad655d94e422e,0.06224861842663596
3ea21a1524514e59,0.02154982006091504
01be3c4a70b7430d,0.022158271555548274
d0ab9926b9134e6b,0.1851328181624893
e6ac0a16ffa74402,0.03796682876822514
0ec6f8f3e1394584,0.023732728294808974
c4e172af363b457d,0.20900207982482702
8351def4a72541d9,0.05082809458910662
c632763f6f914413,0.0897239302693119
c11aeec27a9e47c4,0.033112727916657175
c519ca9af4b84828,0.3650823705849657
7bc44a5fe7bd4c86,0.043822127861797656
4ff6a12e969645c9,0.020118460944629078
3bfbfde626014a2a,0.9276724886202912
a33f0fe5ee034e1a,0.038292508132301804
b5ffe897e9c94400,0.04143588394104371
462cb4f1f6ee43bf,0.01601999744446193
4006935e99cf48b4,0.04910439347596638
38c1f648ef07418f,0.019346539781546365
65147f1162674ecc,0.025965568379849046
b896c02273dc46f0,0.07487057115177592
d2ae8bd9c0d742d9,0.013105922993341476
d6820f3610154573,0.00996280662352229
bbb5c535adc44ab7,0.012952650597892528
cee8b03b5c2446f7,0.13716583518827327
4ab57fff33d14a91,0.032373444192587274
2afc0093de1a46b4,0.07044462139228623
75675e624cc44929,0.04254847292226729
0b0c44b43d3f4774,0.021246156662639938
7e3f6bf8e35c44ca,0.028037512332623832
b69ba4eee91f4caa,0.8697908246676981
a166d851530848d2,0.037040931083594374
5ac115911a024e5e,0.10549741569576836
807c522f44134ed3,0.012261483419256456
c4d4f762b3d2476e,0.7286320905067996
19522ae095444fd8,0.031839909231006394
38351301182742d8,0.02633969284107913
e8a90c72488c4641,0.14289170855601246
599e8b6572ae447b,0.03512592435971916
51c9d9a6142c4468,0.39796712988834815
4255b5bc2b014ddf,0.1429356707743917
72311cfda1d84186,0.024651591001649313
988f23204d444465,0.02361361670674108
1d88984a085545f5,0.052463961388849456
796812bb55324346,0.7605477292695039
21d2523c18984770,0.03447234791977433
fa30a0d16aee4403,0.08235526131373139
1a593a16f2f84388,0.013555868652770147
25f71e6ed2354747,0.057235506640290514
975516efdac449a6,0.043607257864801484
e0deec7440f944e3,0.03211442207001168
899771e90e844b71,0.13542044163877148
214337db73674c69,0.26713351782008965
7208f89b619b49ec,0.06627533800531131
e16e393965f44381,0.2162512037721583
27fd77196ad04ee2,0.1073212972666231
ce5c1b96863e4d54,0.04075747500556781
7c6d5587e437433a,0.01774064685539927
61dee24f90b64caa,0.03747512867771115
0c77c9353c76404d,0.04835493278570028
0507bacea7ab4361,0.04313036235440541
8e8fd848945f4589,0.03867281493130084
933ef871f3884806,0.06006109970205942
9856152680f34809,0.5261165392743494
2184c4f54b5844fa,0.31222229776827076
9f990796fb7a4c4f,0.023002555667117442
21b4c0d76bf84b67,0.1352733994823166
efe61fa82bc843c0,0.4819619488975574
f863a7e46a1740f5,0.011231958787592675
ce6b7c471167457b,0.037109951113007716
76ea85bdff2e439a,0.016499412855408943
382e7fb8a31946c1,0.024789365510905898
013c70ecc5a64e03,0.5460915213084123
32a75ab7a4fc4fc4,0.5035485279244144
885ae80bedd548a1,0.4530590260836993
e6687c8efdc04b5f,0.012969229404400836
fba6c51a23c74387,0.013984264411391112
d96debefceae4439,0.07331093051235792
4f7f957205ff48ec,0.041216573530916525
988835c4d78e4d35,0.02350145793492947
4a59de1a4dfa447b,0.03952684617132167
e845ac1c8dcc4b94,0.06293680458512263
b5e303d7c5944745,0.03440685127381289
18988931d41143f2,0.10586464063677473
e34d0a75ac5b4c7d,0.6589042700771672
dfd28245e99a4dee,0.03317780866983956
3f8b3e3f7f834e6f,0.02960406352252671
445387da3d024f72,0.2838118794942285
eba627fc31944587,0.45556948569881095
87748bb39dea44ac,0.02941470871178633
6274b3068b194c9a,0.051309001457952565
c6361a1c76a0442f,0.28667766276222845
ffcd7cbdbb644b86,0.00886478722181721
b10e66c2ddb441c6,0.022694584640116734
e09583bc601d41a6,0.021993917290433006
dcf6283847294cfc,0.03958076390162747
df99ef9567654fd5,0.059081290124528674
16a2704bbef7479d,0.05293534614091207
b3d34dc4d67b4631,0.03728571237428803
89775aa7299044e1,0.16466941904639013
cfa6c97a56104ed9,0.39281465180893094
e109353b28744f0d,0.48831731173830956
e522721cb7ad44bd,0.030305928550912686
c1038af6e7324c71,0.5337214720499518
daa1f97ee62a4412,0.06908506039599904
5e8e56e4ab5f43c5,0.014210801116471805
c1e528f92e48463f,0.4359025881769242
805a8abb22b94d37,0.017210019108507356
ac65b62d34454ad6,0.014290517519124954
c2ab095a8133469d,0.6033756080564681
e2a9c7babe5c498a,0.4015834381959512
0d6060dc064f4b09,0.031213651125039394
57be2be1476d47bf,0.25827716562525965
ecf9e73c4ff04466,0.03970958212191404
c1583e9598fe4384,0.039222368880657534
e8824cd4829c4a38,0.062040964849765026
65c19b23c1a047e2,0.029746094817000766
c85cb40bdf3d4735,0.021809854698525952
b3d25635f5aa4ffa,0.027353252157812487
a757f67fe91b4cd5,0.7780424768877027
6e55a5cd3c7a4099,0.26252372339873403
12d70766024f4cf4,0.6958592339595077
5d36a627d7d54a45,0.04037999658037622
dec150cf9ddf47e6,0.011254619686509601
d32be8d325ad4039,0.01469033850067086
eeeb09032a8e49d6,0.39574917723593633
a123877554034bab,0.012094843321564843
858dc5ab004b4814,0.04067909692103939
47f5b13e8e9143a8,0.022385996373184114
fcb3e5db48364079,0.01457688070821488
a15bb67f60de45fc,0.05603792318371524
008347231fcb45b6,0.4547122440311292
69e1575851f34de6,0.1351831882551279
08412b2bc6b44d7b,0.03923487585937786
dd052097363f43d7,0.06960097468384296
6dc1ba964f2642f3,0.13461602359904207
eef0b3107ebd4ceb,0.12473061581912544
be916560c0fb4b52,0.034694544522883106
0a1858b06fea4e07,0.011112987922729113
ddbb5416d68f4c19,0.2761016931003354
ae706f9c745943f3,0.012277558275868879
efa95c621e9b46fc,0.05613821730363633
030ebd9508ac4650,0.2840397457161862
df5568bfc1d64f67,0.05380198527819112
c190461968474833,0.06047650941487537
c8c0e4727d814c7f,0.05246471854917201
a01ca1cd976c4d21,0.08747055041885658
07c0e3e47a1e403b,0.02927373447333066
c893073f747142c8,0.13421851083539954
f3c08e5d75ea4a60,0.15615285941660778
c176ce9b9d2b420f,0.01770663380212313
985d1c65bdab434b,0.15082181459006022
aff385f5223e4ff7,0.1685807777746147
db7b4eaee9ad4ea6,0.03631097775195134
2efd8993c48f4c9f,0.04420474559005263
2f853a18ffec4ca0,0.017824001561364433
7922914c6b2841a7,0.08173830179480357
74efb1cc57ec4aa7,0.05682256126949401
66f91010bc244a0d,0.35446147987375837
086535b2e4c14e28,0.1519682121681696
4b283070784a4e91,0.05174920390340566
5abdc075635142f8,0.642041003759741
fcd1d4ca0d20413b,0.5124840831090562
4be8ccbf9d444156,0.024614424269178786
e8508c8b046f4e41,0.2863279990241566
8e435ce3bece4ef6,0.06118502550886583
a260b3f4575d4456,0.9098846866464083
77989dcd02db4110,0.6269817025048168
485eb4bfd51a4c9e,0.04101081533474453
e1019e2542ad4f9f,0.01147566907534626
ac5ea0cc5a2342d0,0.05613329047920779
0acc9e78df4a4222,0.8295965362216167
2f11600248b84d79,0.02447315329812979
1a24e4b215804b29,0.10797903664493402
7e10389225bf4f28,0.12608265430141055
cd436a675bc644c6,0.06085473033297887
807bb3135a8444c5,0.11064203127292409
62753f55b3d04493,0.9055181730437202
9468d9d0f3274742,0.14461103500583622
ff12b2d1f61b4d7b,0.028250231439650893
81fe18c4dd1844f7,0.07036647109555358
b8dee5d3c536469f,0.03251228280722266
2b4abb90e800434b,0.019143929125498903
8806e61f9e924b5e,0.04163746355175152
c4f5d470ae9349ae,0.018052185474897647
1f16dd2707014a8f,0.009809043786209825
f7648d7fa4a04be8,0.07078653354842142
b92bbbbdb1334c15,0.032509881818389055
dfbca34b128f435a,0.015759391371123192
0ce04c3e45c64296,0.02904294889847413
726843454c8d437d,0.0252303677985453
2d81f0bdfe634876,0.02384068176106798
751159e3f16d48c2,0.035881012078169204
8625ef4379014685,0.015313278510809821
e84ab8512f3347cc,0.01357911530345941
7f025bbd25674e20,0.023998167228802547
5f3d9424788a4da9,0.018020321240956687
0b62edf611f74c87,0.9150181846938773
e3a83fa7163f4f1b,0.9378131988976846
9c1395e01ac849c5,0.023436956954856234
468274b532dc4d5c,0.031419547508623955
e0655fec08c34bdd,0.017050983143626713
e737129092fb4f72,0.042366922783195614
faa78017ae8d4fca,0.01695627916346976
5c25943a43764c59,0.048230877960920085
8f2fd5c45fae48a5,0.14160628276543666
bece291b75d94523,0.11142967921503913
629724b3f27b42ae,0.04663065156273879
6689430a7f0e4ea4,0.029383030023379185
ba92c362be864a20,0.0315440204757526
12fb3ab0f5b043b5,0.0833705508271059
3474ecc47dff426e,0.03763908945559693
905af6d98a8646b8,0.06348087924941921
9a19a0c5e4224cfb,0.034247574289442376
b22ab5ed24ea4776,0.023733781702733693
8407d3117c894d14,0.10340079613181445
e98380072bb14ae9,0.029101751581421476
1783c86c857a472c,0.03436316383192001
7952281594434d03,0.025282973846881884
9322f4266d9844a8,0.760838987314532
f41b99f8e4704496,0.023279789160155315
aaef700887de4308,0.014750273975545292
27e3f85224f548b9,0.8226878473605541
f360857fc8ef40f5,0.08949350401049602
8b75b15addb04936,0.08406801519476673
7272140f393d4586,0.009719189588484372
0ef50d4f65704243,0.021752123016948365
e17d52b415cf41df,0.33593743602276394
43fc5e98e6d644cd,0.011393119432462857
96051d9023b346c0,0.028331868774804612
85137766b56f4603,0.8623185509028646
22a23a28eb524052,0.06999716167637149
cb31cff3d688455c,0.020525116805197165
956c7933c1c64ee1,0.027154318730250454
731b1b2eafa143c3,0.3664203940137156
9b0f5e70b461439c,0.00889645755856477
8be73e8bd191443d,0.03685335834190999
39deeef84f5f4a3a,0.45486180023190137
675a44adf6b44458,0.015307438049879812
8b33053abb9f4d48,0.18520051813677452
480ca28cbb9f4845,0.08516999151539056
9a394e491f414ce0,0.04942884118930121
65383dac68174cf4,0.017654396714847642
e8a85a48eb144013,0.1225731294339697
fa8539ce92214f1c,0.6501758231826452
131cccce4ee34d09,0.5874685476933729
d68ce3b88c7145fa,0.01960755097894521
e4bfd9681b414355,0.04733027869143827
dc225751410a429c,0.36343556943347755
34ea062a849b4220,0.02002448887599397
447f2dc7deb94b47,0.018708825311899536
a7fc3b27628e4a14,0.8049222288236398
70db2e5a33054b81,0.018025238877835977
2bb72839608d4fde,0.008342680791981959
29eaf0cc617b483c,0.7739807425517831
72cbaae7d1884242,0.03705908779911442
0a92c56f26d14509,0.03732200347152127
267549a4764843f3,0.024969772450668327
80ce2000a65c450b,0.07793977722631242
d706562d97d24c8c,0.8927513188215543
454ec569101e41f9,0.034834173182621754
510bdba6dfab48f9,0.01633002045128829
f3f8909f7e284738,0.08793374904543595
22ed9c92d67041b8,0.03948166670383603
dee2c5a813b84e73,0.014447575871194163
e700ec4c8bae497d,0.011739520647094211
d1c72ddb09a44c7a,0.021888215145296378
93ad083387a64947,0.0760017244807793
e0917ad680b04c83,0.012928678660332694
c97c6877a96f4fff,0.05870781045727742
d0bfa360cdba4495,0.01750844315529102
a4f56828e8e945ac,0.6232999954912467
82bf453e37254562,0.011684518302350861
dc4000bee9dd4449,0.1041325619930255
3997823dc1e04ac4,0.01866582388640125
eee9519304874e5d,0.021876655825455615
9d3951927b504707,0.035135499565262726
ea00dc20a49142c2,0.12443727532449514
9ce58b25256446b6,0.014983649082324685
2d16cc500f8a49d0,0.04812634606993783
b00430f66cd74bfc,0.04464852625359654
1cef93798497446d,0.03880171511879625
147d6bf1e4c34502,0.05570920414546732
009bb9bded37477e,0.035478601176429286
fb91192ac7264eb1,0.014961890256623622
e99eeb8edc184160,0.016663601413940844
9b57cac8bd674af2,0.10715089025027709
93f89ed88a184fac,0.8438579668652899
12a76ef5bf404af8,0.06801030494511502
d40180758a5141b3,0.07380954957339148
db6c484e7d4c4068,0.6010793153642047
71c36eda951e4f5c,0.01420339696991452
1c80953690ff47cb,0.015167688405887222
ce200b7e677347f5,0.10587633075300215
84c2ed2d1bf74014,0.03117923436177499
20fb87da7f284ef5,0.019388076337254125
66cfecf90f98469c,0.051319961110293674
dc0b33b9c0534d26,0.014944145968557865
6e67791a279d4959,0.03682165931354759
ba0ed45dc3f74489,0.01218061727905026
e80d66fb3d0545ac,0.07069576083825875
7d52671fa7b640ee,0.020086791047164806
1238dfd2412041ca,0.22157531089205396
c187f06c92674d2f,0.10203570287316625
13e9bd4c019b4d07,0.026086528719343294
944624a012e04d37,0.0247908425482991
5204ca80c2d2415b,0.041075114277740396
cde4d3f36fb24b1b,0.01362687443421825
f5e479e02e6e409d,0.8648775982642928
5a4b2a77fd8143fe,0.056652291476345054
34aaf2d90447432a,0.4025265036204046
1796f5ae1d41459c,0.025485361323901574
0923d1813b1247d2,0.04242325636693911
702d2c02e20846a1,0.05035458286055459
af24889dc8fd44ee,0.021224289214576857
d6875df07c6e4aba,0.009339375230633546
844ec892f0374fe0,0.035561107104504476
9d244aea7c2249fa,0.03188396542545021
667a1d5c03794b03,0.11276645114778679
13f9dd27ff4b4640,0.014640074334516303
1e78b7fe30ce4871,0.025951647563407787
d4bf853e88ea4fc3,0.010891781179641218
64121cfd62864d48,0.18204245319429196
61fcc012e92d402d,0.47757746783481225
9888e79a913d4adb,0.02039203097139671
d487a221fbf54b11,0.025844642033527803
640b7d6ed0f04cf5,0.04233914619305938
870fd856830840c4,0.029001077113008415
31325c140f3546c1,0.1668730051840018
565ef9fe11ab4c25,0.050745991340018004
9abdf177d8c84589,0.030524579976864207
1879b9e5aac74b96,0.2020940939706327
4d8ee239d8a64786,0.018691381427463967
29bef32626a04b58,0.14147553238582028
198564090e3c4f7f,0.0515179242422261
b889cffd67214592,0.03483279959596801
7f0ab646f57442c9,0.06147392055158226
7d9164a6249345f6,0.022557209092745754
49d9d30072354279,0.01666023232734939
0fba6750bf4541d7,0.7123105063411417
998e8b6473ff4d65,0.019674685414123032
fb45df41f692479d,0.08536856214811755
a0a65fea02ee45f8,0.03145159377927145
ec5a28fe844e45f0,0.059920069172589165
93c9139a8ab94ed9,0.029022934721282246
491c4c552a9d4abf,0.012378453860806077
ffaf7665fd5d4ea9,0.023145055059184145
73ff345eaad7457a,0.035530325212600425
ec82f237fc95486c,0.09393388033279355
6c8e9b50307547d6,0.6155959830983431
4b5cdda93b2e43df,0.032675984586193654
c4551ebb56484098,0.23494204362809984
66d3c605e90b4868,0.04534934124958662
28ea0f5a77414401,0.008350520621905326
3f92e071aee14af3,0.012443957170910843
e8015b83c36f446b,0.01271922130034003
260055bb1af04f1b,0.39409478206942666
971225ed7266479d,0.05958991963663486
d0ab5a9b4e2f499e,0.0213883683153537
1912b5bc946b4093,0.017357862241578037
c760b9d89f484543,0.05937948124666258
bf2003747a6147d3,0.1716844573231131
b068f682d68f4b45,0.09434858564251371
cf22ccf41a714814,0.1196462025345797
d9366480bd19430b,0.017938628812710994
97c8239acff74884,0.03981752577437785
4fbc6bd8feb441e9,0.032287249049424274
faa3d9191e1245bd,0.06459231092405156
1becda0d9e6346be,0.027292927547304325
4fb1e8f79d9b437d,0.12280832369932156
9e9c9dc088704288,0.09707379419028815
34b5083c7bec445a,0.10335276994091544
99ba3242f6964d68,0.15808778378681457
5da3046b710e4596,0.023676318802547204
74a18a6424394990,0.008424053752747383
b305520180bd4f99,0.02818123508178578
c986fa93a4c84cfb,0.05980207856284943
251c526a8f8a46ae,0.7718203953300297
95dcdf1f780a46ea,0.39475196220133213
ede9f702c51f4595,0.3571907492406933
125ab7d841fa4d66,0.06652697729442199
04f5f388a85e4c2f,0.0900395374597865
0a698c215123492f,0.02760668377236552
bc6828a9dba54cfb,0.024176403896248134
cb8b26e691b741c3,0.025334605170487738
608252b46df84231,0.017352175056371495
f0a7c46d4c5b4af8,0.0411839898271179
23faebe108844f57,0.04241640442091262
856342e470484383,0.026483157898159713
384643bcd09e4f1a,0.03592014874651595
9eda467101d640ec,0.050933057912312805
8425e68be6e546cd,0.023419980793864408
748c2e4190344831,0.07807620081911273
45c5cec96591411e,0.05025026809468016
0b80eecf452e415e,0.011736409147813407
376ff70ca7d645b7,0.021480470058190693
ae2feab275dc4300,0.6584180933023418
875f9b31a4d8440c,0.043334430581086075
62edb4e5bb9c43f1,0.0494668652408065
7f3cc6615c734f46,0.02031160478294308
4a445225c2c64f1d,0.03763231762171922
2ea07c08478941c8,0.010956137582877487
c41c0d60d9474beb,0.35628501629464604
4078ad2bf2ec4202,0.013793897459888165
ba516ea057704e72,0.024410809448549023
0b5f74becdf54584,0.01911617425252756
585db1f299024f7e,0.04123190637160789
e7c0f1c406af439f,0.06577911611337232
73f60245d0054669,0.05753505466059544
c434c2a3c31e47fa,0.08450777980508149
a8a74b6216274c75,0.14610366333275052
651c75a30a124c45,0.4338742546565647
0a85fc6d61ca42e6,0.045587713636251845
3db104b9b4814855,0.03613158352786448
7d323917b2f34099,0.06211951721484545
0dac60516d824b85,0.0412541198356503
12bbdc9eea91495b,0.03731851312123323
c08881e9ddf3491d,0.17564531495919455
898df84bb3d944ae,0.36499147357851947
519f39ac79e34329,0.00886486462035058
735194b21328484d,0.3063919974287395
467207e0785e4b3b,0.03596504040102526
583f1fe2a62e4acb,0.05948740509599597
cd6f4f4d9f2c4711,0.05514570125804853
634a9c332d034408,0.02051867717612523
2b68686510354bc3,0.12534277141314046
580e9f302db74490,0.03124067268890854
9eb2267c7356448f,0.020169377845786127
0ed0adc015914244,0.03866765086816034
4c21fbaed83a44af,0.10201778430198197
09b5527294d54431,0.6108141641828528
e9a000915b784bed,0.04554498297827599
9aa0dc4e295944d6,0.018821405898184193
997322dab827490c,0.019528985180159487
8c9a836f4bc34212,0.5528418092506704
7d9b0bd9d6e74b2a,0.01325735216109726
45c607d124f84d71,0.014519761195539873
3c4a6dc5234342a7,0.09877541454539683
a5fedd7c0a064f69,0.12410441761941689
d5dd632226c6478d,0.059514285690376235
af187cb942864dd0,0.05520567832109029
c6f91c87e5974fcb,0.053766764602481684
2647f87299f3432e,0.019309900817907934
9a46826631974e12,0.03391597516520236
2380a3cbad974bfd,0.10686695675609752
67a63a73f8504068,0.03358368817886451
4783cbd4990b431a,0.3866117986489192
37fa31be31174170,0.7043961332852893
91f592dd3ddf4146,0.03950681352490738
7769632e8a1841ac,0.1110942078577886
ff4b1b40925c4700,0.019140626138575423
ee75cc4bd1c04f04,0.01946785988971189
a33b74dc8c1e4f9d,0.041904913570725344
ea8c9705b14e400d,0.046225332728342824
0bd7d17071154a97,0.24682569439068636
53aefa94dd38437a,0.043662737253449824
dc9097b8b873471b,0.13168693255182462
42a81eddc90c4f63,0.2776646490921532
46619dd82f0e4aee,0.08968855663137895
5fd252ddd0834164,0.055854569191474336
866f2fa98b4e4114,0.030807951564733205
3947bd2bd8e9493b,0.03983481026459322
3d8d042d07b44727,0.027595997484191188
6ebe6c25f0b34f14,0.02101949431586398
3df2ccac486e40bf,0.8828050422090182
2c9fd47b30954218,0.8852487426252086
4a063a49ce65499e,0.23857556557635856
52afa3af686a4ad3,0.028743688328139866
7ba030a165c54c44,0.06588896463681329
65610b9a0d7b4581,0.014494046756900645
1c109e5788ed4180,0.04549763679246723
7793a5191da64cef,0.045519161643080466
7a0edebf208c420a,0.0218176329891217
69e8902ae207440a,0.043936684623965126
d08df199fdba4a21,0.09915354521781913
0688654df7604d86,0.11991794047818019
54c3ff5bf66c4e13,0.014186465158429796
9b4a68bfe37a403a,0.3193315869916445
fdebad8931b24330,0.04228034418617105
2b50a5e325a84c9d,0.03665422439448638
8c0d673d72774bf5,0.03823144554888893
1c6dfbc782ab420d,0.04901574367969773
828ca4ece8f14fda,0.7417670041430874
2a573bcd792640de,0.013465436488390232
8d7b8cbbc7434920,0.08382463199959078
eee57a18bf3f4b84,0.018779873126236794
9783a49407314d5e,0.05632659163639009
de73efecde0b47b6,0.033285460852168144
50ba1568cb2c47f8,0.02252602123457767
44ccfb070ca246b0,0.05551637386069678
27c190fbcc28416f,0.05106050039673241
0e060ec877824155,0.05618964871012287
912aada2394b4542,0.599039868165688
7a0d39d2da2d4206,0.09595815706279105
1750e7151e644d6a,0.08834771923032361
047248b8b9524d43,0.037040332908835155
e66f16a6c1b548d8,0.0402455716090567
4485175d79fc4e4f,0.035284491870481736
27ab0f71ff404e25,0.061240703551061926
544e0ab487c047aa,0.07258934757107458
857c675f7ead4c08,0.04697295639868819
2177c383d7ad4c08,0.958385983593628
9b8b30eab61c4d6b,0.023226671613797035
e9f2a92b0a474406,0.840977369878766
67a61075641f4a28,0.04676738337530943
e010e42098df4833,0.016203748716767902
1036e166c0514fee,0.02136102723301047
d07e09b4926d4b93,0.03572836548287635
bd26455624454505,0.0188313542160909
0ba2da60fc8945eb,0.033104825278144845
75189da63ef04ed5,0.020246531626481323
3f2c2dec7dd44153,0.07609917690614693
619c7cc724484d16,0.019291904394484798
6b31b65b4ab4418c,0.044557300378133234
21d23cf680ed4d1f,0.07587351682982038
5ccc6d9099c44d8b,0.033625001416259216
7f3fcf1b03004528,0.012550369205438765
f18b5aa08a054809,0.0647958166606169
bd827d3bac194a1e,0.06780790213625613
88256b3987314b2b,0.01987480328851891
89c9527b87874897,0.6401585399827934
28f077691dc64b3a,0.07958665158127536
fbc11f8adbb147a0,0.28490494921397896
f57da6e2d6414b3c,0.033530513110332734
bb60745997004000,0.028556439020855452
755cebb1b274456a,0.039692935652996884
9639719d9b0f440f,0.03851472810903341
f68ea7fe99f24bc1,0.035484575566004775
cb6b009b5b7d46e8,0.012398152487652327
f2540719faeb4154,0.09603218353807659
7d74c61416e74615,0.02830202045582498
74afdd47d26b4f7b,0.02196894452710485
9449fb9ee5754efe,0.07716272832592555
ecb7a18d2fe54258,0.030352658256198477
3c4430f77f454f8a,0.018087203192123046
8273690217c44476,0.05856777318124071
c856fd98404a4ccb,0.04195526128408032
a9fd3bc46d3c446d,0.025920867203517856
0ff591127e3b4c11,0.018798454270260733
49a19af186854312,0.019306111810296046
64f114eb84464f49,0.017120172693885556
99ffc65cb43f405b,0.1255310213059665
15fb660e14944183,0.8473527797828367
b83a04330559478d,0.0199456980857385
92bcebbea22a44c5,0.04419673858840748
e1aa6381542c4ded,0.04485044681091878
17b3af63a4264049,0.11093835585180858
893a52dc4afd4c98,0.18914016070441106
151a347d24f74f43,0.11402193781968359
13213286aa834219,0.008262457942320068
6dda2ad1b98049f5,0.03424174155722351
f44deaf8bb694554,0.17484740953019431
2e1deee9c1e44f5a,0.022856601467350864
9400a7594a114659,0.4291660576127036
02338a3c71f947e1,0.19417460381838875
16905465f7de4a77,0.026131365436535204
e20abd32e5b94da5,0.22259094433121626
785a69a1c99f4674,0.035991707960294994
1c3c7c979cdb4b95,0.014056516169674044
1bcc263fa1d24bc9,0.04900003521581947
cdf90ae0031f42ea,0.3050169704949385
1136cecc64df4488,0.0736731395123355
9e0ccde68ef04821,0.011381104833509941
bd3fc2536cd24e7d,0.024870543811133808
250b1653b3674d65,0.02572632695821153
dcc5bfd04b574689,0.07250864067941601
acea1f8061764b2b,0.042029614473632945
12050edb2800454c,0.02734461239308007
b4f038d539be42b1,0.01652256939523658
c472dc698fa543c1,0.21097454507459973
ee982845f65b4472,0.05780316211030777
5f6c24e4a1cd410b,0.010574742978951715
f910f37da4b144a8,0.05394795632552083
94fc9ceb421641bc,0.03653295372690586
1dab574b23614255,0.026242193133222052
521fbbd7558740da,0.03538431380345437
10d68058a31a43e4,0.038216964077682374
4a7abc8a8935471e,0.04197284363108661
8f0d14052e28414e,0.293352244338286
12ad0037d7c84bc2,0.014672926668158304
3a5354aa49884675,0.020471640943408566
afc3eaf344224e92,0.01705041070574076
b4d8031599bc4d93,0.012818302042247504
22ba5be0e59b43f8,0.01770067758362539
fb5d00136b514b56,0.7841451348624509
25cefaf7fed54b94,0.02370627657187386
e73d64173f974cd0,0.021311642300730158
fe08aed2db664972,0.02533292844752859
a2d1b85930734acf,0.03610237274969843
25332911ac824555,0.29063274829294106
96455ba977494595,0.10383327597388212
0404bd7e45234f80,0.14366796151604316
b4229af89f2c4d7b,0.018128651117757705
ad759b6701f74963,0.02640264873905081
01084b744f6e49ac,0.06502232578128614
73d0826679f94e4a,0.025554904586794658
0364102c9b8f4989,0.015994364894289806
41923145b1254e36,0.013508385497813621
2b977ea19b83453e,0.025551458046778736
11a001d9c543402c,0.012875691403058765
225ed3c6a30f4a11,0.7684436048170349
0617452f3a5a4aee,0.14937395040317797
f37c1017cdda4552,0.6467401348438131
e6b00f78acd941b4,0.01602822554940147
f9e1420969974427,0.04736918666704439
3cd87e13c985405d,0.036926261605355795
35d10803e7484d9b,0.09413119281871676
c5e2f58df9234df2,0.08315523528357595
e41ce6436a6741f5,0.8237351202667575
0a979343ac7f433d,0.13193526856210577
a3dfe7a41ea54974,0.08491020264135984
c0b9a337290a4e35,0.5823699946325025
ddb007764d2243c9,0.038255604017424984
23393c5932454487,0.35430503209916814
d9e0d7efee644931,0.09254804795139734
421060c424c44b94,0.07415556942619767
0dedb6387f434ae4,0.0363916977745664
305739c93f0445ad,0.010489449300507422
23e65e579cb64b70,0.03909864178510639
4c83e6b5fa59426d,0.05343683735913518
d6ae1de264da4662,0.029044488447064504
3f62a96b5a264b31,0.03812737974002199
fbdf17b39b2c469b,0.02435738204035346
54f8d30be9eb4134,0.04495806590463804
31eca57a377444a9,0.02706125827290417
7eaf4401305c4afe,0.014419663715347752
10e57818f2a94ece,0.028384864196260417
f28c1a84c7fd4be6,0.03817002134385301
c649ccd2f523467d,0.01192647140702997
594347ca48074e75,0.03226929873185432
71bb874cfa4046d9,0.04065202350484113
17a44c9886294e8a,0.02421553525323803
a85f37b7d15a43e1,0.007285559827132787
fa7043b7b09c49fd,0.0946700679933609
e9cd850e0d234ac6,0.031654576510521844
8557a0e7f55e436b,0.032506470820010645
4bff6f90834a40f8,0.025161158463080795
0cde5ba00fa54457,0.38220125290480783
491a182b6e1b446b,0.0414289336650398
7223a6f1f9bc4862,0.06632766346417694
9da7b0afd9114308,0.1325396465347677
0f2290a84904412d,0.4479230094808491
c6f3e77202d7475b,0.07161105872345239
99a019a309c4402d,0.038256031528536
3dedda270d9942a7,0.01667077871840074
5ea52cd9a59e4972,0.014431520563662245
a2e6996e8dc64a9c,0.06015114533356432
65172adbaa074422,0.015166826183070909
a49aba42d7ce4375,0.2343099746850071
5175656e337a4669,0.0208667278886934
2375df04c29343aa,0.12913309061615733
df72df6ddb0b4362,0.12853443717910334
6e1f5bb299da45fb,0.055169575180014495
c8c4988e21a34004,0.31733280312445616
a573e54299a346b6,0.09756995870921462
9ea96d2e74d04ea8,0.05357998078105826
919e4da3fa264db5,0.03414079072737161
438ec5f8b75f4e92,0.45633795862218196
b7fd2197374a492f,0.6667272495828203
4.44E+15,0.02923375289658405
158859485abb47ac,0.028647044837022562
032c399cecf14a61,0.05190496470976143
5dec63db1c004a82,0.015703085535421483
307e46ff74534074,0.03973710970205564
73c7333f7e0042fe,0.010452938502628465
ded7e905ab524627,0.039320599432494815
346dbcdd3fb241f4,0.08358407345861704
059f65de0906404d,0.024161140748931616
795f57a827584612,0.21478936156270745
e9d3d26812654b17,0.06351083970621749
2c567675189a428e,0.03315424096538007
c3b92704313c4c9c,0.028760657541820882
2254efe75fd54f59,0.1611656161765213
3bb5e0d9f2c94b62,0.35687190019863435
9a723b4f2f8842f9,0.024404146477754005
e2adc5e05d984269,0.06395498450702684
4429f3a7a0634562,0.06337227640178705
537d140010fd448c,0.025326385252435624
d383effcfad24608,0.020352107894438275
4aa76e6ac8434140,0.4280623890114634
372f28f22ca84c4e,0.05797065143259493
942430a557654bfe,0.6202783270744557
5a3a4412a2404017,0.018701421389837918
8986dfc3e69a4576,0.02379943022773453
fe10ea20aa9b43f4,0.02904353539080363
df941da6490d4aab,0.008653068894609773
ab0b24e32e9c436e,0.03601246063960621
3165487107d74fa3,0.02642318752917658
cafcb70f30ed4a34,0.012266667333657551
dcef6eca0a754dd1,0.03550763115100704
1864e2957a3240c3,0.008271730747617275
023ccd0b833f494c,0.053868558592013185
42ac0e376053477d,0.08500630056079987
db59a8d8528f45ee,0.05682794296572121
02ff02506c124a5b,0.09618489410806111
1e4d0833cea24cc2,0.19483352077593524
369a772da5dd4e5f,0.012776032661337446
f7ddebd4de604492,0.09848532867876178
411791061e064a5a,0.25244993922056613
ae520a314bab4ce8,0.312513522781923
cb2a88b1fa3349df,0.02161496031716164
61d11814138c4b90,0.08341772920107934
288268debff64b56,0.0680088100840773
a1f19aaed23f4025,0.027530947347178692
9615fa1a11f548ab,0.23629125622430208
198064a1a9da4663,0.9499332360661246
1b62c53f0dd4491d,0.5127604840365736
4020540a8551480d,0.06795390949342725
b7183147490b4103,0.09142443211952353
a86d554f50894897,0.013296738003583858
bcced71053db4320,0.05851325206553141
6a7728823a9a46cd,0.2013196064266654
7bf5aef7242f4e36,0.06645564192607346
d0affa65aec643a9,0.24258823588766876
32912f37929743d5,0.33803770378515025
01bc5b5fc6cf4e34,0.02645812069507438
6d00a97d7b534684,0.01509268016528947
ab73e83535ca4a70,0.031620740765626446
7b0862d0019d4edd,0.028285368607950296
201e41edad764a8b,0.017689035120648657
de59661f2c554257,0.1876349993822032
fa70c08e207a4adb,0.027361863171850208
c9da010e14564697,0.059120673454306605
f20ddcda173b4d77,0.0949481855731609
b389967ff4754f14,0.02160540035583148
0bcd062dec0a4090,0.06242383412829391
d9ef2b8400424755,0.06978644915998816
7ade889ca60347b3,0.02164083606019345
64f688deb88f4b37,0.021969100313144377
39b6f231d21d4002,0.040950651277787284
af1d79e409d74a47,0.03900503059147901
db66ef1a12054169,0.034312237412025035
562bf83866504343,0.048493842829781225
9242a7e95ad34ad1,0.03730373679720499
35aa0a04d9f24779,0.6137083414810862
ffce725f5bc84257,0.2347586707487853
190644e1027d45ad,0.011727768480302254
a0da4591cdf141f4,0.021313241987820482
42a1d1f558e24bf3,0.13725864594724732
7d5c4bb8484945e6,0.10771920197268944
ccc45a2846434429,0.09264850240275893
ad92dbebf02e485b,0.29085607408633646
cb979260e7494319,0.008413623617713452
79f1743dccd34050,0.14049597084931512
aa4707a13e084d1f,0.01939915340493578
bbd6e4d940164709,0.03157575077144827
6d5b0a2876d14869,0.027108703465361435
dc09496f46534e27,0.024511992901879897
bd9141b62665432e,0.047053688531694275
17856b703e824af3,0.024040077000492013
fbe872687a564428,0.010544225175031506
fe36e8b46b4b4728,0.023546881422563826
869cf9bf897840fb,0.01552223896608059
4c9e5fc486bc4883,0.04293179996378951
8a6db6a546134839,0.1022463376621996
245a98d7ae6a4723,0.22554161449047055
f91a87664dd24aa4,0.019334794236098678
5f5da7a7f2f9428c,0.046755369704288174
9a948650b67540c8,0.8055508720992892
bed398d61e9e4b97,0.029087880227209095
d6dc5212f86349d6,0.10872358763806782
e980840d2ed84973,0.5719615458316586
07359f2efeed44d2,0.01762830137705046
f5d86acf3a154193,0.025299240231591184
b80b950206264ab0,0.045053216268219815
2e7f0af2cd7d4c2e,0.6475313757168221
08ed9e92a366402a,0.08136467790695731
5d4df2587c114950,0.05308679077346541
c68e55a93a624e55,0.026165503842639343
cc9c1aa2033e4996,0.03829228405119094
3e5ba8b6ed7b40a2,0.008202613666010748
78a334c471354ef8,0.04784253920043663
01429b2901de4cdc,0.025692901538887696
65c5390fd8c146cb,0.1548043017288218
9036309a67424df5,0.02609691638777604
644813fb0ea64ba3,0.013864197583612306
5c8caf66ff454cd7,0.028105779015869324
3a872a277963428f,0.012037879566203512
7a347469be6e43b8,0.023559901289538658
d643e44c1bc34367,0.042172808684455235
b41d1417e3924b43,0.049079153325353536
7435d726d11246ae,0.016172647235811338
aaf21a800d77474c,0.24619993019653702
82fe2d11642d4d20,0.06265914824436372
fbb0585054cf4d6a,0.12006023309471843
d674691eae8142a9,0.317066605508231
c47210d93df04e6d,0.06242561028503807
31fc06d415ac4c8d,0.02727489165121543
144cf99ad69d4c71,0.021348879386082587
a875225f1fdc4fde,0.1291768870366109
9b810d49a51748dc,0.025457989719592428
463a24e8d5424ccd,0.02363936794544776
6f955332ba294acb,0.037063654524772144
9bac53e99a254445,0.04201879825737985
83f1f1dbb19d405a,0.5456461107820297
5cd96cc7f10f497b,0.02151133781382718
5e5bf14e70484277,0.015823021847604375
39475432ae604cc6,0.05323021100486551
4f16fc0a2b8f4b06,0.039584965563847684
3d10f12359514ddb,0.06165134230497595
9db1ae65ecce4330,0.027230622360688135
f7db39e5ccfd4f24,0.012811849262722746
6902d2cc51e34397,0.023945808319804723
ddd536e5f243467c,0.031312219646990505
c7c34c5d475f44be,0.048192910005861976
5dfe51a092a6464b,0.21807279198932342
679e1e6dc4ad45d6,0.06333907925542735
938d0c558dbe43c9,0.018008194821468513
1e3eebbae1ce4e5f,0.09336834204175218
83daf982dedb4d4f,0.027607112738018847
3347b230c6204d9e,0.01341760427995058
a34147faf3854de5,0.2711366571542927
fc8bc1bf6990489e,0.04375333245257664
a18fa86ed0854dfc,0.04171801005965674
ed53345e64fc42ed,0.033270685529830084
f2659080ad1244cd,0.03593379958822212
1c40b7befaf44808,0.01582929177671497
440b8154578e4648,0.08526345486662149
14c2db019dc14628,0.030508711401865236
bfe13690224842c9,0.17840815079451441
4494c8725e7d4d6b,0.019973984407822894
6b78e0467cbd4f46,0.26243507502151414
14dc6cfb8d2444a5,0.016670080830194424
1bea41eeea7b43ba,0.027310844424430374
6549d5838b9e47e8,0.026112533289286855
714a0995319e4354,0.04054296470919273
9903df2463fc40ae,0.14480290141018945
13bcacd7565a4e0a,0.024435867952053002
92443290e427414e,0.086738792144409
22f1262452544771,0.04596545812876522
4d617a3f4e0e470a,0.05383624348141421
97942ab6ab594fc1,0.11827392608441016
6abfa01c2d484c44,0.05059875494549139
f1f9496776484952,0.06769690850820309
44f5a140566447bc,0.07876933291440433
e74f2fb76f1244a3,0.014709540632766421
6a05dff8db6a4ad4,0.012098174234796406
0624dbb8470e4203,0.020527695136813774
1bfb69a4d58740a1,0.9828759791305149
fd82f540a86a4fbf,0.03800529802127818
cfc41c076ab04f32,0.020192189908988068
4f0b024a29b94e70,0.047181525202787414
bcd0ac373f4449ab,0.06786029248908146
fab7fb4388bd4942,0.0566260382585975
9c4044472c594124,0.27319211216713013
17c528edd8db4e36,0.023071157726906516
6bce161679194136,0.013079385443050501
9c28bb789f394529,0.026384443249278015
11cb114ffed44301,0.038592884575515476
fe784c87a10e4c77,0.009173360283815728
b218ede15bf842ca,0.044382278779242036
e967da3dfe08408f,0.15500651462949394
f3e620c013484839,0.029370395421924107
ad614d26d3eb4d07,0.6241359527631835
e3c0add73d434c32,0.04829355112334784
e48ccf336d2d470c,0.022011599447884018
937c1ef1a3f94865,0.028225236497945682
7c121aa87d0043f1,0.09358050552998488
dabb7d0a59254e03,0.034244382987549934
c2d6335010044a1b,0.029466376751001593
59afece43ed04787,0.03982349522112978
cf6daf51ace24954,0.12766514811057067
5f945ed6c7244c48,0.03025933748698766
28bcb147528c485d,0.06456857538775487
c736c81e245a4744,0.02598694711153186
83e6370813094b2d,0.027763791306875722
45c18a9a92b04fe6,0.21362471895210328
05c4db50b1954965,0.10600150850101409
09954c3ab3c04aee,0.052202636490011424
2736d96260b64427,0.018029195313274685
3bf722ec86544116,0.048442061964091114
a1f87d4b21e646ce,0.018773687026634338
7f4e81d798b443e7,0.086497917834541
115fe75e1d4d4ae7,0.03476781999806538
79c244818fb54b45,0.07750529985704871
fdca96d1955e4c2e,0.04141332594793104
445b1c52faed4c46,0.22545201959268352
e998020f0b19421f,0.3062299036106017
3fdbb0ff6bec4f96,0.14834429418760303
df998486a6904b1b,0.16089294634567983
be8a0bf725634c79,0.5869152917497825
c57c531dcb0143b9,0.5047661735887098
57838a592d334e23,0.024679157707497477
7a3bdaa94bd743ef,0.04355002661409787
883e54b45ad74224,0.018057214854830854
e4db991b02714670,0.1134769553553702
2a21b28736c8443f,0.15146252172282196
00da3c5d24ee48ed,0.09669629578704335
e05dd9d9be4e4741,0.04740571933262114
684f6cbb38b84b6c,0.02430188282355744
9592e18d3ce04eff,0.07271532627398865
d48df58265074064,0.02033051660483636
0179b69e5c814a42,0.023111347178606557
fe9b6e0ccd9f41ae,0.04077568360528252
aaa93ccc6d424521,0.03383875538592542
8cc22f3c989f4c44,0.031261228439276034
f66bdafac36a488b,0.05017159076507649
f6fab38a81d2412e,0.4744034653601137
95441550d1044e12,0.10163216989133231
3552628c7f2c43d0,0.13587088141383302
87d3f360670f4a8d,0.6024475005582659
7a20584c943347f4,0.11043225818522447
658d5b1fd43a4893,0.04282661766001118
307a4cf21b694d88,0.5231612513932802
2e9cd5df821d47e0,0.8208820522796583
258c2748dd7d4358,0.031748472890025844
cd56e15b9bcb449c,0.019132458403056555
d3a7e519a65841d5,0.3669853305614225
9d7c7a0eb4a241a4,0.16933356481871037
8eca2e5d640b446e,0.03618054460851748
05440044fa5b43b5,0.02668265181087639
c9ea0d947f74464a,0.05064306136851136
c4db978d698a4d6e,0.05014160778482728
661b380ae3df4b2d,0.16642213784533436
6d5c506cd8e14096,0.281936466818988
9a71f06c55b04b27,0.018543104365693303
1b913ffa45704ad8,0.11191701309633888
259c7ba0b6304efe,0.031697358435812784
d1813d2db84747e4,0.06619246073856888
522ea8d6dfd34bbe,0.05356591785215117
63b4273ba4f14023,0.03924347284528905
544fda489fad4c80,0.031239368309063497
f8dfb77e3204497a,0.03616565279368567
ef2c783027ad4913,0.029646849475841557
ba0aa004e6d54382,0.3347384198869696
9e9c6e4c21b24386,0.36683100658954576
747c4c88688c4a51,0.32486263361981516
a9c66961223c4465,0.019007490606802672
c56688d0719b4b72,0.04325024324786251
a692ab961ec34b71,0.0640733606272663
a0285c13da4744a7,0.1812852848257409
34abc8d844a14fb1,0.015591900484104804
990cfa05ef134b2d,0.02405905775007038
612441ec94004569,0.44701827238156844
76789f9d61804e26,0.16894626469649757
a358cc8025a14892,0.0829916260039943
1732d40847c040d5,0.00956302784578002
851185fc29e9436d,0.053671931122565596
c8b94eb88c734c52,0.4246994622503749
036dc470ab1e4978,0.03104486522050398
a33a95316816490a,0.03507154500322536
8af59bcdc6734ff4,0.9119527808868935
7e6c4759b82941fa,0.2812539590895036
53861a5ed16b41c1,0.0795821268790807
be229f176f754785,0.8449745971636924
f0c9592d2db74a25,0.02208342476960571
51eeacdfcdab4e33,0.00916728366359507
c4cde97342c94e44,0.04656911680047008
2f29b57201d04809,0.07596302271145602
f59325483535423e,0.019823146643594636
7752d393b06a4519,0.03272179091569387
6a47b9f21a124247,0.011904680791357846
595add5e4ac04f00,0.023075904906282224
6e862cf63f0e427e,0.0883155318168293
532641d766b04c27,0.031109666555572506
7dd1551689fb4c9f,0.02926256822555041
f75aaca4b4a44240,0.03996809285514296
c35e900e700e4e0b,0.09879027892602242
5631923256e946a0,0.27095991514772433
fa0ff179e18d4bba,0.13633888062830796
538d243a19714f1c,0.06960530702097427
e4d1c4daee374f91,0.06822039222705281
f7d038a80b6b4d92,0.641196914932433
0847c38662cf40ed,0.03947940945085833
f82b98e1c2954515,0.022929386320554426
f94df8b643fa4b26,0.04985754607372288
3d2f34e0d4ed4cb7,0.02315624857380305
3712d1a94ccc417c,0.056313374433483374
f8652c3645594314,0.7169328684228969
c756a8b3e2ac4f4a,0.014519972940967189
ea44d859926c47f7,0.18084716535502704
f303985159f84267,0.09062739670377948
661d08acc9f24129,0.01621869337645074
1defa97b726444dc,0.02643240155069221
84c4893dd4e54f4a,0.02803558982403489
60a1459552504ec8,0.4836507178700501
e61d618abafb4f8b,0.16433533676008716
8e91172e3436414d,0.018982853869799848
0fa9878b38c44c60,0.05440173366460048
2ed2d69a7f9d4d00,0.011854965105906974
e69bdb1256c54cd9,0.04093802109236959
60c387a41aea4f4e,0.0356089257480139
da7a83354cd24464,0.04967747347853481
a42e6b3a9abd40b9,0.10441577159391438
2c0063026ee74b47,0.020001921800005946
c546c88157eb45ab,0.04163987945131199
edc368733e964437,0.018480400796652963
8b90b6255578446b,0.05480242366379858
9b2b1c24f4cd42a7,0.043283011115633374
e065c7167f404c44,0.10902106028538006
b3386a28ad75478a,0.02114200334885664
8773e39e04d8473c,0.37697821645275903
e075e75f604b4117,0.06961752950184244
a53dd3e679ed4060,0.05513915411544695
904cdf1b8e40438e,0.09413054040688151
868bb63f5ead404b,0.0466872657147232
ee65df787f7747ad,0.025815340929461295
6de823c155f44ee2,0.020713561409499922
e6617c1b09a84218,0.021670243221384847
e548c1e30ff042c0,0.04891781137519747
4af159c583b64d1a,0.03536462528974477
a3e03ad8687841e4,0.9541161421590261
2c567d1f8d104dab,0.029609091153388
a1619b5ac817465d,0.04179611721539973
edeffc341158443e,0.06954134670904062
808326ec28814a97,0.03726316387716256
939b62fdb5d34018,0.7156556558741765
a4e720ea142246c3,0.07103753516350275
284f3c0eeca849b2,0.06145791788922127
f429bef06b7e4dc5,0.02315293321319095
af5ccb5af32b48c0,0.08201607493931302
3cbfe6f5733b4a36,0.00939356050514543
19087d46615a4a75,0.01852937046525588
9db37dec25c94733,0.07904278436580918
93acb54c4c8b42a3,0.14311685234523067
321175dec99d4575,0.34158419100705045
cb80ed2855294a86,0.12258088439412462
b607c0af9fa8441f,0.4209889862854528
70c3e9db7d394820,0.7066477800310047
63a5853115e24f7b,0.5461013690460688
bb6af98b8bca4f96,0.9640509834469869
696d5fc1abae4c06,0.02092777272945164
a847dbc18655434e,0.5108591100265062
fe9de0bfbf0a4c7c,0.0435654511653517
f784231782a24b69,0.05407919296009319
f63c7d39eca24094,0.08051424573111618
6aaf8d7cfdc14eb3,0.059128865279004836
cafe305c75d24b49,0.010337499345445953
249d02248e604c20,0.746273174044165
3d28b1150aae4177,0.04494095892346358
2fc4004e7c95458c,0.050360167729417114
9a33ac4eb8914129,0.014873872732915456
4b76c6010ca54d86,0.04112891646670828
66bfe92568304bde,0.031510664931356944
46e938e7c48f4fbe,0.017589462445258705
e7a7ec502a0c4306,0.01668373851016591
d0a4b9987c76490e,0.04008239556022208
23305f7b0a5c41a2,0.013159082212926599
ed15e5e8f0f44401,0.03193363766216689
0978d1278cad4ddb,0.08620019821407951
7eadbf72e38a4de9,0.85518438937381
01c56176b8444ce8,0.19319888502426158
0c3f6e729ec740ce,0.04787987237015094
a681df8c24674137,0.012603944273584184
51308c17ace547d7,0.07253445323388978
7ee5cfb61ebe4aa1,0.011742526657269655
c1de187a88e7492e,0.011033769027736489
3bfcea56b8034cab,0.02381598441510871
74fd4a4c28fd4bad,0.08189862482489471
899ba3071de74909,0.033661570252927334
a6f249372b6c48fd,0.05531958626837068
fd220691dbd54621,0.012681917088002408
5ffe8ad5f791470c,0.03955094291342485
11508ff4e9834e22,0.05273989087833849
d76e8d938b5c4259,0.7052914200992055
66af62e4c5d2475a,0.02103929435010758
e3b7eb0436c44787,0.0263900627298602
b3afcb4fa0764bdd,0.012105782943705267
6f18c1c82a8b4b0d,0.022078317622961408
33a477c858594e4b,0.012739346968474553
6d71ea75d30b4a5e,0.08252228169255096
2fe71ab0a41647ae,0.09502290809419481
e227a9750427450c,0.07111770468116625
691de3b548c24ba0,0.17769533601779586
fb2c7c0ec25c44dc,0.046433238401090635
81dc8db9a9e64c2b,0.015235517163607729
9234416e196c4e4e,0.009343119252632849
859a1fb73b024a36,0.1496990453573981
21ed6150c02644f3,0.018277326810996995
7cf2e983f22e443f,0.023768678996918625
7acf65408f6e4b2a,0.01890079231223635
64752620ab4443cd,0.029055580449172003
677ace8f000c4f9c,0.04959638746434268
724a8cae9e29409c,0.019614204887823564
01af18b2275f4c4d,0.5716793024296151
3db4cfc53480416b,0.022883531537922767
e489f5d8c4494c54,0.02799273395791107
37774c111b994107,0.01205625423965535
e8bed39d43dd4a10,0.03906153737670414
952d1e99bba647ef,0.05308492787807293
74f60ff2a62842b7,0.8895225046601682
1f4154937b09469c,0.02233642051607478
390261deb3884e8c,0.30932311161461923
f056006f81d64756,0.025378347922627564
341c9cf4c2fe434f,0.026431728825780904
e60433bc44964767,0.01758715732241603
11c22d74fe8940af,0.02517877391628871
ebb24c598ff3418d,0.5076463289113982
94e5d48a54e74b72,0.048176616899985876
86c204d63ec24fe7,0.014197416258957752
080d997697e44ca6,0.05920710943956879
1341e41552ed48de,0.06447120109848224
c1027c9b055d45dc,0.0204091141003759
47cfb703d91f4b42,0.13693811341735695
ec4759b11e23468a,0.02219979994395265
bfc787bc34cb44ac,0.028094629312674396
ec191fe793b24ba9,0.010899634461194898
b4ddfa28546f451d,0.2856634351039181
ccb850294eb34092,0.06467483459477344
e608ac8d358b4c8d,0.013607315828161808
fe60c1d95a2341c4,0.027534060885254313
0440f0de06914007,0.04140431937622814
493b0d3e84bc46a6,0.03735752923627835
bc7c0bdfa06b4a84,0.00911037838369495
15604f01fd0d48ab,0.0637170626523837
f2585804241842ae,0.6267638349949521
7f25ca5d100c4ecf,0.2575703661594217
99d5d33a88134e93,0.04449771224425054
385721d88aa24127,0.027406817334105944
d09a6e3a655a4868,0.011713902720038302
04ef2834c342468a,0.09765990739616262
81bc16511d6941e8,0.01645256383789744
5b87cfa9887d4c39,0.018530637080625356
275b05cf8b08429b,0.5390019900180664
dfae7207a341479b,0.05777906580382284
7449d11e607d42d2,0.010267584654903562
c8115f4c07f64159,0.10379634003309376
32f2ce814361466f,0.07179472234176253
7966ef75bb254bb3,0.10223649765243555
d59150b4b50e444f,0.23579421753430588
79fbea77c83a4585,0.02517220217117889
58bb15eb934841e4,0.03253658823982679
8302328eceee48c0,0.0528216954951376
5ac13a4ba10044a2,0.016760694903321233
dbf9d178a884425c,0.013548130839123878
24ed9db0236a408e,0.016034502037393622
2699a0f3f954418a,0.6731950642143564
0bd7c57946bc4eba,0.09077642642073333
5881518f39514130,0.48966012220393196
74d7111d9c4c45d7,0.021012217519344123
876b0403bd684f52,0.017135612824887125
34c2ff2e818e4a50,0.03263771288245908
5e520cf6260d45ac,0.030744556184016603
0c0913dca9564017,0.051267943321251605
690050f87898405c,0.03164861684983291
c663ffea198c428b,0.019866577481161156
b1b32592f65f468c,0.021117777107765766
699aea6b5c0e4aee,0.1014780166665595
9dc18909074c4d51,0.018433933311384598
6495ed557de54179,0.02684809801785884
88d5d5b9e8224e88,0.09379855167918659
c941aa425588484f,0.12264522018884069
3ef9830a8d484f2d,0.02205306909769778
3f22e9678e9145c7,0.04581398726764089
a730e901dda6490b,0.0325875677592845
ba9ff3f5ae17420a,0.11947994118301705
b2480a9555334507,0.061341404107356376
74d1bb2f30c44fc7,0.2093853562548627
136bf73586b64043,0.06067281076500969
c73e820d79454c2a,0.018289903980453878
6ad7c5a4f8554a8d,0.10918025518173965
b20ededfbd5945f1,0.07274962410895155
b8a25b2b638c400f,0.03604018128240197
75d75ec217af48a8,0.020190077518747053
542f46a744ab4d70,0.6093257236545095
178b139a67b94a5c,0.6175628982977104
0e0530b66f744a7e,0.1355502788753205
a9fcee9830f44d59,0.01687938883619544
235f8a5263d0403f,0.9140456601703434
b3366a8cdee54de9,0.02628487553550784
2b0879bf6d2c46b6,0.060941787586503704
674fe68a4c384851,0.05695891647855102
d81798e4fd5943a2,0.010522853127605935
46ca8c51f17c4eaf,0.06914251069295621
f80282ca75f94630,0.015781814759800485
828fa933e10b4c3d,0.13259822631551096
108c31ad513a45dc,0.02277106607857856
edbf4a24e9604b08,0.011907508739365755
2421f226e48b4106,0.07506586745483905
968eef9c81a04590,0.017375540104286553
00c4fbd8979c4808,0.01037436244450248
2f27fed3e53d4dc7,0.0175294454208085
21ebac0f7bcb4a23,0.0866810936704512
174dcdb2df374560,0.07039996870831214
d28d915f995846a4,0.0764607283092447
9f1186225ac742f3,0.016915167013347828
ff1f0ae255e04b05,0.015925720055239477
273fb6a9f53b4199,0.15477602524958617
b52de501d21244c5,0.06353531158620515
386c26931fc147fd,0.018304110597431443
6407bd41a7ea409b,0.05316785124735982
1f0fb8e8ec4c468a,0.06772075567447236
ef9d4d3f232a439f,0.012053970169848872
1e17c3421d714607,0.0383332931251123
c4717b49b64f4fc6,0.0811428651523854
2a01285ea5b44207,0.049848497122181354
42a0fead96fb493d,0.046240212898663695
ad950256f1d54b33,0.0638905268864316
c0bc178dc9a64b41,0.7759662983390836
e75b79ce7d074cc4,0.01536457082659469
8dfff417cf644bd0,0.026564781750043974
b7b9ed40169c42f2,0.013370972417643059
0840b3ac779949cc,0.028729529009770466
99841c200e7544db,0.05868207796705739
22a40662566247d2,0.047776523311399983
e6e59a222d744cb1,0.0173775294631155
2452267703f64c4c,0.04784325800615762
e68d54b07bd340ad,0.026617399805400545
e80846757dc2433c,0.03454001982498534
9e55975d7fa948cf,0.02292935031838974
f11ce90ddd5f4c96,0.0295738695782038
7d18f5ad750e4cf8,0.028794468051163497
ff40a22db98246dc,0.03734165311429675
3e4e1a92072f4bd8,0.03909919209408981
9f7c09d03b084461,0.05929348878531497
88517586f3c84d5e,0.01992668345221925
109b8528b1ce4026,0.03059176598152853
caae0dfe79ee4e3e,0.0270235973670092
cac6a0843a0b45b9,0.255739253183728
e495523d4ccf48af,0.018815273656073713
cac288487c834f37,0.049078530580325984
ec7912a7f9c3435a,0.024755506828182422
c7cc49f4c20c4ec1,0.6167796682708205
9b9b098810bc4506,0.37530751653421124
a973dd267df64954,0.07570318365698489
818337bcc36a4006,0.6269735746496831
a92860a713454c58,0.03797729655971134
91d644780ca549ba,0.08452724611570547
11c80fd60f4e4d5b,0.027519193909607186
c3a4e2723b774693,0.13256924201880868
09aaf972c15244b1,0.04560906545654479
3c9e277c36d748a9,0.025033274109128874
674d7a914c2a4220,0.027681554236994265
deb44138d24d4a9f,0.2924354290993888
f2a8b5fb4f4e4074,0.09833489340936664
2acd1279430a4250,0.014266120725170972
c964a47ff0e643bb,0.022921222844559275
a4c2963aa17d4e71,0.019363505933030545
44d2de8f8b0d4fa6,0.1116003720181099
a8198861a9a54fe4,0.8779812351803999
d6148e689a0d41a9,0.05239845491549675
df5c26d75e3d4ad0,0.9036106099024224
332d521b3f834dea,0.02251836614920871
994ffba8287345c4,0.04815355796972468
91a8ebd1f84347c5,0.03409365149809514
21d39169754c49b9,0.501176575708538
c49bc0d933474b54,0.021364514627844396
6fa83cd15f274f60,0.7663184177159548
b85870e4b37e425f,0.03861171252809324
74283a1d1fa84c89,0.045174500614317395
b91aff514f0a4904,0.03139165835727188
ac5c24f43abd427f,0.016281222914417807
526fdfed468243aa,0.03926182456412399
f29a4ed82d394793,0.1842110849278499
8adced1f0ac848cb,0.02152931171014286
2d9cbf997c0741a7,0.031368048984632184
9eacc76a362d4b88,0.17238261933681892
49a4716917434780,0.07409227322844676
f03b487749df4741,0.35957379473218687
674bd999562c46b8,0.19678643729211204
cca6563680f94bc7,0.2253713424856333
df67e3233c494569,0.015412046075008573
153946e4978948d2,0.10773052337085717
5d64f030d66b4c0a,0.04008055866128893
b6322132caf9452f,0.3242614766601797
8d3d2a2868e440e5,0.07241968194185541
beb70c44288a47be,0.031245243595731848
df87a5bb20f74399,0.04373576942132368
67a081a2fa0b4c63,0.030982007629450237
9cc3c41b66854803,0.08779686233797183
ed28ed66564d4da3,0.04492841473098723
f7d79da5185d4de3,0.015148528696752345
4766b1cb15aa424a,0.08588640161797644
b6cfa499eb5f4184,0.017663743224272693
06911f0fd3f94c87,0.11466215860441534
71e3cce8c1ea4bf4,0.7454898988999382
f8b790aff7c54810,0.03729895688267712
7bbda0b8b83d41aa,0.06943792728267473
c4998f61f851430e,0.04381153651878368
bb9b4df70b234889,0.0403043933150424
df24f447d9e2466e,0.0461516421251102
a2fc4f9852ce499d,0.02584149607260275
a300a923dce647c8,0.22455633105495693
80337b88881c40d6,0.03175275086892896
7ffff50581e84fe9,0.018642357179265878
eff6da3f52fd4416,0.019926630027400756
b5c7b01c6b7e47e8,0.022336366275763908
16eeabc2cc2b4293,0.03762569031509328
cd9906cc3c854eb3,0.045464880764237395
e557577ecff64bf2,0.014019630581350088
6137d226cfa247ab,0.024080660098051238
b81c5e68abc14c38,0.02775740625837751
a4d065db5d7f4f44,0.010380322800285124
426bc987df784451,0.036194182118322205
6661d5d290e4442c,0.5389644923646465
ca8f87ea4f2b4143,0.03419604863150487
cbbf72e4f45c493e,0.35414771378264004
bca6b25ef477468e,0.010133326475550913
77609413391d4542,0.045006162854933106
a96a56e1a12543bc,0.13297255518470524
4aed576254184323,0.015298087778453739
a6d94ecd0e634958,0.019179425124464435
45570cbbc9b741b3,0.020337576780016055
410304d2d9c1436d,0.057566589617922034
aa3bd59f80174c1e,0.016642854738733146
e8182868481f4050,0.05696180384964559
94bdfd59df394e85,0.02957823797954201
23eb5fbfabc34eb2,0.015207122901866654
7917f670442d4079,0.020431467305567868
7c42f1d1816b4766,0.04661661580841934
4d362cb6dd884529,0.026871739297428636
21c17729922d4e2d,0.015623751196791796
e6302cad262042ca,0.07066471782687846
835ad1a11763407e,0.020485214125451175
44ae3f603a0e4b34,0.07231482141739651
ae77fefaf6bc45f4,0.07322761968898513
82935b9116794adc,0.016232082575495587
240eaff384fd4aae,0.03086325353745679
bdafd6ec6bcd49a8,0.015129061279452655
650a238fa8994ef9,0.016129145693974188
2e35851e6a0d41c3,0.020978696196670508
0dd79ae1944f4dde,0.042312053186722695
3fff4fca795d41a0,0.2662788347410566
988f0af9f3b74d64,0.021691812032856955
9083d8f90e924f32,0.017204676004013077
45adfa39729a4a77,0.452634062425731
88ef2cc2b22041e7,0.03791082286191843
c42c042c071848b4,0.6755422219517745
fa5fdcf5694945c5,0.010312816922421999
1c93fed0ed634afa,0.0369522917694612
3d6e0cebb972400f,0.022083205770479182
c234291f4dd348e2,0.8394188387330301
71022fecad474470,0.01601658383679702
f6ded54014934ba0,0.0716955163590329
625784c9c8854fe7,0.048696319770971906
5cd371b928624956,0.039648787222022065
7ad688a72e9d4410,0.034430780048563904
6fef6206194e42f4,0.01634004362184734
90cacf88c9894445,0.012633334836092375
ea4ad14bc9394ef3,0.01477472266268924
3080a1cd8e1748e5,0.04088487387916119
a1c07dc61d9944e5,0.033228674825491675
73da67de1c2448f7,0.043689165819180455
f9cdc009a8e74ebd,0.6008961296603456
fc80c5d873ba489c,0.09313231847080673
4ddcf1f11e964406,0.2333985309157099
2a72004d977e4c2a,0.02164626254639965
0aab94c5d376460c,0.10754047572089534
fc0fbcf6bbac4df1,0.816020358363955
5655f46159474539,0.039907139151410934
a4a6c79bd4d648a6,0.020773569681947768
9f4485c9a4214b94,0.017181977932151864
633f9f7d673f4c40,0.03706373629450059
83292d350f9f4eeb,0.058226413301017146
ec5c3f10d39341e1,0.4320014811203417
48718cb5bc554d07,0.013150583340150382
6e3bb4a02c724836,0.040256968486118164
b7cc32e7ae5a4380,0.0592448619390684
2b3689e3c5054b93,0.5233125645047473
0e3aecad471a477e,0.008817881024194148
fc564d88cc6c4b1c,0.031158561044950205
6f83167a44bc4119,0.01755774500800354
ed3efb5c0e124ea3,0.014773286804349622
45cad7a2fcd14ef7,0.010453969207449116
3f2fc4b74a8749d6,0.03369916644586688
d46b72f8584b4541,0.07060614566615522
7e862f2da8214f5f,0.24471061954971893
4c8836ed8e854f4f,0.027657607527620746
d9597b2855494d90,0.11744087175046418
e0beeca97d4d4826,0.025057699255843467
4ce0fb3d9edf4f11,0.014352550422459
af6021394716404c,0.02881236379245077
38787bebb4224f49,0.020081921084726458
20667ffe52fa4929,0.04095120203946968
4ad83e82d3b545f9,0.04627906007368582
c0a9f56d80ea4bcd,0.02064876249907676
884ea89910e84943,0.011237827680081362
e330d4bf5b464cc7,0.022801572866626395
236aa876028548bc,0.038544216055038216
a49e877631144579,0.11514356624428994
115f2d0a71f64adc,0.011899917551865806
d3bd4ee216ea4429,0.012824636944119932
52459b8122ea485c,0.022807263504976045
bc13b1a3dc7d4346,0.01737165084133275
1e3e6e921d8c45b0,0.20208299015977746
8ea35f31238e4f75,0.15773824627923932
932d564bd43d4fe3,0.009848789882877438
a0343254257f44fa,0.0711953273308715
06ff45d4289d4f56,0.011446461462024052
e731222c6e654d6a,0.12573484054852202
c7e0d1d9dc7043f2,0.014436713470404266
cfdd41be2c704a16,0.059515669111159096
e0d1f59589ba4272,0.03657221371303517
1625aa647084419a,0.0366471410255481
01cd995ca1694d08,0.4384567576699479
9085d198d31842a2,0.014807877002645995
1f51895ea8cc47e7,0.7492953536047409
bcd6298fe2fd4551,0.31725350757337156
aec209b297ae4a51,0.02455293893211882
21b05edd2997447f,0.01575672170186166
a9f804677b584e9f,0.05197340670848581
c74290be147f4ef3,0.033723753612037825
94dedcf1f8fc4575,0.015201583356047026
c82c8cdec98b4a25,0.038706560433666624
2df61c68cbd64bf8,0.04328987048497737
0713d5b09dee44b1,0.05550849644465703
a5f42394de2a47a9,0.16513300783785756
dcf932c404f64f33,0.0199274023863288
139eca27c30a4042,0.26922513063210546
984c8bbda0034f58,0.041220452597570054
102ccfb146164aa1,0.05148664423369036
71dd629f10944796,0.033485657491223175
2de9d58dee764069,0.02417064011303499
5369fee1f5a940f1,0.029032230581313434
7e8248fabcdd4f19,0.032278569970059415
f1946b4647624835,0.17573429690306575
99576cf7f6fd4807,0.02747165706125132
f11ca8b213ad40b4,0.31282382516397667
820796f609184ba6,0.044252312845920926
50b221e320db4142,0.025028311940461796
5aa8b0fc1c714c18,0.014300790532544771
c515fd7c4ab549bd,0.027734046590115663
71e981c884fb4145,0.04051537380100016
ecc52cd54ae94df3,0.009790636440814033
fc83788c80604c14,0.030019899901115372
445db6eb2a1e47b4,0.5518138387756284
47343515a61e41fc,0.08504656933054403
369a5c3967444f60,0.02743858187393
9ecfd8bb1bbf48d6,0.01765456007753527
e4a793c122d64c62,0.25959118898104705
4fae983565c84527,0.0296750658440585
17558ef08baf42fc,0.056007408354642504
1e87932825d74b87,0.016528084509639104
451da79187974da0,0.039150162231115254
fc64717930c3433e,0.05621072883664947
b56756b661fb4878,0.028922209854109444
e12a69751ce04048,0.25408655797975527
9359d766cb11420c,0.01838693369625845
c9e0b6a049b54f18,0.01728676934217386
ebd4b10bc0c344a1,0.03478381823377793
46c28119ba37421a,0.5475897921969203
30545e328b6a4756,0.012218560250801489
95185b60a58e4cae,0.03004184255160689
184dbc9a632d4a08,0.06796133729062351
62e571d1c2c24234,0.04244680634948761
4268541035484e5f,0.6065804033014364
99be0bb34eb145a2,0.32679972537901836
72b0e811abbd4790,0.37215604424114607
8bdcd439d6f947db,0.07537498612272167
91013da2cc964b9f,0.7989549704037694
81c0ff8252bc4638,0.008901099689612998
a717782459264fe4,0.051020345344077025
8a0b56b9e93a4801,0.052183380556937
77859dca1d1c4dae,0.9282575993728404
4f88206cfbc84275,0.023126634322133053
62f2168703ee4cb1,0.013600073291881686
2e88667d5b044b0c,0.021169381237704895
dcf69ec828e44f05,0.02100913702713978
d4277ad0023c4234,0.014882265938620997
23f554d112dd4166,0.0373371448902176
10e0f489102b4123,0.047422171937430105
e7b8fbaddd654bed,0.08650430533142439
11364350aab94e62,0.2351160477938806
7b4a443ad0f0433b,0.037753418635634264
21f3cd99cc4349fc,0.045940359027236574
e7b63255287f4f90,0.02105745228423165
58d257f7096941db,0.8397055877443046
fab28f852e1a4b1d,0.03316515182409189
68a65b7803344f92,0.07054112863919812
3654894b2576425e,0.03698484234755382
534ad64889ea49d6,0.08262178225479806
cb9373e6191645cd,0.022383441944623116
fba12a973eae4383,0.25395249355666627
bf1b369818e54ce2,0.750660532001831
0ab4092aee654be8,0.018830252404630404
251994988ba04598,0.2353165826494979
6b48772307e64d49,0.014052019789249182
208d1eb8edd941e9,0.06748937887562224
e472ecbf2db14aa6,0.032354699429439776
68cf09fa1a174462,0.0391993095159585
96e22237fa534bee,0.011632602090414931
7d758dded86d4730,0.06184689473658186
92d8cc662ecb44e5,0.02808392346280377
6691c7c73efc4f61,0.20957369758514383
30f159c686644f25,0.0737635174742115
83dfc34b3c664c69,0.017433843573825217
17d06f872441423c,0.08185392139008164
06a8afd64ece4853,0.9668790836990839
6e21545014ba435f,0.028094223192960677
8c02659fbd8a4886,0.08664702415181583
56ecb83a2fda44c4,0.01785933319753816
84f9be310f9041f5,0.32698121826474036
83ab37a91f9f4fdf,0.032997474661787915
b61666efd15448cd,0.024549552447428798
deec2cbf784f4776,0.03308079066016598
f6923fdf4df94d36,0.048721922219837156
688b16acd6254a6a,0.26268040644400087
518cb08df6bb497b,0.027616830666235208
b1bda07f978a4071,0.9146722893912937
551a855085a54bd5,0.5498880984454725
9f301cb6ef8b4233,0.02195467745244499
f6b22ac01b8d4441,0.5934389463642005
97d290f881c24241,0.4412335091999958
cf5f5e3953434d16,0.1030887790640856
bbdf0e20eba3480a,0.033418116915257194
58c0e09e41b64dc0,0.0875598263310989
c9921c6788734ab7,0.017404929636007607
c1b6fd1b48c74bcf,0.13151391613918822
ff452b12d4bf4317,0.014931750900255267
c95b76a9444643b7,0.06743110183651754
3b95232e9d7046e6,0.008965475751220652
8d38165cedc448f6,0.017639921052894088
a85682044a454169,0.21714558124975217
fb51950499334d32,0.02012194512062558
66c70c8cb1754107,0.053245825445034
8b84c1ae34624323,0.024609617145035744
c746230284754851,0.07902116533286735
07df6828611e449f,0.01782484239418206
f97aa0c2f33a4c76,0.028456590277819816
c9c1999b911643b2,0.05327739019231424
07398903e2fd4536,0.035410181503820685
9a3a8d8bc84c4c59,0.019430398233383335
8013d1e6be1046f8,0.03811870792207233
0a84be64ab754254,0.02248820411776392
a697673c229d4119,0.044768452536100345
9c20c9496f414a45,0.06657309247750583
e0e49d6ef6294306,0.03132954915059174
b0bf09396e9e491b,0.030475688296742364
0ce51c75cf6d4114,0.018480937778099355
417a5c056c2c4d04,0.6494671875600255
ea22daec2af74c0b,0.014054361260096165
e41878b9950d4e69,0.04681178822528622
509b3ecf48214a9a,0.08410996765136566
2ce3933e29234c0a,0.019002290408608756
523080bd229441c6,0.6346591368693948
a2c9eb048aa74669,0.02110881658094581
a411d945ddbe4318,0.04572648869536841
aef6f94921144269,0.03945421481655552
119e446fcbe14b2d,0.14550677717638882
ab5e627f76d64d18,0.07297705829171601
e17a6940f3684a26,0.5739218066653313
18475538fb10480a,0.267924666474176
e2941592d42e4ccd,0.04480739595800628
a549869a79904ce5,0.1382379142695119
f6e6dca8f74f411c,0.029722113616373797
3e3ecbbf2a264c7e,0.3313189757450818
cae850012bd942fc,0.04485614438470979
9d0be83242ae497e,0.027723739975328343
f6691090d8e14464,0.14078780122178136
09d3109114e44d13,0.0450495515409226
ca0d99677baf466d,0.08675081336355246
6d11963b0a0e45aa,0.02433150241536241
522649f9847d4703,0.030302926267595343
94e710d035fe41cf,0.09040570691747146
d3c72896086f4038,0.015761789846092833
376924a41eda473a,0.05307581988133765
386b330dab8c4c4a,0.04651026522463756
c112a71f7f62419a,0.014897034916625576
7a21a2b7ed864fed,0.06133551443702501
3e8dedfcb9b945dc,0.02597731477747551
fa45632d034b422f,0.009129021849901428
9c6be2ad2df34a09,0.13572117012759982
1fecbbb4a7e54bab,0.06595385328961975
e13c01d405414cb1,0.1993570265565291
9a82af4388aa42e0,0.03798684988610677
cfb85ee2dac54c7f,0.0336864394881729
d31e45175c724dbe,0.04345503175596076
d470439d53e44dba,0.03201327920713885
3dd0e83cf1fc4415,0.03530776510836668
b2f3644c60bb4c99,0.026291329101691973
b416442e63a54a44,0.04711250583445534
d52ae7304c334a76,0.780676381727403
c73fb93af2194d73,0.037765406120197645
ff2afd0ea3514875,0.2405008040132158
8e41d129daab4c0c,0.028920588670307685
d49637b606044b6f,0.009797390883360717
f210ce8f22884a9b,0.18285690321821574
8d255c65fc144307,0.13966658009312377
7c4f0bae461e406e,0.06227804359723965
c0192c844d8a4501,0.01975963066105077
0616da08d1ca40ec,0.04686109272256137
30406fc042b149c3,0.15044832739957298
2c4cbd2176844b9a,0.04700287534799182
ebece718e3da40ed,0.19129309686051127
ab9a92d94cea4fcb,0.025415469080942294
9.50E+15,0.03438368080678343
427ed449b675470c,0.028828057582660965
01cc9f2eb5834719,0.02709015372089523
8ce1ec65780c497e,0.09302403627268156
abbbea67f183443a,0.025339895011819248
63d84c355d0a49af,0.18686039082018074
38deddfda967453b,0.01677312741737446
9e8e67f7254d4ba9,0.02525787132065201
fe4270d442654863,0.1064080944129175
67797c97ce014d62,0.03245607020367175
d83b0d1b3f974e56,0.1977454772675654
cc8545b6455948c8,0.9604158823563171
bc7af8b11a35456e,0.014848372139514029
f168767f45d749a9,0.10261042547266977
ba4f4c0ecd94449c,0.022048944098611085
2035a3952dea4d00,0.6411621886111468
1b7eb4a8aed14e4d,0.14629775157050737
8163bef602764d8a,0.02774884749363144
143302547f174f7b,0.03016383722876582
e49099a4775840f9,0.47353846378392167
4310c75cd89440d6,0.11629524042152206
dc4d4687c06a4384,0.15080359940087945
dc0a86eb9d4248ba,0.17413542929770665
26bdf5f579d74f23,0.026764302316775533
23f61b656ec341e0,0.18418870309718505
835df4254f6c4616,0.01664973153565298
d0390c514a574e0f,0.01574509045513299
30127b0fb2684d2e,0.0172243956212004
7df5a33a261545c6,0.05269575497191599
d81cad9e62ca4eaa,0.37300492351131403
9f8d5536f1f047a7,0.9327024453828837
b867b7f6c0624e24,0.03681290038926005
9621e9d1318b4348,0.4660006008999183
e01557bff3634e1f,0.019773348081853215
2565bb5114834bf0,0.04239079773153603
2d254dea47fe40e9,0.04297246762737587
e624acc0ae3846e2,0.014187155305129845
cab2ff98f5054c9f,0.028914149833229836
ffb16e73ddcf40f3,0.08186076552316612
0b7986c28cff440c,0.04659239509432485
0acb05c06cc149a4,0.5354538015728203
b569ee8984f54873,0.017474208010493424
e889fbf2a2924ec2,0.14009118074446053
a4a22f1e8ac64e26,0.3233862154161101
af2415df2f054fe2,0.03798226449429592
653866ef5b864df1,0.33669326334514393
6e855c29b09049c3,0.06935157260372286
f6583e21fc244209,0.06704208886848825
39a0cbfffe2b4229,0.03479316134855963
92900095433841a7,0.097763447247241
91016032a0b841ef,0.021048558725619428
c815021751fd4100,0.02391768946333624
f6cd7d5bc1f94562,0.016130141761986735
0de7e33a976a436a,0.031528505506696385
cbee0a542acd4130,0.07577295890500964
7d96459aca894037,0.03373587038755379
8549523cca2f48c5,0.4899046083603656
945390e286a9466c,0.08890435162316354
8f6cfebba9bd43d2,0.03981944041619377
e5f51d5209384c8f,0.48582138401285296
135bcb5035b64c4c,0.3037490361039539
4f87fa607da14caa,0.06167892216630426
ae67989684d14ed6,0.0371792450815804
f67e1c032e8e4347,0.01092316570983381
437ba25cac3440c6,0.026603714819357343
93510c94ba354f51,0.02030122553156128
fa9ff83de1b94a77,0.026876501951055936
473986a183b341d4,0.017778066152620457
a012445d6f6c4f84,0.03981962798044904
5419db2019c74d65,0.017863220074621718
8a5b0fafef414706,0.08259472414015114
0a15d5cfe5694193,0.018227397175105527
3f152ffe98de4e61,0.034086068633759084
d0e3976536c64feb,0.04189597152040343
7ac462260b554596,0.055646244209867045
077a3c6c458247f8,0.9399940429528119
4535459cb4ce410d,0.028712889262891304
e89cddae05ea4034,0.06033074119687437
c22727fc366d4322,0.05722347428780822
0053ece030834b8c,0.05087645522463774
8079edbee4cf46a2,0.02338820129207369
d6cfc5bebb434434,0.03368344829547982
adcc547a46df40db,0.09217630897085236
3c3cfdab9c46402c,0.6027429592344026
71e403f4dfc34cb4,0.10932300085517396
49e2716a614044a5,0.034624059433447096
b617ec74bc764d55,0.13266205175495868
b77800dd32da496e,0.028182963904563717
00664ccfc7d14414,0.04090978053101568
319952bbccf5435f,0.13542822183224912
e05acdedbcf2454e,0.026937697499494435
a743307afe3c431e,0.01723098454782327
f404c4b57e9540df,0.020646086491122245
f3a18090d2964d5b,0.8471370435801984
751d863391e34e80,0.025133465426792123
360751450d994afd,0.03854920227083476
c53d721e1eec47e1,0.10996740489087202
321c156a65de4a78,0.9577475818946632
e55961d417c9477a,0.011307385866359421
7a99c64d8e294fa3,0.015015018213875525
7774aed9525d4594,0.014044654921866804
e825f6b4dc1341b9,0.020868858571904403
62565e60e4134473,0.027071651182892446
9361b44d46d646d2,0.021999318372260265
173a04b5c73042bc,0.06368014839172487
1d1897619f9f49c1,0.5023579895483252
b479d79ea80543da,0.0383713451376867
448368231bb94be5,0.1103193011253091
57503ad6b0664d86,0.01337010316652446
610bc10226584f27,0.028241500807613597
4b4a49a492bb404d,0.02555130101062495
1b5c33be7cef4561,0.4315743690586862
7ab456b7e4bf4941,0.0627368926795705
5b09380080924228,0.03986042687947188
6b642e9cacb74b7b,0.057843510266466815
3e2db446758c48bf,0.028809654717290533
c51048d1c6b843dd,0.013074786626315282
31b45060df4f4b16,0.09451496692626385
af9bf25f78654d71,0.1026566610344181
d157ab4f523d4e9b,0.11576499913227849
55a788406f904915,0.1999699191337112
e935026a7afb479e,0.47508564253060115
b87f8358949d4ebd,0.024525106040619422
176a13e5f9f44570,0.008853536353907236
b08dfef575e54c91,0.07894714730890069
c57717fb7b774f10,0.30674393743132766
f5448c36c9a24747,0.06210833012072672
4e0ba93dc09f43d4,0.029158717763737973
2e10530156784add,0.3157408303477137
29b14fe0604e4087,0.02166273253482027
668ea469cbcc4ce5,0.08932675842649189
caea5cef2ae04271,0.04101079572991585
ad4bdb93db184ddb,0.45021355776423777
459a75c6cda44373,0.2633543463973433
b7e04fa5ba534b36,0.04486091754177722
48a4ed6495094ba7,0.010596660366712076
e854c565eea244a0,0.019680321976692335
e62f6ef491264ecc,0.01972587720780225
acc190353dc94ded,0.10832582127758739
297072d242104d62,0.025879980104974908
427443a763574d7e,0.10722836591794804
41fac3465f8f406e,0.030108972253458377
dbbc08c158664017,0.2826479623463616
32bb975e94a64146,0.11274972467180167
6bfe2cacd7db4eb2,0.8268924983048869
b13780364c834e03,0.1968581848887529
ddd7471fabb94856,0.023852207959659553
f291a4080f2a4290,0.22567464364251472
55c0986003454464,0.19194227172719808
d83fc326e3f549b0,0.02014002692610773
0d194144fdb743d1,0.04456520824997062
170ddb5ff52247dc,0.032371451330934664
aeead0fc54bb49ed,0.12570833797011036
d02eedbf8d8d43c5,0.16094241261787479
89980e0217484041,0.019016429133896527
02b1e6b5c5cc451c,0.18860797467764173
992ff420010a4865,0.04263361191729677
5e9f33e24afc4d54,0.07847547583982101
1a887fefb00a4cfb,0.48310821886945343
8d038e6f6d024969,0.5958911948885872
245e4a9638c64ba3,0.01582301281170099
d55ea23e8e5743a0,0.024292085361738207
053998c924db494e,0.04087806931369931
d1cf31870d4c4e5f,0.04575864606909582
2f2525ab4c3d42c2,0.0397148538330353
c117bb8e46ce4a3b,0.012887216734419043
2332a814ee6e4a04,0.011525200118035043
e1314ceff9a54f3f,0.033508630665907854
c640ab9988c54cee,0.02221198121650826
1c1df746e53d4471,0.01055158015805428
371fcae9f82040a4,0.6503085766215274
1ba49c5adceb4eaf,0.32515415705730066
c31fe5827a1b41d4,0.024399053696496496
c90aeb21fd614259,0.019710309790715537
3e4629eb87064336,0.027212589049549752
3bb2ea5a2b634d25,0.043013729395757774
7a8aab602b6244ad,0.041839680290782104
345876d503184b7c,0.017913585225893952
27396567581b485d,0.14665180587351406
c1a12efb782a4a61,0.025555653225769737
586ad41e121e4e23,0.03461820910228823
1390d5e0bb5d420c,0.05045888620186856
ff572d335456457d,0.022483731110711492
f96df83235304bbe,0.01612725260734359
0361fc3a2caf469c,0.02011891653071892
8488f1cd414f48f7,0.027097596316463544
57ee3c46fea34380,0.03019826353923149
c9050429d85849b0,0.0595833763071759
c6c9f8dc7e1e4fad,0.052182570161423004
addf72a20bc94579,0.027318237396057266
495d144b2a51485a,0.07515718943163004
b9699251e3344c3e,0.13038976573443944
e7b2cb0261d64c23,0.04204539361841964
abc61518774c477b,0.03381229454866233
7e3a54dfceaf4ff4,0.07045563377017952
845b3d566bea42b3,0.27773617942651996
0a8efc0c87654554,0.09495300559347807
e73ec61a8fdd4d35,0.012406939697020173
a4a06f0970504cc2,0.014483822314130762
62bb01f30ed14396,0.037395755592124935
97b13f92d91d4fa3,0.03357008045476626
1720dd21232847b4,0.02682536547813217
bfaf6e453e3c4d0c,0.04124562947662522
32fb4c871ba845f7,0.0238978450941157
2759da089ad74e2b,0.03845880121222635
a21ff9f68b684818,0.026546444398388536
8d5e7faf80a24f44,0.011557291797876405
a89b869e1f384078,0.13618992627992196
b9bb0e7d64c443fa,0.07992325164097443
1bec91cd3bba4065,0.023609071208921598
09ed516599414add,0.01712023949949788
fc14adf0f3504382,0.0292786165261096
7370ebbd166b4cb3,0.022117226167103356
222c6373bc644b32,0.04102200255606392
35255e10f8294674,0.02489190696787342
c30260ab58ef47c1,0.192564535932258
d5aa9f620a0a4cdf,0.028084494280743166
5037e87269964c17,0.556158291690745
7c8beaa94c5b4868,0.051996351920403604
2b76c996456b4bc1,0.023887560777713597
6fcdf72669384c47,0.7395011261432867
d7dd601d58b648eb,0.2689103538299895
faa06993b2bc44fa,0.1284182427836738
e9644ea25afb43b8,0.04597031144505267
b5eadb08004c4206,0.02952412904751748
b613baa3dd754792,0.24075624107389762
ac175ed13f68448f,0.10882483201173923
3490e60c117e47ea,0.027521197867090903
eb5bae5b962a4e76,0.2183289967726433
64fdba464bbf40bc,0.05503513938964973
bd1e51615b934bd5,0.03407360783424744
a799f350a8944eaa,0.037730154232914766
c1db86449fe04c88,0.19942605530431057
9858e4d022954e28,0.03566099761822881
5910942eb41b4b8a,0.044632570251320954
2a1117d715a74c53,0.04698789783632633
fc25e0be270849d4,0.027837840585287498
a0fce3a920c74dd4,0.02107676873013424
88ab64802cb84a4e,0.47616487230596566
9f0c565eb64d475f,0.07174201710027595
603c4c1b9df84b89,0.04857541974741374
6231d6d7bd39400c,0.2937170394168691
1fe6d0705f2b4e1a,0.09313636962182945
c381ac06f62b44f5,0.01968618211708467
28d62b7555f84410,0.027098363001981946
ffcd6ee7e32d4523,0.965635465951601
7ff7686dbffe46da,0.04155323612405293
2e6233fd241a4e05,0.08003533062372546
e556b1e466a24439,0.019438497349654752
bd08e452922b416c,0.011429318723555588
7d370df9da2b49f2,0.11282802284384193
e61d30afbb1143fa,0.03028465453779051
ea7539e554bd4a42,0.7934847887642137
f6b7e7a109c14c1f,0.8416748583845493
fbc88e48bbb44fa3,0.024693622800060468
e350a93f13294751,0.02294454760900328
543d9b41eb454a54,0.04284188542957573
5f40b73913414d14,0.05341739835497948
928a03154b6a408a,0.019470463719278377
81ef4d43d80c4e60,0.17272375241906443
a113180741734b3e,0.018848194861287876
ecfd9008e8654eec,0.16741629690844245
bbe37e63e05c47a7,0.019466861121186067
5a79b423e45c4c8d,0.008873248403083359
6d7854b886db40a4,0.07642301919970694
45fb4a35dc92446b,0.9179921741660344
62a1a8580bac4762,0.19652638440669057
817469e9f9a04db0,0.2303339468783697
0099aa063b0a4762,0.023259975599719866
64cccd8574674e20,0.013892443850486194
dd3855947b034af1,0.05924952619497269
caa1fb3c75104a9a,0.03419977645400844
a44c7777544947e1,0.06998802336251318
50f1f42f41534ae3,0.08397501719904447
db11d303aa5e440d,0.06097258016964171
2e44c684b90a4ecf,0.6159039122533173
6ff2bc2581b44e9a,0.010969516096114625
371c9c5b44d74eac,0.41473579373787395
7513645e57474768,0.030275973568868114
1f8be7606e954e99,0.018862782361635404
2a5d3e64d9b24d5d,0.0704395726618001
a674d5de66df4427,0.060534416173426295
5082e89100dc4ad8,0.029398091719013607
dbe2d004b95d458c,0.10693645027288083
00c0fdc0eecb456a,0.02982623384518065
d9ecf59fdf104ab6,0.07883326986035377
ff228dc730604cca,0.01793579813941483
120658f2f1db45ec,0.008893936495587446
35133129912b475c,0.03164814115947203
6dda4b1d1fa44140,0.044871347649178626
82c766ca864d4960,0.10542844561408016
9c88724e1f594768,0.07353199326953996
ec379e0f6bb841f8,0.02962889947358912
e84170afdf2142c8,0.013984522757412386
3ffa45b77d184209,0.010941549734903858
bd2c444fd9014fe3,0.11362324034843378
7c2b85801d7a4376,0.030618176136184328
1fc5173f042c4a76,0.014884952323445227
b12134908f1843dc,0.024437560949813853
7ff457bb988e4eee,0.01701340978216729
291639a313554db6,0.01434485713134861
280ce3f5078f4915,0.05296476926429783
6e415c57216b46cd,0.33558620783873705
42439d20ddfc428d,0.03702871711787785
0dc77986e78b4600,0.03335130487246806
484e02cfd3d94fd8,0.6815725617715973
a5d702e8a62940fb,0.019675849201731786
95011415989b498d,0.10130149731219755
e1aef0d2658c44a2,0.04062039541818309
96ff1ab72647409b,0.03970003360626663
9bc1a6079944460c,0.026187874775824065
2d87777d33584d74,0.031334420797004034
443a04ce41bd48fc,0.4351183377699798
ac1e9af989bc448e,0.03819686036193569
4a42481020334cbe,0.011947662167454676
1261980fb53841f0,0.5760910706252943
bbcf315c67644a76,0.030982907154144944
6203ca2412fa4055,0.01275942437645044
2c29daebf97c4175,0.05371207727057679
e53d0deb458d47bd,0.0643840793257722
f3651076ee56418a,0.014611586752585375
5647f1b2b1ae4df7,0.05392628619381381
8189bd24625e42bc,0.3477277455705746
c91e76c9cfdd41e2,0.7743146349413438
9d8b9c2c6b9e445c,0.07239326532592717
16f5250b55294c97,0.013803892157961562
f308381594f643d4,0.04029870914182249
3d3428c0cc57416c,0.023077528310643462
b2b01e647ce04c4f,0.029441857421822426
889c45ffca1547bb,0.06115520293184804
d086be35e2654be6,0.6833661758875935
cd616eba663745c2,0.04567979257991252
2dd2d567dfda48b5,0.09033955754151578
eb97da73ac344fa0,0.047759409359065606
a5edfdb30e1449a5,0.010177307969093812
e45f5e828b814890,0.08759411550102372
74cc21aaba724c1a,0.267856162076348
74e7872e078548bf,0.325238187300742
1fb8978b9c2546f5,0.028617818808008767
6dbb32ea83a94347,0.03545317799892868
d7eee9182d974af8,0.018914495539207786
2bea598c2bd44a0a,0.028462092234546654
39397ef1976748ed,0.04821627589211056
bc99c5db75944bdf,0.033189250563006034
370f33fa1ba14a79,0.027936977012409003
491ec671e2354593,0.023145322414758283
d60fd73808e04021,0.016774633381239145
9c270ce1041742a6,0.025578895778224243
63c68acc80844f07,0.02449248505096648
69a88f56f6ba42c7,0.03180260190709251
ffb96b9c1e9843a3,0.061231097853230845
c4fd09ae3649417d,0.022453198527891596
e600eb2549034b45,0.7875596704027659
0a2f207937ab4020,0.048282591644548144
443c0003bd6d4a73,0.08235250105485212
337eedf9664b45d2,0.02921242587456227
051c19fdf1e34ddf,0.022455863467168945
6a311aeea4304485,0.3243102886874921
c49c6c0bfca74e93,0.8246892200778463
7b0c50b3f3594905,0.08739960436886447
6ab1e09bb4ba48ad,0.023226235084569984
03db893988e240fa,0.1560975627391242
937ba6647aab4c45,0.047798537861355184
23e09feb74fb4d00,0.20549053110131635
d5c2d8479d514753,0.3911206832038507
89af33e81f3a43c5,0.14227025365303794
1c0dd867c9c34b7c,0.01630731553420026
70ba1978cbb64e74,0.027158390698607777
b10924d89dc74cf6,0.021093004467900564
b36847f54a724fa4,0.043761980257043434
6a24c5de500144bb,0.008555352668598337
6c4b65fd9dd54a95,0.013902851916022882
1b74e2f4c3d0444b,0.6212246437189696
e7c50f81cfd641ed,0.08447395767937005
5f49e95567a14cee,0.038736281837329294
b91ab76b43df4579,0.9500234274405722
44ae0f70ac7b4314,0.04268553529303038
d1545d94c2a4435b,0.03927716737437173
efdd37c15ea14071,0.11431956503725708
7290a44d5adc44f0,0.049825579139499386
1584fdbc50b04d4c,0.06471835083547721
2d44fe0e77134a40,0.019342151533472005
187ea835178f4f3c,0.0211082832579027
821e350315214c81,0.01733268595717312
c15e62b41a144094,0.038839729298241824
24020912f6814337,0.06292015051211494
23fca3df04bb4ed9,0.9399991938564201
86f5389208304f8c,0.9194850321026558
d64de22fb9fd44fd,0.8651115481862182
cb7ec7ffaa0b40b5,0.9824204976898974
1df808842cf54983,0.977367221173607
025cd0cc26b54862,0.9904520307515996
b69a47dca4cf45e0,0.30534086244602043
1016eb3968e84795,0.9688187823927583
2daddcf0c382458d,0.9942771546205105
099d833edbf14eb1,0.9710090854550861
19259fdd7f8a4427,0.9502564302646721
62013f5626764d54,0.990577333074701
1feb0f53216e4406,0.9877098403825604
c35a7304b5584309,0.9817792638647344
a0af1d65511a4d91,0.9501237263163261
0a21c7af2a73414b,0.5862456532920078
c3d3c6bb58904391,0.9748259558683141
8af9ef25b3d44d0e,0.9833200165065643
799c8962f7ea45cf,0.7919886047657996
4e6c04895022475c,0.9769544508115467
3e2220e049034cfb,0.33765346309770644
c08fcfda56c14132,0.9389387024303989
f3e8322bad804a43,0.09490595995277559
e372f8417c4041c8,0.965933778471131
5a7deb59250c4d4a,0.9938949365553826
e659b8e7250a4871,0.9906190371112453
0e9c3bd1014f4257,0.978829707810854
41c48e83ca814e73,0.13902575230626882
2e3441bcadc94e0d,0.9722179794127317
b7dcc5e685214517,0.755283451534783
394da6d80a834c19,0.9135238306536484
e651e526f5d74e0a,0.9500150486614807
244a7398b55049c3,0.9959003024855893
20674593f8414e0f,0.9600247845853607
7567ddf2eea5450a,0.8796661460146573
96e099146dce4e56,0.9870099672379246
e0fa2dd09573428d,0.9719037039341523
0db40595a84b4523,0.27250239056318337
e931ab60851a4fb2,0.7260076144540084
5ed5352fa2354290,0.8687751887274111
8976ab8e045e4d00,0.5723644046329915
6d9370f313a34cca,0.977130260553607
2574d0c594c945d8,0.9937502643256083
0282f2a3530d4c6b,0.9855800259560329
ae1581792fff4de7,0.9416707784211266
79c2829c11074752,0.9801924002423583
1674eaeffe724d3a,0.9885178172695077
45d8130a4c3e407d,0.993388669333255
ffb92e6988e84394,0.5953074648702137
67f614c3fd5840d6,0.9940978071648934
980c06df321e4765,0.9954802874933255
a7c97d7bced44546,0.973072618649911
440d78131d304b34,0.9423556793358736
faad0d8d812a4bdf,0.9702910369818654
e0aea3612f144994,0.0898674279999508
93badeaacbc94ea1,0.9758518798847049
f175d165792b47c1,0.915719930530923
4cdd29560041467b,0.9881500352509249
16a48a1dff8a4b36,0.20959713635998378
162119dd6aa543c8,0.978457984458087
1c204a5670cf431b,0.6308145150425821
8f350b3802814c7e,0.9822594051177334
60b5aca8eafe4595,0.867157805026485
cc38ce0a3dd449ec,0.9895619187188137
46b48b4b418f4e1c,0.9177229537131069
eb55f044669045eb,0.9046499288459247
bc7884e8ca504641,0.744074464803953
d73b10c8b0434c4b,0.9943652303820322
3ed45a7437534916,0.9708978950852728
656c22954fbf466c,0.9807696035183711
13a16c380f0c4c52,0.9376827578005603
99c1afe663ab4aad,0.7437311794085828
f2a18ba295e44d74,0.6192725414150317
9250c859cd14413b,0.9902183249506908
dd4075dd7a1849d9,0.7674986082930397
82cdc015ef304a83,0.5454792210453668
00ca799b68b6457b,0.9894575297232249
17a06335f97b4fd1,0.9375053015428738
6aee976ba2244510,0.9824866436983012
fbcfafc47dec4cb0,0.9670282020060661
4e33afc7b68a4842,0.4183355963562307
8d3fa09b203b4e91,0.9889303738084992
7aa085f7d69d47d0,0.9405363998681505
b520a2a315ca4f93,0.21915037863015935
4290a4872d4347cb,0.9566122930743433
63427a27e450427b,0.9813268241814711
dbac01849b11466f,0.5985012773027378
c785c1b6ed014de0,0.9654068009332984
a81c1e9302804f33,0.9651681637798741
06262fb50668422e,0.19673926270903927
537c0ed2d93648a1,0.9858044664980474
0a8213763e614a04,0.03585003376651617
3be768d512c44ba4,0.9413493522510189
cdbbb7199b71441f,0.9661105408739445
11d8fc846c184f61,0.9433282705009424
bafdfd09dda84035,0.6398649398248387
f4da6356d1324876,0.9696220756343878
2fe41a0d4811452a,0.17901857328306323
7ef2f9d1d2914166,0.9925758246639896
1da2dce4771c46a4,0.9412486111832505
f5b2894ef7714cfb,0.987323823667108
22e5a9b53cc64c01,0.794644766882068
cfabe66e5fae45bb,0.3442305162450112
603c42743c1a48df,0.9635231126599819
143b1df517044b56,0.9781654809122735
02476cd31eba49ad,0.5427696923439344
d102c73b3bd842a6,0.9898405579997167
a4738eea05524073,0.9659077181088183
c200dc28ec1246df,0.5492826593969748
1799a2be45644439,0.23038400130383535
34963b67511c430f,0.6099725773888874
078f1beeab2e41b8,0.9490199846632569
f8b123a6e36940e8,0.17868490055405328
f71fc071a2b9484a,0.9639582389077794
7646e90517ee4cad,0.8953920830629686
5b486fe1c0aa4cc6,0.9583112952731014
fcbb12bc64db4f7f,0.9928246674253902
e6e7e694ae544185,0.2777606122706225
4e18340d962643af,0.29713094847576815
3b0f6bc141d84caf,0.2936633286572302
a98620c18f084ea0,0.27669183153841514
9bfb1785b21d42ba,0.9837446994068388
0fa8022dc37e4e61,0.9743978515129031
1c3a26a4a9684cde,0.11571831585001713
03b4ff9f7f934c76,0.8066239754470796
8f3c995edd944735,0.9451913867303862
18d2e2192bc14379,0.9549992976617464
b8a408c30af64e31,0.9786141282258571
55c596c818724552,0.9663152044698922
edaf341b85414799,0.9703491981142476
93d50b65c56848aa,0.9502996119081721
366f014df2564682,0.027255080108369918
56ea688733b34eb2,0.976636887791031
bb64175b06374922,0.8115578271417083
eafb7564b31a4cf1,0.9937733970239215
296b5f5283f4496d,0.8490097839754769
c1065e9f4440476f,0.9819128359327811
7fe3faacfe0c417f,0.9153970961457578
7e5355da89c14bf3,0.33805709449476556
87c6fa903efa45c4,0.6217050584029634
ac4d4785a54246f4,0.9796712583745215
83d0b11bb548441a,0.325630941397537
f631158bd01d4727,0.9015732808338296
195d78a205644d1e,0.9949281385279972
528e29d73616459b,0.9707218309154149
778a10c7a6794c6f,0.7198445561050045
13bbaae7e3d247e0,0.9777105387919077
04eb29ba362242d7,0.9890384422193919
1b60cda742f5464e,0.13204717240474373
242af8db73d84995,0.9778591995821234
1f34221be0dc4822,0.982127793296321
4dc57cf83434417d,0.061325450028786935
50fb8456d0e74a55,0.5032016397623001
a0dd737acd5b4539,0.9643195480990359
af7a84f3cb7a4f49,0.9782103929434547
00b0dfe4547c42c6,0.8234502547191805
41a19fd0c8b8417f,0.9484686116028207
105513a50fd84e74,0.5280043590875204
e658f698ac3d4e4f,0.9397208393309594
1dd3ec5c7ef146bc,0.934807394061227
89ec0e88551949b1,0.9720269241414947
df64fef7c2284af2,0.94999301481903
466beb2e10a345f1,0.9846630693340565
3677cd00a9d54f94,0.9828494933910805
37ed7243d43944e8,0.9726096240944961
aba5c6f7f4364fb4,0.9907768254385612
f4b1038914374448,0.9613824945993577
18043c0cdefa4188,0.9850341106601357
c44afbc13e514fb2,0.9829181601799023
dee38055908d4739,0.9890865086864459
ef199ea078f04335,0.9956689123882955
154dec70111547b2,0.9946890221078821
fa0da1032e5b4484,0.984907648209495
1727b3c6a93c4fa2,0.8964284142007651
44c74286a3b046cd,0.9875900139583695
6f410ecdc0d340a6,0.9672226179500256
a50d133386df4998,0.9529666295841894
43a19f6232ca4ca8,0.9524198019311582
d03d8573cfcf43a7,0.8641382906702599
b365a29ed4114ed5,0.984505874559264
2e628b441a854a64,0.9820506034306768
4df7ae7bc5fe4973,0.990716782601428
4890c0f9a68e441d,0.9743079196632003
4b8b88c4d2b1494e,0.954027919319062
061d9745918548ec,0.9657639382229009
383e73f485994e6d,0.9857346747498197
2c28542d2dba4434,0.9586680208480998
bbad9bf8b8634491,0.9862826360295562
e75018c27c814f08,0.9477180900531638
d19ff0cbb9374716,0.9874905324509949
7d958806a2e940c3,0.4355395682483961
1ebc6c7627824751,0.989770502966093
c3fc51f72c0f43dd,0.9901530873783866
2cca12c860b04092,0.9828948047339676
5e795dbcf91e42b3,0.8378849276322817
288b7e8088554b40,0.9418995493456214
21d37fe26d8f42a2,0.950198830926157
1f357e2678a24629,0.2906530500737962
0f73859cab934aa9,0.9957793152668062
94557f5054534b8a,0.47839889669122454
40b93a58305d4f80,0.9924625913765432
c64c662e23de4c28,0.9496302024300476
19ad8f8bc4dc49c9,0.989252224319604
9546e52184e14b96,0.8154293320832163
9c3ed93710274e40,0.8721092874275934
12cd1f74c03448ee,0.8998948251948244
f0621df9a16840dc,0.9610613783280855
2902e178d87a45b4,0.9871982737345595
dd78c56285b846a6,0.9887339465236848
0c1a7422d3204c32,0.9671608160008873
14770c74d2dc4418,0.9700528952049006
e4740f5525514a0f,0.9824355052600593
1f7c797950d54e3b,0.9829071611499222
839240dcdbc343a5,0.987468349012125
7b0cbcc2f22f4b5f,0.989187382924612
f53b50db19c64078,0.6641525230966909
05162be1a8f24ba3,0.9917993602339674
350b0de76ab4444a,0.9298510175460006
ee042bfb3d2d49d0,0.9804482821705301
48f26fc1fdf74747,0.9880020374181715
e77fc9821c984a2b,0.9934966322380205
3b0e3e2d22ef4417,0.5780112675058954
3d522db7cd3e4027,0.9851263411281558
799db6f217654bea,0.9496046810105228
2c875e34b1a94e55,0.9083743181694214
014cf1f8e2ba4506,0.9782414515722622
417d723163fe4ca4,0.9391518113671392
b3850f23e42f47c9,0.9865762384733946
82f07d4148a843ea,0.9777831255029188
ca8a58a6dca44333,0.9825334378678466
e96374477ed64cd9,0.9786707144356598
5e60d7f0a9cc4e13,0.9766542634682779
7a433acc52d94304,0.08231668665994488
b65d8fcb915b44c1,0.9715843720047224
cab472af21484e86,0.9718351480458896
4e659f1468af4e17,0.984229041329311
163c3879b9c84542,0.7867109271107129
dff4e509a0404f39,0.9802606184388939
9.13E+15,0.9838072333169073
d9e563915a6743b0,0.9950440869653612
87782cfad0394193,0.9914427390497622
08b7940f9b004804,0.9881511229852136
a884cc754f274a9b,0.9901808357833985
c4a58f443b984021,0.994153427414988
1c0be423572c4924,0.8285413105874142
8871368e95554286,0.6540661988102926
39a5554db0824d77,0.9331449356947598
3ccb46aa27f34aa5,0.9936152852223236
774198cf52e5464b,0.9069421621329002
245c5e510b5d44e7,0.9814799508262931
c98154dce7b1419d,0.9770832929522036
dd3bf5aab89d47e6,0.656557078999173
b6159d0625a34422,0.9736245497201097
dd83be6a8b604017,0.9805465675071515
fbfd8c9e291b4a34,0.9770313684434511
449fc39d65f246d5,0.9814567146163791
9680bd1d25274bbf,0.9933073962323018
ab1c4cf46edb4f67,0.9621794559021719
b2a516db25344df2,0.9810354126895081
916aca9b67ce4933,0.993631460431823
77c2abaac2954d5f,0.9730629631375143
00b31ad8f8014a39,0.9892427202025654
6202bfdafeaa420d,0.9879731960660914
c2efb9eed3274c16,0.9601808021995755
94cc6c011a5e45d1,0.9883562790130453
749682b919934572,0.9822784384966097
b96878fe12904c50,0.9597954996974494
dda7ee19c1d147e5,0.9820783721422824
1e810392cabf473e,0.9899911012659619
d928ace392e54a22,0.9847214228365395
a4a7408e13f7420e,0.9562194383632944
f92209e166de410f,0.9651293958040481
44f70b8518f74abb,0.9006648569669619
af19de6263804b04,0.9559205735669783
ad74cb47b3884676,0.9863548476565575
7c3b21b6b64847ee,0.8148722458563187
7df10ae062d5489f,0.9877993618143197
845c6d8208304c05,0.23958158941619795
5954cda1d6fb4ca5,0.873608024744627
ec7a704be7e44542,0.9930397568714191
3418f865cbb24509,0.8572669571161835
199d8ac4a35f4434,0.9793575007310882
3daa6fa93f2245e1,0.9402293024073252
b98ba9e7fe4243ab,0.9104550193059442
b650b2c7bf694a06,0.12935403028873305
1eac9fc04b174f97,0.2926146173312515
70483b8e9a884b54,0.928833225389796
03f0a8efd43044d3,0.9729074257088396
ebe24c1192a14262,0.9916142186309361
cc163bc44c0c4300,0.9927811488578081
1e427b43c6d4413e,0.9768058063610837
15001aed60aa4210,0.815572225741908
d133d40f602b4acc,0.9826724611321573
2cbb0e2ea0694dba,0.7712080045173323
aeb0b35664454b5c,0.9635011474872371
7010a395d99b4e60,0.9911450628269745
d7d23eeb1ecb4160,0.9901326599865408
aa42c59419f844a0,0.7186427474156523
1d69fd8e0bdc45b6,0.9819893182443252
a15416a0743e4fa9,0.39479854115003893
cfaa1ca402924e36,0.9906456046591924
8fb0aa521ce742a3,0.8844651499061877
beabf97fed0e454a,0.9531070819720666
0ab7e41f0ae5463e,0.8412543518877152
74d3f8e5ffa047b1,0.4335076403015249
b719688b114f4309,0.9477347630776112
409340b6559243df,0.9930034613617279
e8af931244f44155,0.6659844624912885
98f3de5cf8254911,0.9409067299565834
37d007939c3541fc,0.9898614890157873
87a81ed91acf4209,0.9964386036961246
8d1b3a1c4c44429e,0.9649234823053273
325455b5c5d44307,0.8864919725433189
a5ee2ccbc42844e9,0.9765141588103189
ed991060d714433b,0.9369962022468494
d3a2c67531d0482b,0.9674254042852255
71231dfb17064047,0.9085183743592766
68c9d1a19f19441a,0.9270116717406836
af1a7368073a456c,0.9782169396760135
f7da679f774c42a1,0.8644988141757768
02462246889f4ba1,0.90468028162326
e6bb9f8cffad4e07,0.9319173306789235
319274a5d8df4451,0.7223983850322507
26894a3cefda4c03,0.6430152986337594
3d644d2659a641f5,0.9937153898295727
1b154636fb5c4013,0.4227131293103025
ee05b3ae52c64675,0.9474551179049497
5a0bc7c938304b9e,0.9876896570297887
09bbbaafb35143b3,0.8775316639475269
7452a6a480204ab4,0.958850172445613
ca2f539f396d4c11,0.9618890448562125
2fad7f3c8def4ab4,0.880832649418493
5981c2a2b1684d12,0.9525026165422068
65aabf511fda4485,0.9907368360982257
1b49df1a71574934,0.9947974953813773
e8fc0541858d4c4e,0.9925227871269582
5bc30dc27d334b6e,0.93997831932483
d980e24a84cc4a22,0.9827768047246856
648f2e0d5a9a4c6f,0.9114023502210535
053576d203a045c9,0.9932428866746233
465497438d88489b,0.9789704931504014
e65cd69057af4a69,0.7409921043299141
9f24f9f9b06c4ced,0.978216413389751
ac4b469e7cbe4d12,0.9735170035539724
540e4a80cebd4657,0.9546167100568285
9.21E+15,0.9672965044726087
4d35b32b942d4d58,0.9944675076722522
12d337631eda4a10,0.9709054773052699
eca29ef4e42a4384,0.9929782421522786
4478e857ec3b4424,0.9590438337238819
d854f959747244bd,0.9921377085886031
0b2f4ec23d594b90,0.9913020736178142
c6c58d1681e34e02,0.9471277097247285
0013434bd35f4b07,0.9270055141785875
69da1cafa1ff4446,0.8297584021270357
82be5435938e4acc,0.9735866118968797
018a89ad3d8249e0,0.9841261392875627
66ae034a320a4baa,0.988780009491351
cc88b0fe83dc4501,0.9928023164872096
56539c9897f54d1b,0.9935760200517187
f87b51f413034cb3,0.7999792915850423
0e93864c1e9e4f2e,0.9897974610630562
dc761645c1804517,0.973521053186869
6c30d7a07cfd4c53,0.9294584240736338
57852bfdacbe4002,0.9817184845966495
905f65bfe7ad491a,0.9595118287501005
52e21bb2f61e42de,0.9851645831201669
bf334caff18f4763,0.9950947608706475
b74873109bd64d52,0.9848299891429741
18bd22b0fff74fd4,0.9872922170547399
5790faad9031406a,0.9685781131723263
2a9471024a974425,0.8064746430375083
8d693799a4bd4884,0.9895969491776466
65e1cccd89854c7d,0.9836720013038193
1a1fb402b3744eef,0.9954370956773986
d8bf986dc6374e54,0.7589630170792606
0c94706b4960487d,0.9942347741808598
aaa41c53d2e4464c,0.9616608871940093
13202e530a9e454c,0.9107959935512682
aa6f902a27ca4ea4,0.9595425801830773
5fd8a8159a6e4428,0.9715979931176918
263663417e6d4fb6,0.8380660363204899
243761cca2bc4d9b,0.9726085380791767
f3e1a31d49ab4e8b,0.9817122591708669
e7c14254e3124c2f,0.9887348589021553
deb2dca13d1d46ac,0.9880633409097858
eee115a0d0774850,0.9209329894551775
674da56dfa8044a1,0.9946349430732739
814fe3f1ca5b42e0,0.992623944363762
63070158cc7e4d19,0.9748897306510015
a29d3909a4ae4959,0.9893690691647687
0d0adc331a5a41dc,0.8951411555550113
a1c3c925c13c46f3,0.9656503098451283
0b3be4f9918d4223,0.9393423536605253
47292b039b6b41af,0.9894898132053254
0fba65e975884332,0.8846799588440432
9583273c5e4449bd,0.7633085093447409
7da120fe5e084263,0.9950843536233025
5cd60c21b1c545c5,0.42047584917069003
cc5adcc455364216,0.9433139167898311
e21f02b925df43a6,0.977844368097817
70d8688089674fc3,0.8467600863752818
023e7ea8ce554327,0.9630377136913637
986ced253fd94525,0.9966892224993691
54870dc4b1284649,0.8923453510528624
2f24f7b880674cdd,0.9939528301131976
b7f848e7728f4aff,0.8874106321029445
d431398ae713459a,0.9473512984121755
b3e752e46e334800,0.995657027943901
5bb692e1402045cd,0.9927808856433312
e1b37fa704c84c10,0.932348850662032
5725ac8835f64486,0.9664661057135469
a037088f8bf54ab1,0.9371010400678687
7381dce51e634edd,0.9909154913706318
64d07eb8cc314b99,0.9917651919783257
35549f0807184dfe,0.9862908982505536
1bb2035888d54744,0.9636151106270517
d014b02c8b704d11,0.9646459440857382
d4823e41c1394e65,0.9891133009066895
923b9993372c4165,0.7470649438515339
8a748c389e314043,0.9685102413720437
18172cbd00bf4905,0.7545760779707564
a9785fda8df742a0,0.9441199845597262
59dc3b49a2404c46,0.992169795782732
f5e31b59bf6f496b,0.8561248092337003
84dbcd777f68424c,0.950520284986613
65a535a31ef64aaa,0.9911445924645863
a28a93958155465b,0.9906176647079429
475b445c1ced455e,0.970678687352358
770a675a5dda4ea9,0.994225607392044
ea4f97f1d3304d46,0.9337606896946612
f582ea84a4854a16,0.9936622175741263
6f0e34d730374e5f,0.9898587319003965
9a5cdbc52bca4921,0.9915403992647669
799fef36f9214505,0.9814694909272801
20e5e7d9966a492f,0.9704493743380705
436518c43cb64fa4,0.9863179290651664
57095d00104442b8,0.8380119716301391
8f2275927d8643e6,0.9937335316901803
fb0e26220f4347ce,0.40352747560413915
d87dc824dcc242c7,0.959820709525127
8d464128cb584738,0.3737583863045401
228e39a7e93a4cd7,0.9765607541887233
9efe9528b603427f,0.9608646331016055
b8a37ebb348a44f9,0.9963447692139267
5239bf47d721433c,0.9687277617718761
20cd63e1c7404405,0.9719789547607218
e19aaaa22cd64c1e,0.8928370495479051
72e394cbe7ce469d,0.8783277002864022
279214ddafbf48b6,0.9698967469346759
26631c55401949b3,0.8468431766504996
27f79592a5ab4e50,0.9774854946867256
37280e2793234ebb,0.9617191469284677
61ad82c4936943b0,0.9884178873338592
c3c2fd336be243ec,0.7274536454300288
f8b5100f6acf41be,0.9800605095057172
f40077d6bc2641a5,0.9741270321660778
9bcddb5943ce4cd5,0.9379701538785732
8f967588ef0846b4,0.9925184987715975
a8a2485cd53e4a21,0.9833336746712396
e0226c8e827c47f3,0.8799886153558821
0c22ed24db2942e8,0.9630923459176077
ca584e119c2a46f4,0.9523967714335487
779461ec743d4248,0.31906111648947544
b26c861b3f6b420d,0.9570800084164507
d3970b44ca1342c9,0.806411541593182
64b7ffcb6df94638,0.9644889374481288
e5d9cd81f67045eb,0.6194901645504093
8080cbe894784b79,0.9020668318381707
066a36f207f9456c,0.7251024191711591
74bbb83317c84de2,0.49125567127036973
8817964ab0094b46,0.5460180297554149
a4ccecaf1c5d4a64,0.9863296953811208
d5591a547a7a49f1,0.883526864579291
f4c5ac09028c41f4,0.9942519517656665
3cae938489654a9a,0.9877888278040989
1936b96d21c64832,0.9426363478432244
44f8a7c43ba84dc1,0.989597992139678
21ea8da552384d66,0.9640142793065907
85c8713a5b8d4ebb,0.9414551971171662
aabfadc65bf64c40,0.8812379868127976
cf682023595f42a2,0.9585146548951705
d8c463008e9345b0,0.9753702152407658
3b0668831a064a71,0.2811914290894641
37839b43f4c84888,0.9861522492053787
5a196b76065c4bb8,0.9797119910933005
9cc0c155a6244b10,0.9660259110580167
cca5819cab7f4482,0.984742073585158
a4ec88c5aecb4ec1,0.9881224674933999
d48a2df9c76a4bd1,0.9075098018938892
ecf526eb3e7d4677,0.9795235388077546
275227f1458f4f41,0.8619910872874937
d2dfb9fa5c924889,0.9475264701494698
fdb1a8da6c8e4fd2,0.5148315156661066
ab72520372e644ea,0.9748646904466222
b6b074af6a6d4b6c,0.9848258704560664
398c666de1894dea,0.9916448830644671
fca6aef1f2df47a2,0.47694925100552643
e595d9d3ecf440db,0.9562396185361999
6bd9955bb8204e0b,0.9869675212942266
1266b96fd0cd46d7,0.9928656067212259
ebe67437527540f6,0.9792737134373729
54bd91ee906348de,0.9675034872149093
b82ce39736ac4915,0.7830843965665558
b72170867f8f46fe,0.9885833204367044
57da6d99913d413b,0.9937111707645757
465619ad42244b13,0.9871928077415493
b80d63a169e74fbc,0.9566961422112724
dab647e23b984dea,0.9909241370644253
dbf3e65f15ee45d5,0.2625964929392465
40207f4b85a541bc,0.9780783788550902
e109da2c3c714ac3,0.972355832169213
1aeb1239b1b2471c,0.9839195216455489
ab8ef59a01224288,0.9714972771100081
89aa34d1d1aa4cee,0.9798061812552102
1b4339cbc62a4f9f,0.9789152155524015
91d19f1138f4425b,0.9929640446558453
e85f1c461859411f,0.9941041905537528
d5f7462d3941434a,0.8898586976287233
adba0d25a5ac4264,0.9652184883663356
b44f9906ce4f4f61,0.9213708055014773
57358e7187f54af1,0.9910120892148168
d35cf28b3d664133,0.9844485702909276
9dedc5f260784244,0.9634230805142823
991242990f324910,0.6446590189923519
fdd384e5a1a3451a,0.867076147304498
5d0d5cfb41114f13,0.9926087011883359
90ff5ca13162491e,0.9856308617985586
1455b1467c594619,0.9765759070646876
5f810b2465114ba5,0.9846592977766433
3048e89b5a2548ef,0.9943529892557997
04608dd1fbaf4652,0.8817354536365631
1452a7441fb84fbf,0.9678113679943937
f023f3fcf76d4cc2,0.9925879864092015
91bf575703b14d25,0.9679579192529509
585a26defbf149ca,0.9251627288529225
1a20db97761c4e63,0.9505605528522179
79adbc4864b548ec,0.9758696785231509
4a9f7fb5381b49f5,0.5572158558572105
a79cfac8d4064863,0.9774632018915865
67698bac0d8048f1,0.8562013164759522
48b33af30c7a4f2c,0.9588884819364603
75a36d374d3b499a,0.9638111283197095
80ede4388bb94c8d,0.9845630164175072
b903f20521bf42cb,0.9795310521102495
d9a9544c5f9f40dd,0.9896405260613168
8db8224e5bdc476f,0.9954660708161601
aee74b1bd3814174,0.9666335306075663
121389c3b42441dc,0.3839825301408182
30d6802f1fcc4a51,0.912099590983695
b63a4ea1f4b543a0,0.8398122547417923
0f2b2d2e74ff4804,0.9877980629074953
322ab1e3181746c3,0.9669898880362127
883db7405cd641a4,0.994230403146147
2b8027d220a04f41,0.9190628799016617
5a51bc5030244e48,0.9864928245595019
215a9b92acaf4bd7,0.9385494273391167
b516f5446c854950,0.9876594036495602
1128ef1fa6d44bd2,0.9911214280701659
c5d9b5bc82e14605,0.9829328777881251
5d1b39fd86e148c3,0.9926943333089149
a29a4e0c20ab4d94,0.970143909097813
1a50f82ef7d14496,0.9919306815218347
9b3f1f75a81c4a2e,0.9896625549867399
465cb44c032749cd,0.899883314618622
0aba1a6b69ea4c57,0.9748992517980962
2a2f82e15c974324,0.8865861287654102
931a0a3acac94943,0.9609893504651437
b137b5d222b14c2e,0.9725792480344747
ef7b790c57094877,0.9928797830026967
716b87d560054859,0.6332779740408291
d83d251611bd4bb8,0.9848836164522942
41e3892b6b804f31,0.9885845047644161
2469c14c03d54078,0.9498700801462334
5f26e2126fc440ab,0.9836483851710824
21b13a34d5a34b8a,0.9679186892673857
1df4dc283a054554,0.9747908578123594
d09c721904c44e91,0.9943361812279244
b2fe1855a9b34b33,0.9933601559977436
041a7ea2b0744990,0.9910462771597628
120997eb1920463c,0.9938050274547109
7d6fdc98c6334cce,0.8735720253632369
2e83801ca4a844eb,0.8977606096861829
a71fc0be90ce4703,0.9931514711747514
e0722a99282e456f,0.9540307180505424
46046cb20e3443b1,0.9640920290046004
bbe3fe78eb10444d,0.9858882048123763
878e3c19f26f4d3d,0.9556555496065332
680bedc5d8b24c6b,0.9524598981819162
3927aa9a5f244df2,0.9574345887802125
ee1b95f44ff844eb,0.9574328591599407
80d3ed665fc34223,0.9876662289966779
746e26f31a7b45d8,0.9943022538492805
29bcc64cb6bf49c0,0.9068027627503014
e16a9dc950b84301,0.12501129503399816
fa865c35fb9e4c83,0.9922392506165817
e5573d72bde1493b,0.9564020399979093
7b581c2bbdaf483c,0.9935442679686725
686c94355e364297,0.8911574694979334
b6036e694706431f,0.971021732987225
916186de59444393,0.9949761374847679
fde9ab6f942e4c3b,0.8043168009450467
de83ee4a49a44bfc,0.9921337190660682
b1acf77ac8314bc8,0.9677861083600208
ada087e338fa49c8,0.9801577708591139
d8fe8bfc8636475f,0.9848452572038264
350e31760ced44ef,0.9089047537563634
66b70ca6fc3445c2,0.8876552027961943
dfc7099af9364f3f,0.5680877459976227
142e4163b6694ef3,0.4535716357616672
b11f038b399145fa,0.9674254042852255
6deb897443ff4e25,0.951827982180159
563f77c4765a44eb,0.9820313671085088
875ae631b2d94cef,0.9952635388389754
5eb94a18a2b44ed2,0.9751628275875543
95856b28bfb34830,0.9191941205364994
5cb2ebe18a1c4e9f,0.9898593830773672
3a5e1517e9a94009,0.8088988247936232
996267a248754530,0.5353800032661954
cd48b6188b4d450b,0.8861751227764033
482ed3005e594af7,0.9563610683204316
afe02b3e28ee4c8f,0.9905174444047022
6f6bbf142157441b,0.5720190255517217
d8018027c2e84f81,0.631867018454024
b3c67e600e334c55,0.9653125902929757
2859c71ba37a4ef6,0.9610750024022723
c360bf39f42a486e,0.5032932000016217
ea085f4425294efc,0.9696534590607578
9a113db72df34e6d,0.973565512726816
5d48a30e34274692,0.9897797807469102
79046d4a832d4339,0.9937025093325482
95f6c295c40e4351,0.9697679088213766
470d732911534d3c,0.9874611096977226
d1f688d201524c0b,0.934006852183688
6d1c024946f4426a,0.9452217371758549
81be79883b0c4620,0.8855779207297327
934aaff43e544092,0.8028986282200336
4f8f2c69a78341ae,0.95123985376004
bc92aeecc63449d7,0.9891515719111867
06ed67c95fb1492d,0.9636625774774249
bd23f59a9ef345f2,0.981006833702226
c82c009bc01d48a1,0.9920227561821425
1be1108e385f4e5e,0.9748115507688129
039cb2656a2944c5,0.9950774489355654
beeda055c0fe49ee,0.9280098782981906
4b08a02973564fe1,0.9891011377937392
244dce4f0aa34124,0.986196941723924
7b0b9bb5f7854c3b,0.9630834893334391
db26c33a7eaf4082,0.9251877568047157
9bce94553f404efb,0.9891368439085735
f2506956303841ea,0.050327584585711
d734a30b368042ec,0.9868433667400189
66dadbd626154961,0.9954585573054677
685c410c55054fb1,0.4664143557245758
72c7d82da36b4c0d,0.9658147052013298
e44152d98744434c,0.8015147226697049
308d4c821cd34ed0,0.31490943193111764
4fb7bf0e2d804280,0.9618547990408827
3c3026f7ea1a461b,0.9902002552926819
0403e51fa1294b65,0.9901712882121261
0d90344e27e54462,0.9430229262354045
b9b11ff542da4f86,0.9920650012696008
e9125fad41e24ffc,0.9869826011556689
8246fd78950b469f,0.9188194313566556
730aef91b289451b,0.9697285458965623
cd1d4da1475045d0,0.992532090156024
ee5f4cb0623d4df9,0.7574157586438165
ba6e954f50fc4195,0.9929473627918964
63b7021de4b14e30,0.7436541487947784
761276bac4574644,0.861783816967683
21908a4bf1d8406a,0.9902797875318775
a68b58c429a24177,0.9780427802575886
fe9830d7a8ea471c,0.9598082815743505
4a85b23650804c05,0.8324106373555578
9ec4a537c76c4c86,0.8155591694670639
e51c4fbc95774ca3,0.9857658496246859
08f8dfb2db224ba4,0.9910558244301596
e56cfd99fb97425d,0.763134923227182
8361f73787fc4e10,0.9878383830907621
3ee5b85de48f497b,0.9904242076328504
d78bb803c2dd41c5,0.9933288644005287
b36f3f2e65914d0e,0.9910741846818695
7b445c0be0314a4c,0.9967061433454605
6bca21ea05b54b49,0.7023336486687565
acd0c42be4d54d9c,0.9941005285212754
9355939db7664438,0.05407505120684244
13e18769182a4d0a,0.9908444054844535
2e765e74b6204582,0.9485119100198289
da26779ed12d4c88,0.9936668670939426
1aafe1320c1b4222,0.950251401862588
fe4a7423c77c48e0,0.4473987441511998
f78a2490d74d4b21,0.5807599857875922
554c74a247a0413a,0.9737226067575457
62ed6ff90c264a1f,0.963702816108101
c5ba7f56a51b4b19,0.9651040162512527
c3f47cf637e949d1,0.9883526815473012
f1226930140b4689,0.9921021346445323
2791c8262f9b4264,0.16917457073887182
c1fefd76b54a48e1,0.9702691339492964
ec7f332b881e4336,0.9892051766636017
b3413bede4374a98,0.9505679727393763
42a9aacf22324f43,0.9765005219621218
98855cefbbd64394,0.9945785798303424
8fff348286b74d21,0.9693652383087032
d3f54ee536d84aa2,0.9888901759595369
5bbf534f807c4c7a,0.8166884715843417
378cfd6bf311442a,0.9168955798242766
91f4cb25756f4d15,0.974298512544206
ec34e7ec068f4b30,0.9915256734999559
273f8aae075c4e7d,0.9882279577971019
506f002dfc5f4a67,0.9937852913623478
c6ae875df1c14472,0.9832418640275957
276d72dee11c409b,0.907645035882302
b152102119f8400e,0.9790858913128178
215fbb9d81ef4360,0.946658090716576
a23eb897726842c9,0.9727815236945583
cd3f3e184a9144de,0.9856202927127151
84cfba54a448401d,0.9807425411724686
cf414ae774684455,0.5065025520431692
4cfbe255c6ff4341,0.9944836050010203
b1fc580783fe4cdf,0.9930288345624309
0427d16f7de7467d,0.6914057254757588
c2f015357a8a4519,0.9886329519378101
41e6ac1aca514dca,0.9817439983709448
0ebab767dc4c47ea,0.9680997185487519
5a74abc59e21415b,0.971714638046269
52e007ae04fb4970,0.9953565586611617
78493d8667ea4c8a,0.9777589007702119
7ce10204cfa349f4,0.9820013441452524
4702f9e473134a37,0.991345698484152
84b84c4b25e14a2e,0.9822928009958248
31ab89976a1e41da,0.8631450958368794
033cddffd2bf4734,0.9250409717477197
4b833efb130248fa,0.9767909469379858
50a2997b4b904381,0.980798806078161
71ce79caa98141a1,0.9773163289688507
873d8873416d455f,0.9181046131471648
0f2af6eb17f9466a,0.441251901942674
3c6d405adc1949a0,0.9939404417310339
9a48f4291f91478e,0.8301483185615277
a7d6b5449aac4b55,0.9946890544639452
c897d8d3bc5e4f6c,0.9882077637849171
ca39f7f732a344e4,0.2811855912892851
ce14a6e6d00b411d,0.8415603719574014
3d4925443a0d4079,0.9907124824469069
ba55be57b1b34b1d,0.9816062693814847
3d10ebe1b0834267,0.9894162828848344
6dec2b716ac74fa0,0.9950887395840059
59904ac50f35475d,0.9932224705047833
723678491b134f19,0.9723343141371987
e289a4d912c349ab,0.9846912729688796
0a5e157e514a4f03,0.9792308024573773
a1006adf64b14231,0.9865032160142959
345ea967248248af,0.9501955920654291
8d570cfdb38a4838,0.9815741562415713
147ab70f0fad4dbc,0.9929269740585456
7edac7f435c04dae,0.9736148546998271
79b72c48463d41b6,0.11732561164891872
a5e3dad6f80e46f9,0.9923555638345996
00c6396ddca549a6,0.9730811287305986
9a661cefc8b14f4f,0.9811569013807218
49d79896b6eb4c28,0.967284998464549
9904aadc30ca4e4d,0.17793064294668956
8bd428c916694c76,0.9882764203200569
75d0e80fa6134310,0.9865857314302338
07141908f4c041a2,0.9776023596934197
169305a0799b453f,0.9720095279726649
b1f413b204784fd2,0.9871534528802179
0934c8b1982e4b33,0.9541660329117377
c2b448ea7e4b49a7,0.9938425357426789
bcb1e5daf1a74e6e,0.9695853190987711
8decf7294c4e4ef6,0.9953397294705262
7842a1e198374f2c,0.9951374018485379
1340761b4e9d4b8b,0.9943670009869179
098a01cbb0774d74,0.9445451413639466
f1a5c95dfa5c454f,0.5767558439937869
94d122c2094f4b5c,0.9614062749060228
4040188d5e3943a9,0.9882443254578923
484b311a5ade4dbb,0.9664371515026282
4fe2bbaa19064861,0.9928410879416572
80d706d03b384787,0.9832938786956961
c436ef769ee14574,0.8442820766821446
8de7cea378384c74,0.9903144883624957
015b99a1d70a4145,0.9762284973338822
23bf1bd9daa84496,0.9284494495285245
d34126d63e1a40a0,0.98264651329838
2fa5bfe531fa4dea,0.9327523598229623
63857e6ac26e45b1,0.9477689628430783
a587a8d4c2a6467e,0.9416551124515535
d3f7483d11a6428a,0.9737865476688368
7deca80c9a8d4f3a,0.9903082280829025
d1a7873cb4014ed3,0.9218704048001438
01dc89750c104d86,0.9646523600021562
1744af4e59614b0a,0.9626204533438291
1589059bf64a450d,0.9606005184253356
ccf7513050b74463,0.8730623890095488
8b951d5691344165,0.9957366056909205
edb446b775094281,0.3267188101805246
043ce67951d24cf7,0.950183999432553
5f448146726c4c01,0.7968943962557146
fbbd4bfbd98b4a8e,0.9631136922374708
b5685a5ed1214d10,0.9947534544363071
0fb409e4802b465b,0.9606278411093022
24ef0de4a6444505,0.9623034481834308
58950e034f244cec,0.9943159436500526
b17528aae1ea43f6,0.32068329955111796
bade08741a60449c,0.9936920873125065
6d12d9e3c2374fe7,0.9646102474391874
7eb193d6f1d8472c,0.9687832212461368
1149c50824da4a3a,0.885524738878015
4c835a2c726b49d3,0.9318493237295693
26ef382a9d9c474d,0.9860387356310689
761393982c694b9e,0.9946302227313251
0cd7764120d441a6,0.9505973782278572
1b0221ad50b942e8,0.9908554518415691
08f3aaffd3ed4785,0.587405889622392
82791ebecda34dfe,0.9945568578854942
3aed5ca0ecf9437f,0.951332987782337
1a866c9a3306479d,0.987968292730266
01c82842f6fd484f,0.9659658307111496
d5ddfed1a1ae474c,0.8795312410625596
58ff87bacc5f4b50,0.7922712444275635
b37158cd37024de9,0.9909996412461501
6f6af06f9b7143f6,0.9567442857614792
0eb797d851b647b6,0.9595773359643636
522309f92d67473d,0.9583315873424919
6cfb4bd47b574dc2,0.9668556034945791
f516dc008ea54252,0.9864301942734175
9ffab71fb5e8477e,0.9441581355709735
a984918fda5b486c,0.9908689691466709
62c748c28f5747fe,0.967969063420113
57d1ca81d2aa4448,0.9792209588677551
682a82085b5c43a1,0.9530029905662667
943ed085288f4532,0.9851700178901123
4698f769f4124f0b,0.9915204916124758
2fd4dbeadc6048fd,0.9883522135306141
cbe17f26c8db4c1a,0.8836792733800426
887caac94e9a482a,0.4470307237255791
9f776632f66d478d,0.9660357031572385
c297cf117dd94b4b,0.9898874745310913
abc9eaffee9945a6,0.942835658592678
6ac21bcd5f884d03,0.8312197136441251
22fafd0e2dba4ef5,0.846240182755675
24ba0874097b4af2,0.9950018777387862
4810ff37edf34d08,0.9883983624957994
a37ad6731dc24492,0.9604703474208407
6e144bd622a749ec,0.935590361716614
317abd5c7bc14220,0.9568033796488311
bc09d03674564038,0.9756572628387963
c4deb6e0288a4d89,0.6645048606269526
2567d14f20684233,0.9299311953450354
8df1604d862a4a96,0.9868422872588379
02cbf03bde0543ed,0.9899926896158264
9392181217eb4e56,0.9920319743880753
6b755c2824294a5e,0.954405158869087
490abee615334d6e,0.9890457775143909
fa388cb5900e42e8,0.9358092112966456
8d9434ea196c4bdb,0.9628462844700986
2d116f2f615947f5,0.9671584438519298
8d5a49ea86794e9f,0.9605257507123189
b80cc2eeb0394cbd,0.9483808850703707
9be55f6028c6499d,0.8963179630365691
15f08a89035b41d5,0.9037869812398135
8a6530a0867040ea,0.9922736996312918
b833befde225400a,0.9331565173227079
8e5e867d1f8d444b,0.9936488660307145
d3588f4191c249a2,0.9268344752601505
b1733a60ef2a42c6,0.8926141500612493
89a851d7a5594c2d,0.9511571512001519
410099bd6cad43ac,0.9920091425789096
dd1fbf53119741cd,0.990644852990906
8bcc55d85143488d,0.9844838386098835
f17f873cfb8141d8,0.9780595947667363
0330876bf002436e,0.9732806012105542
5aea8fbfa34d490c,0.9892514074786112
004bfd3aea474622,0.9935955579408293
ccb15193f5ab483d,0.9409939410050534
7f085a077b8d42dd,0.7022073535238024
aadcd84c69e94d75,0.994749569298578
8b9f170971354a72,0.975522997795687
36e1b9c2a5814387,0.7155747432358673
ca53f11008c8406e,0.5169539799336459
3bc2723c5e83414d,0.9947535354938999
5123a4ded8af4be2,0.9863464829128018
dae8a05372b94108,0.989655065820474
77116904c5d74318,0.9916834455422425
8cee90ddfa9b4e90,0.9843537427622193
747cd3a3d25c4bef,0.9780588228450705
37fb6255f5e84be8,0.9859102517767708
9e79fc9650f84282,0.9705341788620488
0706f6bebe1f43eb,0.43291235163957137
a99521693abf41b3,0.9645872278093715
31f22769139a4a31,0.9862937094823503
f4c24e1aa79d4e23,0.9513257150015434
598cf2d0370c4eba,0.9854285941009918
428d2b058306423d,0.9886728674644918
abb2121368764b38,0.9918729460623041
a9053d8d49d5497a,0.9641427697046611
9e988deea4984366,0.9949857094160766
4b3403e0923f4e35,0.9954958927770654
f46c8c1628bf4cda,0.9700308820168431
4be73d31790f427a,0.9867741864467258
04d6ddb13a9e4169,0.7857549728345838
f118546f2266448a,0.9944597462056457
a800cb479d37450b,0.9303231779377896
ceec91bce37c4d54,0.9772063509924618
a0b92661285e4e52,0.9920454326751269
6d80ee4fa8994227,0.9673519026683917
c198b104e2aa4879,0.9550134099553125
cc56bcc58fe240af,0.9901911425362714
894ddf4f404941d7,0.9661577942152719
c07fd8fa331b4f08,0.991945677276289
eabf59b953db46b9,0.8228512141860298
122f62bc31a346c4,0.9599934801915003
0ff911ebce8448c3,0.9814966400916114
f9cb29696279421b,0.9823589830031016
84f2d9f8327a4a3a,0.9902337899462182
318f369dd0424900,0.9945203262581005
3445f5e0ba7e442c,0.9413339184861644
303810003e444374,0.9754685819606076
a2ab90720b854a18,0.9880378130123322
fb2b2bcebaf14025,0.9688731181034849
364ff7512c5d4ac1,0.9776862411886797
b9ce52350e354bfa,0.9339346515963642
d6f815003b454068,0.9424080535251088
d510017a776646d8,0.9894180575130879
01d4af9895ac4c31,0.9181068186510416
f802b17d1ab44722,0.9899587216888245
521b424eafa44332,0.9883645425222767
4f13fa44be204171,0.9804290775668596
288f7a1ac57740b1,0.9741441398093553
8e491ddee797477c,0.19516850282170567
64becfd7b31b4b55,0.990256340907248
265fdd58aa5f4294,0.9650898232979317
36a6541f34954817,0.9946397915971831
1297051f013645aa,0.4008251397559948
33f64896b42e4fcd,0.9891363103441387
96937dca25ff4049,0.8777770289737049
dda4194e40c74056,0.9927444031625778
0d0b383258d5425d,0.9935043079693159
a071c44ce16d4972,0.5319093176115545
dcba73d2a07e4f5c,0.9865419438746835
2a4784760354463a,0.9486568876272721
5bed6985e73c4987,0.8121752015006253
c916ba96bf3240e6,0.983432799180461
48bce9215644421b,0.9703732365358906
909472fb78c84c5e,0.979985896008914
99e40b564d244aa5,0.910018601593457
de80266ac0064c03,0.9929627777126167
fd2bfc50ea5d4f25,0.9474102392967563
1e4ff36caa764cbd,0.9741760852810968
b99e174e1873408e,0.9881964475015679
5a0d92b5797c4116,0.9738715806470075
f06373e101694540,0.9728719139651802
1b0149a711334aaf,0.9848163342807605
35732313cf644e7f,0.8969180897714175
ea5a24b124ee4706,0.32038249299909494
3ffb242d69944c6a,0.9612519303419471
474126a017aa4e55,0.9833912727541506
b08791be87ac4aa7,0.9830484043149103
f807ebd78ccc47d7,0.9560571469596276
6c7cad8f4a804772,0.967465579340576
407c571568754072,0.9893412933819203
e7a07f0bb9a74db5,0.9629791046916731
eeba952f1d6c4387,0.9823877337133607
6712cba9662e4ea4,0.9925491979115698
3337ad67316747c3,0.9888521532368397
f365da74870c4d3e,0.901158617326703
90aaa013094b4fb9,0.9799099502597859
a9d0124a8d9e41a6,0.7191301577056759
7458b466e89149f3,0.9907350020493473
839c287bfda64cb7,0.9832805774721821
9fdd58adb3f8434c,0.7316954216542635
60468662199d4328,0.6519722103478
b677ac2ff7f740bf,0.9904149140114779
72348872dc8e4b6f,0.9904375776698927
6323444c2c5c43a3,0.9880594389502338
9197a7d250d24ad4,0.994412630516526
3115a160c1ae48ba,0.9309624358373497
d66aa4d64ed84a17,0.8376016944939767
3a4f5afd19a144ed,0.9877975175139483
166a7253f0c94ed1,0.9557967735145525
ed017a6b3cfe48a5,0.9914851099528953
a6538352120144f3,0.8751648861924102
dddd67dacb78459e,0.971143803454455
60922eda16f146c7,0.9787713659558668
6f021d0172cc491b,0.8820298783096273
f8b303ac2ee64afb,0.9779239376536053
795edda468654454,0.9917083016190823
dee237b7d7f84cf3,0.8971498015729887
04ef1f419c774453,0.38225989320482967
ddd7b62d757d4bc3,0.9780543633285461
969efa49e9db48e9,0.9876914234407306
bcaa488861d64151,0.827450217851446
e46e305f7e224aa1,0.9782656728452748
ab926d2a8ac04f9e,0.9910926745026984
ef84e828c2974591,0.9581275156486864
5372840b87a04c17,0.9495477577965534
c23581c3f3b54eb5,0.8456140356263603
fd5f6b42137449a0,0.9609657348746385
92e307e20ff54c77,0.990836221915175
247370a718e34691,0.9416870502450315
8eb1bf64d84a4a16,0.9737817282314853
0661e88577b24c33,0.707652201994012
22f617748bea4db1,0.9946362994780339
5bfe9b492b4a469b,0.9949138561207904
62ad75f5039245bc,0.8884997395889771
32bee970bdb344bb,0.9944759935109181
16441c58ec6749cb,0.9425489927353496
2f843b18acf24b0d,0.9533570147336826
ac5bf812035b4774,0.9905576354731341
4ec69c919a4a4ce8,0.92945840736934
cd1b41786d6f4b1e,0.9927523604432873
9cd6ab158eb84647,0.9495777335489264
c8d6ece9465b4594,0.9948202105686574
730fb9c08b4f47ab,0.9919192350679535
fb0de8e642d84b54,0.9844155301056956
d457d95bbf8b4904,0.9734088117696569
c79185298ad24adb,0.9770959181620231
40c2757c0b514170,0.7127735895152172
fcb08e97520b4f95,0.7716595858519522
ee6baa8176244937,0.9884047927837141
aa419e45088b4a7e,0.9540530730124672
29e45b38efda4229,0.9793282935791418
6fb65590ea304ddf,0.9902722968471519
08335e2a607b426c,0.9740238050940565
a0f512c869ad434c,0.9596537323596745
d7d18f22c7bf439b,0.9629445688738631
4633ba6ae15544f1,0.989218436500955
3f777c9cd5fd4be8,0.9897625556397551
2754436e63f24b2b,0.9823601230225714
5d394699ed3d40c2,0.9924850782292811
2e1b0d3249e14ae5,0.9680453174555238
bc4d48e9920348ce,0.9841679401885299
20bb82d7821e4d27,0.9928746542857528
318fee1ec0c04ebe,0.9732429075179979
d97ee30411d34af7,0.822149871655836
9833b36959234fc6,0.8142490282309307
7a683372e8984a94,0.8619595928226438
fd53606c40e443ae,0.9904943980781932
4a783f5d25724173,0.9504395450444403
e8c73b1677714c93,0.9771211618368308
7d0e7447c5284362,0.9927072180897643
f79204eb6efa4627,0.9905613715574763
5cd1d9ae81b0422c,0.9822178067726595
f41b141dde944b60,0.9357852784759212
c82f43211845486b,0.9925755188022061
7c4498044d6042b4,0.9780281626849714
e4f5e4df861b4a1f,0.9289764943911105
62729d01e01641a1,0.9911095568741854
4277adf440ac4d6a,0.9676388899958152
42d6368e1f84427b,0.4212011364322394
1b7f6631311841f2,0.9413099128560422
d30178e422bb4084,0.9833487131692742
689a02e7eb56423c,0.7078821483417201
aadfc4cc97384a67,0.9841053397362958
ba4862e161fb4f45,0.8871334157167711
a3bc4775cab74761,0.9897654224266821
8bb3f3f0fc534993,0.9956470976138811
9c9c760058dd4e61,0.9955585177852985
8a8a8f13f6ad4cdb,0.9827421328705721
9408a6968f7847a3,0.9927739209917161
ac837c77971f4633,0.9919730629634076
164a280ba6b04249,0.984908874445485
d9281f8062554ee4,0.9642752561921688
8f0291dae2f949bc,0.7305269445202545
646c3298dedb4c8a,0.9844720345075937
6d4e053d31124f3a,0.9038227738830313
9441e6a8e7c346d9,0.5922840833816205
d6f88b7bb6894597,0.9951199342351013
4280f3a3b7444921,0.9918871463592472
4f271b9da1f64837,0.38036488300379595
7c91eff3252d47ff,0.9836726839676928
4b3809e51d9d4fbb,0.8750060040301346
f174e0d2adda467c,0.916498310962707
9a1b24fd1b2e4462,0.6650716852727971
b3c893010c524bc9,0.9746095353179373
3241ba0f4afd4903,0.8885536378670317
851cd9e6bd53419b,0.9880382609518096
f2c1ea8a6cc34709,0.9275421228128872
4a88b3db4f334ac9,0.9476617290572579
9a0ac087972b444e,0.9841908308239139
b3d5f58be83e44a5,0.992867267959852
3495894eb3d9488c,0.9744301210621261
b4162129afd248df,0.9873984171394721
d2aa02124541457e,0.9732889741817013
3da48aeae7354983,0.6559977223358876
da68aeda8e194b11,0.9962737642686831
5f7583e9c9994a12,0.9862869740060372
1de459a353fe42a9,0.992942223122107
057c2fc7b9db4274,0.932775534921487
91fa413d8a7e42fc,0.9822251587020381
be112e10fc4c4db8,0.9368272779269604
984550d688264ac4,0.9893796400744537
be9305f7dd6244d4,0.5856118687717583
ef67696310d44894,0.9285068371222964
094d3d6f2eb447c5,0.9954178694363863
b2a047e8c4bb49b0,0.9887538913334464
5c1277b0359b4d85,0.981789736374165
c574b63e19f14d47,0.9902250530141015
a8257b418dfd4ae9,0.9888587150073607
d75c4783f0264edf,0.43304237995389894
27b8b147ea4543f5,0.993300903126172
0dc0a626055d4d23,0.9924340344995748
8e9ea9e799cb404d,0.9685012069745099
b83b345953b94158,0.9814421710401204
394d0bb62814447c,0.9805041276909154
e540bf56af174f2c,0.993412000254305
d2519fe63b404ef1,0.9662438646933584
95776302be9f49a8,0.9737407456604362
980c6dfa0bee412e,0.9804795620769777
076c32361f0644ad,0.9767029553062836
1b42322bdceb4b5a,0.978696580825367
bd68057177714888,0.987492950358733
96fa633f66004619,0.984576907666544
285ec73fd8f4452c,0.9752536449985791
c42f4cc5391b4dff,0.9715380559818566
da81b34a8ee948e1,0.9954014810918939
7b8cb084d8a34f76,0.9841487989152901
f292833aa69c456d,0.9942449827761936
1fdd3a681c684542,0.9934141538396852
2bc4865a024f49f8,0.9885929830535318
7a5e3ed1d21b4f33,0.9362909977908119
1f856b347247440b,0.9565305511209052
6f5d41ad773f4f54,0.9113098698814189
62d3fb848b974bda,0.9761007207606889
b2aaa5c86b8b43ef,0.43398537638120266
68fc427aa87b4a28,0.3670510907153143
99d1c4e761a54415,0.9874954485757229
59336eabd69841ed,0.9940403166236289
ae8910b4a6664d41,0.9577396758509481
f57b115c76ac430c,0.5512098172227631
d89d62a0e6e3485d,0.9254936782064824
e7d55b5ca55d407b,0.5867474494617229
4b3a7b16bac74e68,0.09365391025016026
b3b12c1e6df74e7c,0.9721051961155964
fec92c5bda1e4996,0.9871122545346964
9297873c832e46ac,0.986224158453337
f056252e0f0b4d4c,0.9901539080257681
fabebbf90fd3494f,0.9586600118171541
e9e37f417a9d49ca,0.9860560090051494
7b935f02de4b45cd,0.9715609785688105
6404c695d4f34681,0.9571722779547116
5860a8c6b341452d,0.9722576046608374
78c4924fba614074,0.9275876700541648
ae4143f39ba14da6,0.9484080871152323
005b14309afb4fb3,0.9811862997089815
5b9a563574f945bc,0.9746432047616045
8a3f81cf27ab4e09,0.9801378434221928
b18ee51d57964138,0.9325467658173758
aef411aca248491d,0.9916592449709516
466e011e41b34124,0.9705363560166118
1b5913d980d0403d,0.9778535056258271
f57b2b7c04d841f1,0.8414414232633977
56253a3a58a540a1,0.9857247868777055
9a0b975dcf06436b,0.993606601818942
68c7b5dd45f346c5,0.9765761141790611
4ae0ae0754034193,0.15834306620270594
a6a5a180ceca4841,0.9904329938206455
ea35f9d7ae534d5f,0.5645678462636198
4ae14167e89f403e,0.4113303750622796
0754aea83bfc4458,0.9887616717947176
812a8a7def784f8b,0.9234496074207467
5a699913607444b6,0.9531690426272558
533a1f55363949e3,0.9923880985193045
08f4cda9778d4823,0.970917595945614
869a6987346347cb,0.9932082069391782
c7066dcc27494d57,0.9878073193463269
334625a55389427b,0.9851409979362264
ce2bdd151c094d4c,0.993728105908993
392b09065a3c4364,0.9661224069396835
87fb8668d9ba4d46,0.40274336698699553
eae7807616914b4a,0.9589234901998301
9a47b198a81f462c,0.9886144546728504
5895fc3694964894,0.7736335204895051
d14beda397824808,0.9909820530765231
cbaf416062ec47d6,0.9614286997361132
36f53d7b0ca9490e,0.4530093594131769
d6c9660612a24618,0.8995840810855669
221b92ca430e40e0,0.7302867635624316
e62d2ed99cd64eeb,0.9631600299853756
2878f03a745742fe,0.9313750784500604
11324b50ccbc46ed,0.9788389261963495
df32507bba94419e,0.9881170532836181
273f15f4d31f4c3c,0.9732798362414534
0253e15c39f54380,0.9695516312622935
dd46d9835a844740,0.9916855420155903
a4f966a717a64514,0.9683122193086859
3be80d5778574fe7,0.9282196356381824
fe9c4e527cff44ae,0.9909523175460102
9d386038d1a54f6c,0.47501913127995
5c5691bc7e3a49c2,0.9113454669861181
563a74dd5e6342c2,0.9515606669834256
98d1ca46796a447a,0.8956323321389805
9b00c748cfcc434a,0.9908487303316429
a0ff6c8ee1b24a43,0.9909946916964165
cccfa5604e204fb4,0.9843187360826112
83d6cccd1995414a,0.9465248683532904
c27d1a6f8eb44177,0.9950448647307187
fa92b9ed5c7143cf,0.856858529187134
754fc85bd9fa4316,0.9290352784356195
782c509f1ddc4c20,0.8360158116532114
6c05353c8fb04759,0.8355960683511636
bf99912427bb4f7e,0.9639371663802603
00c96aa0cf2c4f4a,0.9692575148908661
b1b4bddf89b44dcf,0.9010674048588113
4abbe69d89144083,0.9839287487612329
62dce7c8d99a47ab,0.9937072392480925
4ddba659b77d49e5,0.4775765468890419
9d04addc6d844916,0.8911037511245763
36908bbea3f24c7c,0.9750867789020692
43f82567232f42d5,0.974924808544413
756fec6fe59f48d9,0.9620178732347661
70293998205c415c,0.500608295830823
16f718bf04db407d,0.9629307931541021
4d839fc99951465f,0.9765957474904996
12f2dbe7cf4348fb,0.9708488352709743
2bacc88655f5416a,0.9740523916094264
822e23a73a8f4ee9,0.8819241552958921
1ea1e9e305bd44cb,0.7626029459643247
0fd76a187e674620,0.9956816436013256
ff3358c95acf4a45,0.9888632734061208
4d25dc5026d3455c,0.8969381990443328
2881cb28d80e4c72,0.9722452471928179
8ce07cddc8fc47d2,0.7700414937360555
1514ab2285ff46dd,0.9668620457591921
5d501e7aeee04536,0.9365573861054038
15c22cf4f7e347d0,0.9855859460189904
26b9107d28e24800,0.9793671577696337
f7990980c61f4b86,0.9539648453714852
4a53964893814eb5,0.9931001717564195
fd83d3045fc24f9a,0.9694444752199842
25af05f7adb34cc1,0.9839622082136306
40441411dfb0420d,0.9954218902145289
71f419475bb44bda,0.9782340544126236
451f372aedc54057,0.9464251864842381
96790323637948aa,0.9923823394303067
f10f1782c3cd478a,0.9647435229586085
75df011517e347cb,0.9744338753923095
c2cb0af691c44adf,0.8284282752543056
52a3aa19ead64e4b,0.9696863204281978
69aca87fba81413d,0.6860161545716257
779c5d189f434767,0.5634047298378035
1f6d11f532bd4056,0.9388814705393127
9770bcff48aa4bef,0.9793546781511566
efc98f960770403e,0.9810014253663901
0e5f52dceffa4d9f,0.9662090306513408
77b11a7666dc404b,0.9722653488123925
0e112880161b471e,0.9348801872376586
89e170e65f484ada,0.9884686037755289
69aff6bc0aa54903,0.9855601179287197
0c9304a8bd5348a4,0.9349170048005775
3de61b97d38f4ec0,0.9558237057483048
85c8034ed0c348af,0.7142711952509276
395b03787d2443e5,0.9955379876462602
ee7726661d2f4c6b,0.9571188479766818
012e1f45824d4b6e,0.9697806614397637
0fa41f234f394354,0.9899945117851111
20128b53c390425e,0.9531030459511307
ab00baf7774747e4,0.9758180001865325
007ec379528e40fd,0.9634215456958382
4bd94c330d3642bf,0.9859148284063112
a7a1f3ea74c94246,0.34655564175586384
00f5c3b509e14a41,0.9937513589649377
23fd1fa8647d4432,0.9769322294546651
1154f193d65b4058,0.98700412288472
272cda52158e4e93,0.7063852004770175
9ca8dc577e8b4f4a,0.6220361298253974
9f6b32cdff7c4fa0,0.8960678319403668
802c411578e04d90,0.9946181265393209
42f85f4db1414250,0.9675131572738772
773de340de89440b,0.5885487721884466
0a2f266a2a7a4cc4,0.9491312482328367
a3339d7ca5874f9c,0.9810946094535536
5513ab88a4e14c14,0.9145842992518933
ea9db629ceb442ff,0.9804349075742941
74ca28bc3014453a,0.976287716489262
36a7035660164fbe,0.972340369427628
fa281ae6a29f477b,0.8788871237512457
1f39ec08c5b54a2f,0.9927881603153121
f54a89dba5aa4082,0.8910276532440962
f799f06165314719,0.8651446683128927
8ddc398782524020,0.9944523794471893
c5406515a7a948f0,0.860083432091912
04b3435914124122,0.9461014029334003
6a85b86c66e143a6,0.8946838469184085
f74af82e3dfd4070,0.9808902115830932
ae06147d3b7b4b15,0.987972582854912
a063dc5ba801496f,0.976412711489662
de89b69018b647ef,0.9667092614241927
c329cc69c9d94c10,0.9397857847701576
780c5d2c6c224eb5,0.9119288020172446
26826b5e992d4daf,0.9812857072129562
729e14c5ad8d4b83,0.6336346210117181
977afc68f3b04000,0.9893068510567742
918b1d650efe4fe6,0.9813638455357088
ae2b35b7b615429e,0.9888228028786884
4c82ae7f194b44a3,0.9654972249073
e9d02825c1914886,0.8796605123847551
84655a45a67e4bb0,0.7601419314003983
424bc6adb1fd4771,0.8850622093714964
22a5813fd1244a41,0.9214003045720502
899304ede3d547b1,0.9913683356129592
fea5c072bfb747c5,0.9697500888107555
fa678d7b4dab4eca,0.8917218330938118
d198510854f74d0c,0.9674960601941283
b6c97228b13d4b47,0.9276486699776012
49f3dedf653541d9,0.9183161308913963
1e07e650e8e444a1,0.9705442926330207
b623b3130d5a4eda,0.9889931747298192
d1c16ac9339444ff,0.9914900448644092
2d45675af91e4ead,0.9950085546780201
22ea80c582334df9,0.9432001469383835
7d06fc55ac274e9d,0.9316910829080471
7b930188635f4567,0.9854289359535372
dd73744654064967,0.9077240553773434
1de1d40056f04660,0.8488259125186355
18bec36e20c64ce4,0.9866610100032724
13d80d73d27b43a1,0.9766634417842432
8592cba336e24424,0.993284900233148
9fc3721617c744e5,0.9873189306932387
a39e4961d4724cdb,0.8308946919103632
ffa2ca76f4844693,0.9838312201230434
c41ede34ca644988,0.9774242489602514
cafcdefb6c364670,0.984194183029409
d15b3a2c2f51427b,0.953147426509721
3ee9409b46c74be2,0.9919583066338987
8145362b85fe4dab,0.9904038634357407
13dc2ec964484542,0.9824573530081642
1527fa74302d4c5e,0.9279593931591725
e39313e726de416b,0.9885082469125475
11d827b66f8a4997,0.9463541842112179
144f2b3bd0fa4fdf,0.8322498945744305
548d823bf6114dee,0.8801811721114998
954a6554443b4fca,0.9874598119079039
c9d5c5201d56454f,0.9572016984796079
d1a80bed5fb44b13,0.9914023444324916
9cf3c7c3dc5946f6,0.9858051153240925
8863a0c12a534a62,0.9858886790247956
e1bae02788ea4262,0.9854219148930194
c1770dbbb2ed481b,0.9502514031477383
48937668d1e8414a,0.28841024354398764
d7a7c0d6bf6a4456,0.4643138835552948
d09d1d773ecc4853,0.832687499268224
cdb64b653ddb432f,0.9948308488471813
06898ebe7d7f415b,0.7421839862453332
a93024bd69944672,0.9317771552683102
941ca13c941643a6,0.9801031814865342
679ada659f014427,0.8822402522172105
fd43dd7978af41f2,0.9627626957408248
1a20ee96c12f4596,0.9890547754189395
5cc6695ff35d4f03,0.9524164463722895
970bcb7f42bc4c3e,0.9540354674695403
f2fe59fd36a844fc,0.9880781963629055
191ff52c0d3249bc,0.9902215943310206
603049de534a4141,0.9809779462920682
60c2ca32e42d4827,0.9695405866989797
f64817a9441b4ed9,0.9776493578938018
aebd40aa124a4b18,0.9425658836529982
fa000d4b6e584faa,0.9800315321944364
9a3bc1de91144b76,0.9644641006020779
2f1d148dd406440b,0.9910477168547913
488eb7af40f84007,0.9817247981744893
1a06f408f8f247c4,0.9842582727485667
25b8e79203504661,0.9732493570569265
e1e0a9ff821c48cd,0.9769420098117685
4d6c6166dd2f4ca1,0.9671595667039726
227c654bab38416d,0.871306016706308
873fde024317448f,0.9235425408335077
257ef7f44bb14fbd,0.9831658623173467
e1258a07455f43de,0.970836126704491
3b0a1bc961c3432e,0.9914416458007134
861ae0038cc14939,0.9440577263761318
9cf94972e6f14a22,0.9549810596838885
00f3cc3b63bd4403,0.6531746407959264
28591056bc50479c,0.9928278730655448
ac8099e2ce904381,0.9435240199582836
baefb72917534434,0.9774394073261454
6c5b15d810224793,0.9850615978660018
81690fcf09234d0b,0.9515109999398625
38765439b1e6403c,0.9936830858814216
017ee49268a8426c,0.9692086915629743
4a930f1187ca413b,0.9435645332610157
6569b2f3aa7f4aaa,0.9638106210889974
5259877b94234810,0.9716314016339196
f0bb526a275f435f,0.9934391552275257
edf44f1cdffe4955,0.9825229775998758
5f4dd8a1aa8b4c74,0.9803087918655438
948a5ccdefb049d7,0.9612795641457911
1bf6dc53f2454569,0.9925292303822968
ea7ed20882134ab4,0.9686092990348023
1c92dd0197b64f5f,0.9877044369748293
14d90f79128a4f26,0.48667359380551406
65e25c16f9a444d9,0.9877345471654296
f9b9057c73124de4,0.9861906886891075
bbf543ff460642ef,0.9776490887963567
6efd151b5dd34104,0.990633001899641
c99e11fb947d44cf,0.9949372329057068
4dcc1d4099c1431b,0.1736538411776216
f0e52ee156e34c7c,0.986846845571981
01f3ca49e7fe40d1,0.98869097638138
8232582f5b694543,0.9671414831844762
666d244631e74334,0.98776682372935
0ad22e6846e84d54,0.9748947640708661
06385edd757d4fd6,0.9716672183371008
96bf46071c504acd,0.9900991688378425
5d8bccb8513f4afb,0.661387281748232
136a9c207e0045ed,0.9527877416639996
ffd0495f9bc04288,0.9789693077834489
962bec6567974c9a,0.8956724169032368
06d8b21477b94e18,0.9842214417616819
e64d248c8e9041f0,0.8889125067138984
592d3eebc0d34a71,0.517860919881754
7e3972115e9842e1,0.930999039073957
bc3585120a904201,0.7175289122091009
6ab61ecf4aec437f,0.9438360529226012
f0ae766b8c6e43e4,0.9783008888532503
a0e9a73080044ccf,0.953792762113407
dc2f739c370346da,0.869450881851418
391dae18d4a44f52,0.984833321422572
3fb2881d108a40c3,0.9888065216713902
9552157856fc468c,0.9676943831151779
f8f3f2e896bc46e6,0.9783004260887195
7f80f45eaf354305,0.9943038778669251
a036866f5d1f45a4,0.9745554047332815
8f99df3e36264caf,0.9652579623518147
75dd5a37645d4398,0.8235977927940497
56e05868c034434f,0.9859473614297857
faaf5f97ea584a6e,0.8433786508633748
1228de1be61f4b01,0.9797474271598479
019a29c337c54357,0.8593198229273533
0d025efd0ee54aae,0.9891719220912307
2e8b64f87c0f4f63,0.7987615259006988
078134b05e704c70,0.9104132158050252
2afdbae069714635,0.9819670170876004
e5539c93a8484b16,0.9787079775714279
2732996fd75743c2,0.8725702023052939
faf63f674fdc46cf,0.9855520042943064
b5075660d9474b29,0.9436929373208132
0b8afc07378a4b3c,0.9846528998204447
e51f09a28504426b,0.992838204576883
e8ab9a11cd6d4224,0.6848492093126606
c762b5cf3c74461c,0.858655037491913
05f2bbcaf8f04dd8,0.9850392275773159
5f26e88550b5428f,0.9921188573092727
3c57685d36b14d1e,0.9567695279569971
e17d2f590d84426a,0.8448200382534715
2a43160c23a74c18,0.9742122919121823
a7cfae1fd49643b9,0.9825708710445713
98fc7bd9c7354eb2,0.7649716538885962
c728a951ef8e4fa8,0.9848399990076272
765910d68ebc4352,0.9761125717476189
1c5bc159f7a24bb7,0.9285434134196061
f78faf1a9beb4ee1,0.9923831673231623
f8732a3d533a4a5a,0.979265701452127
77ef8f6903a84b28,0.9108901376931542
16fd7ad5521d4a49,0.9832643773269872
0dc47c2fcc364f39,0.9009328482480564
bdaa351fd1eb472a,0.9896886624022171
d85a44d771f94bf2,0.36176793754029984
74f154d4bd26415c,0.09686653945473458
b1ed242504544c48,0.9663076684572844
b162392f294b4250,0.9723369181768874
90d889d55b474c20,0.3234149917303279
6c2325b796cc403e,0.9392895532581527
33d96d0637dc44e2,0.9646059671363494
f790f0e7dbf54138,0.986485584184706
bf1257bccab54d9d,0.9761842639560783
6214693f6a8442fa,0.9742309422897236
20e53c0d2dbf411a,0.950536588787724
a448ba7f97504db1,0.9641684656917988
1280e3cda4e84af2,0.8309731289458272
a69a8ffedabc4a4e,0.9930891220392327
1e0e55739a9d4261,0.9804841689412187
b93cdff9660e4583,0.9769995593259078
f3f1563cc7284339,0.9860355985046129
f23e1c741c61495b,0.776383712097267
7a2775c5437c4fa2,0.9785624377559973
eb3e06b65f034dfe,0.972455110038133
8e159ff6c61f492d,0.9951174239687571
db74ad6e08224d63,0.8755892734258108
b5a62f9dc7e34206,0.964586772919637
9e91ed051a544a6b,0.9822750933905257
5bee2e039f8443ce,0.9517413613549547
cb6aed10f72846f3,0.9940252845414538
5e780151ffdf4736,0.9914237277077422
1a27b65d665a4d17,0.9638330505056464
647329c9ff164e0a,0.9359620230212841
da0add54488e44f6,0.9656619765538297
a80aa5fe830245af,0.8358777071708474
3fcb41964c074dbd,0.9937514526128863
1d791ebc0374419f,0.9894473106030054
73be666ca8464b97,0.9747129977873108
7064a3d9adbe4cdb,0.9561370467411112
a4dc164811274b6e,0.989512015624672
eccfa85296a74309,0.986908169125593
af3b72e2f1d948f3,0.9882860281148182
3aff1f99b21f4768,0.9833285892449262
8931c3acd1ee4596,0.9637439356405029
92c531a9783e41aa,0.989839713951054
2f0dbf492fb0445f,0.6594736256973388
6c3c0afa0bac4c17,0.9853055766424536
fee3ee60c2ef4919,0.9696184179671239
8a2288a76d7c47ca,0.9782495863705816
b25e9ba354f841c0,0.9901371146653583
7a8f1b322b1c4ca1,0.8674424613547824
6c586d3ccb454cea,0.9743729940210152
3822b624a18a4ac4,0.9895048642493002
ea83eaf439674f2e,0.9937369398791713
dda22bd0523a4c4e,0.9382754592410908
a7b63b8aeb5042df,0.9616081437064681
f24418e7dfe44617,0.9866543296061747
2566fa01a3c1427d,0.9778772502316905
f23660cbe4c54842,0.9841142183015925
47bad70123524e42,0.293011790680053
dc3072739e8147d0,0.3442770150518343
f62d05ecc79f4d4f,0.993719688595989
fe33424515ed43ba,0.9729434754334332
3192ec2900364280,0.3004723639024022
98d8b915d71542a7,0.8564553672401379
3282bb4bde9a4cd4,0.9880270272891618
1fbd530b6b264c76,0.9829833330490491
a4bc4b07af884b3a,0.9388339112755795
0521ca77d6934f69,0.9906469308371543
28cb851375ae4216,0.9958671471333373
19e6d066144c4a2b,0.9287603896822676
cb2cdbc617834534,0.8941518668213593
5dfd8efd832c44ba,0.9912343121433107
2e9605c4ad4b466c,0.844775923876983
13feefbac2dc48e2,0.9724932429805845
b6d8b16767c549f5,0.9883680268554297
ce1bf2dfaecd435a,0.902623694316446
0c5a2876444a4d39,0.9616618770749354
699a6557dab2450a,0.9792887499200742
2f530100f88d49a9,0.9455928225568389
9c8d081852a940b0,0.9811190111638582
390502e0fa2649f0,0.963130289358423
1bfaf974df7944b5,0.9583614875030634
518ed05d27fc4a06,0.991142186160215
4f4a05b5b4c54c2b,0.9940371810708928
85b78082725d4315,0.9865146223344887
d9221fa3099b43a2,0.9254409694671832
73c18022fc294ed7,0.9306913717366632
996ac3a60c5649e3,0.9679637558969963
11cd183cbb2e49a4,0.9809973157567219
0dadb77e36bf458c,0.9014059237775596
eb69eed4a658464d,0.9292080879342961
51028a494c904062,0.9531815788886011
0770763bac5f4ab9,0.8386862607305234
c679af5d553f439b,0.9886244450447919
e6a94801ff564453,0.8330617125969846
c708e582f5d14254,0.9756977955109345
aefdcd7ed35840c8,0.9927908955186607
d0c9dd37cfb64264,0.969947298285471
416406b95fda4a00,0.9201319064405876
fa661ebcc87d4542,0.9545101429082958
b9d8da4b9b0a430b,0.8516007854407078
9051e8c6971f40ca,0.8541710800533153
fb9d1b5a8086472e,0.9758266031600016
f8d61302b03b4151,0.9798390477647076
e02c33675bb34963,0.9867425312577227
f1e75300b6514c67,0.978249994429518
2dcd2d2b15d14a8a,0.9707788672114184
0c6ad3462d8c47ec,0.9394538507351458
13b24f2b0fe84301,0.8398281466777323
bf6961d9e20e40e1,0.8795783858549416
a6bf7e54aff4411e,0.9015844521171477
aa025201dcea47be,0.9854173013739411
0b27dcaa17884c5e,0.9796896642566452
7dfb31b72b084eed,0.9891216524016248
09cf4a5857c3475c,0.9213354813610953
dba66b8d756e4a77,0.889031035248227
7c9ef19be48c47c6,0.9586684678530808
9ef7b134c52e4eb6,0.9926029821740215
e3d7a25233bf407b,0.973398158470754
9e027c95f3664f66,0.9940321765088861
509bf1d21d5c4c64,0.5538654736584242
2a6559cc90e04256,0.984641549406564
9f2508e35b474409,0.9854917533474999
ddc93ef34f3346cd,0.9934471059326908
74adc507170e4b1e,0.9714332937809577
0a70ecdd0deb4b48,0.9953229452655217
b8664ad8534d4e88,0.9753450268998624
793233208a4d4980,0.9902961230066936
f9f6218ac9cd421a,0.99459072880544
e5ef43374f07495a,0.9920052204680452
1b0f0fc183064072,0.9518373155793902
852bfd0a4fb0410e,0.9611270430296239
f57ff90de8e3407d,0.48737270264383586
eed0e408f0804ebe,0.9910725991286646
b5c784f07e124aba,0.9906915687765097
653f5848bb1f4d1b,0.9643266173623353
2870861fb2ea4288,0.9881967619922435
3b69d78ddf924b2e,0.7849902416641722
31941b919430419d,0.9903426051933865
05b829f9d17a4023,0.9896341850976391
d6935b652dba45a0,0.9624571806967154
a37a92da5f864cdf,0.9391449348493597
a51fc2b11b3f45f1,0.9620256637781616
8b3717947ea54be6,0.984866836031622
ab3e663c99b44cc3,0.9911630789248189
b6ba4551514e4d2a,0.9821373410816661
144fe211af864ac6,0.97177303180861
970b864f876047c1,0.9765930659515039
8e65c1793e264c42,0.9704999260605248
d58d4fd61a0043ed,0.9697960973976242
c2b59b9b901b45a4,0.9837555837840954
b0dfa3bcb02544a7,0.9867492392960007
0b431416f8b04ed4,0.9898005452272665
7e1c0571b20d4c5b,0.9451091815866715
1ca98757e68a4101,0.9854617340075429
f469657724be453c,0.10153077012000382
31e02b43028347ca,0.9891984327461151
700dac574fae4a2b,0.9689628862048385
e09c8e6404f14ba8,0.9927009129402237
774cf48a65f749af,0.9845919788414725
11eec4604a824751,0.4360386545621154
81072d3bd280438d,0.9924283900985431
dc7dff0cb9674970,0.9879707995611803
6479b66524414431,0.9739835195344166
dfed7919e4604ac0,0.9013291276168871
ec1cb1ee0bd34a80,0.8549157484452617
d3931a3dea8c4bc1,0.9532939012652157
48b26d6583c448c1,0.963536508845927
e07f77d2b24f4cc6,0.9849651696840921
23bb86de7c744fcf,0.9764195134299938
189069c962804c92,0.9943876837836516
5d12547c9dde423c,0.9804666414208991
a89280b1373449fe,0.9919844754171374
90ff2408720044ad,0.9838691364711429
f4c718602af54b54,0.48472816311687117
66c4c73a17ca4274,0.9184870886189138
7be0422a74924a26,0.851751030305978
05237527d14f45b4,0.9951301924225515
065ef50accab4a7e,0.9620298064285301
4354e252dd0b4674,0.9802505466959571
3b7d729081af472d,0.8884641762019584
e28d6cf49e074471,0.9799145627446932
0461ba45ac7b4dc5,0.32362427739334765
4dcde323168b4b77,0.969956631325849
0d3df1bbb1c24c2a,0.9820799405563199
d48a1e9ffc764270,0.7658413160003381
343d397fe2344fea,0.8330404327333207
a8f5ffb7741948e8,0.8891735925209332
519afdd640bb40a7,0.991763560679194
57fa0d7cb49d4bdf,0.9932094844185786
162c2bb4194f4c5a,0.5668035258129306
9138ee9cc60d46c0,0.9348241839719467
81c7ce8b60a94476,0.992737681992138
eb1e53162aff4c1d,0.9084949559780094
f75bea051da641f7,0.9923643975674347
953644560241487f,0.9563998357754038
fb15dabc4d4149a0,0.9852054544978552
6cd65c3b5598441d,0.9806620924975415
b19ff6d2413e4d73,0.9937158858481387
d350ab3f7a4a458d,0.8659301181817188
0dbd47c08a2a4930,0.8025101125736904
1918232d214b4fc2,0.9790189524420976
5924c0bfb7b74be7,0.8568652041744343
a761ab340c0d4a1a,0.9877731108071499
075eb94fec034c86,0.6230953326263939
9a3fe7e847384e3f,0.9711146755238907
3b417a039b024bc4,0.3651178117759239
ee3fee1cc2a34d96,0.948033336023701
2b5e00fbe28442a8,0.9800453784584707
0ddf468607f84244,0.9907930480342648
ae365d994fed42ca,0.9019852641760775
4b563409ecc04a94,0.995519532963342
47ef8bed20074933,0.8739491511890144
09a74ecdb5d74daa,0.9938480092024946
641c88150ef34155,0.7305915947183486
a292282d0f7644b0,0.985958040310989
dbf701f874a241bc,0.9876862692372793
f15dff2b375c4178,0.9880779406198746
b1fdf461d1334eaf,0.9885877347401509
2b8084f28e4a4270,0.9670050482325714
333231be98694660,0.9565143681598837
598363368c234382,0.9372046795613098
8b347a433c8d4732,0.9944587585587803
17912d4e955b4182,0.9331974469287024
61eb5b31543a4a97,0.9465134122841551
8cd9b540a7d94c24,0.7838194516893298
cfbffddd4de64e3b,0.8536032800240498
b9557e824eb44b8a,0.9604197770340261
3fbc2a05d6f0472c,0.9791818570398337
5f6aa62656364d00,0.9914141394049973
76a39d2437414d7d,0.9661268125200333
2d3d943b09b24520,0.9753370259780582
d578357cc81f4955,0.978001181554991
1be734d2568549b1,0.594823688935099
8c454be6cfac482b,0.9873836581587441
a1f1aaa2ec1b4728,0.9860702627458302
30cc235ba1714de9,0.9795090778346557
319b30e8c2fd407d,0.72473524757803
a2b179e5ef4d4561,0.8951962813507878
152b8c58b5b94dff,0.9854076485662254
39834f2431404867,0.7756612288025944
2b4e730c9a0f4e41,0.9394081963309169
9a27073fd9cf434f,0.9842036416443737
a58c5720d2054925,0.9691445962574369
a0d5e89cb28744e8,0.9837996054188413
427b70c0b9ea42b8,0.9884506388820693
26b73f729ea141a1,0.9913557408376427
4d01f260a7d04d1b,0.9918852600060143
346306b330c34d84,0.990894905683113
df720b0fc06f45b9,0.9770632628096403
594528496dfc4765,0.9907743889979596
1690f0a40d6f4908,0.9864984689724163
f0464a643c194d35,0.914928979968753
5c917f987d994f42,0.9675253933704626
4ff55af016e4486a,0.9763775618467401
6e7a57e0423e4c2e,0.9913813104940505
232b05a0f7d442c0,0.9811935413212524
2c53094d05544e0e,0.9923834740029891
ff39f35616304711,0.9431291628351222
3b77b10930ff416f,0.9902817352324302
e6447b68bdeb4a7f,0.9243757223287268
7fbde7b802344c1c,0.9906441144269371
ee95910f549d4ebe,0.9900964779139386
2fe438b474c94267,0.9705598173429422
20d4b122a42a4af5,0.9798424830568597
7f5ecb1ddf4246dd,0.4814615203302215
f1a37eb7dd8a48d2,0.9948871415405531
466c8205ee26417f,0.9738031245721844
2faaa13ec0fe4521,0.9894470107283825
dd041051c43b4d4a,0.9914398231855814
2fbe09278a1b4082,0.9832536621143717
8637c5b80a964320,0.9696450773582009
18cd9be907b949be,0.9928141873897983
d62e38f79355479e,0.9895390066049956
a3f275ad5ebb457f,0.903926905344762
7715a8148c9d4c8e,0.992860938409402
5cde5ffd78e44ff3,0.9730155406388274
29fc41bab06e4c9e,0.9251556596493826
d23013c94b3c4f2f,0.9922114679734253
a729f6bcc40b49ff,0.9500295563780872
751ebc7e6f4c4fc5,0.9804761135204959
ee7f5d21e8784118,0.9894270953284435
3b2a4deb2b264872,0.9939430812623632
82a6980ac3ad4836,0.9888166872509976
b5ece58dcb0a497d,0.9291254818726278
71ac52bb41564ece,0.959166525776127
1babe5be7353417d,0.9109845474693969
4006bae2fc54466c,0.9923287872480057
d4ec15acf68c474f,0.9803588040807764
7f298a590d164e68,0.9851336294090288
6343d197b1514eec,0.9701255833018333
67e5d312f43a45bb,0.9940592300034998
2bca0992d5354efe,0.9903597210602989
5883a023fa924f1d,0.7847236695629154
2279581dea784e79,0.9943800480248643
2a9299fbd0de49aa,0.9861778893078977
62ab38b3089044c4,0.9943586564785101
4b218930ea1749f5,0.6709964801051399
8848e8c498444c4f,0.9903136961925348
98e0808582dd4c57,0.989677169213136
55bc90c401a74a42,0.9889826493008217
c314ec9406ef4235,0.9725301185878508
85689e7a1b1f4e90,0.23745925284000052
ab3daee0b9984c6a,0.9531885792189716
f2cb82d5012b47fd,0.9886597625030534
9ab8c4fdcf6f47bc,0.9783548371635259
1b5d548e9e324e52,0.9756862471987098
92d5382ec0374f59,0.9864023193578324
1bd0a0fc3df740eb,0.1257269668142453
dc5ee12982704917,0.63167809936233
c9f726c0f8cf449b,0.35268084835290026
33df842a41204ff3,0.9849710102496013
3b0ce2727b6b4113,0.9189897252819232
c6b36576a10c4feb,0.8613437719004269
55e1af85b8ed4123,0.9959387510008801
5e70c198d17f4f02,0.9926506731086512
35ac1efd779c4d00,0.987537777245558
1e2dea7a86b64da8,0.9875758075744233
c46a0f2ee7cd48c4,0.9841529485719954
ad5283913ad04d88,0.9749571830360004
2bf488f40250472c,0.9651690062922553
62047a57e8c3496b,0.9828779480204963
1d7a019c57cc4870,0.9528835895442068
e3738b938f194d99,0.9333037954577076
b2289f7473594804,0.9861810066178748
d7d493ef8f35467d,0.7292510604706517
b6ecaee69f4246cc,0.7749952377821762
1926e2d2ec3c4db6,0.13778903268967552
e55cc651e4a44376,0.9923119505303871
4aaed999edd54218,0.9942405127509328
d5a5246f896f43bc,0.5468305565912124
2f822e64c93e469f,0.9868710924332162
79efb2dfc2fe4577,0.8746205341460603
afb68c3031434904,0.9764056860589696
9b297d0d1fc24004,0.868883962605136
27a81c3d3db14d1f,0.9874083568112028
83f72fd2b6144c53,0.9787430002889292
d03a15d3ad254672,0.9268878417891504
b7d279f3f8d0491e,0.9815794322867986
0c71834e44b54587,0.9645882425787284
c4300adce6a84fdc,0.9671454788797418
0dcd25e6c8984c90,0.9881316360284422
630097302cd4482f,0.9600259568506482
1b0222be85fc4632,0.9856242470227057
b3baabb656da467a,0.9640853352748243
5797dfa69bda4d28,0.9519486259600136
1078ec34d8a04f6f,0.9851466639002059
01f1ba4ebc36490f,0.9257267027222621
31c6694e92554e13,0.9472348437977625
d4373e5e64764666,0.9944161805425983
befbe3f052a146f7,0.9945545262520532
d0edcf04972c4b20,0.9281141602037518
1f517e84a02c4eda,0.9606791078645227
8ef969e0f1de4de1,0.9932941116567605
05ac87355a3d4efd,0.9926498984222419
faae9680217445ac,0.9658576495401767
beb3cb51c0474165,0.977308411723931
4b9fd2278a4846c7,0.9135066494824345
07e5749721ad4412,0.97986302514045
752af8ad1e4f46a0,0.9464340258098133
c76b12ac4b064dff,0.7698628922802335
aae69c3d8a5e4e9c,0.9962005246163963
784dee8c92704e13,0.9926560758004005
5fbb2f46bc6d4493,0.9367620744422188
9f2a753efaef47ce,0.5931073281250842
0ce5ecb439024dee,0.9910735691896772
ac796434043c4806,0.9210980184954918
b06355c3cbc24263,0.9922041160245773
89fa1004e7bd4ca6,0.7251904606600666
ea2770e4a6c84c58,0.9891708559131672
390f77d5abc74f0a,0.49572581891030315
77d4bc2a12c545bd,0.9507364300640189
354b0a8d9e1e4fa6,0.9914504199360181
ba4d75bda28146fd,0.9912515700795035
baa1fecb472c4638,0.9773699184032433
1a004af8b3ab4b9e,0.9806262212090123
21004c9ce57a4b39,0.9366365334150457
3288f118cff14fbf,0.94492111684505
966275e303374ccd,0.9529436511722045
20bdfaa02de14cc8,0.9802852524066408
9a7740211aba4a82,0.9908506980816039
3fe5b995177c4add,0.9891041487361758
03da31c1c6354646,0.9764894318629646
cebb3492e16242b0,0.9924064221221229
c99a9a9c0e7d46ac,0.9877034811300323
a8976580bd454a29,0.9625919848468755
f9c2216f92014d4c,0.9884922046598534
31834d9b6330431d,0.9526139472263082
b13818f4f5f24722,0.9068178535831205
6f79985f989a49f9,0.9413578171536872
5334ca7b5e2f4189,0.9777334333689582
f3f3e197448044b2,0.9678595276223485
a1af26f57ead40ab,0.5686950248570697
c9c95cdf9d7a4a09,0.9905137827333264
d02d7f65cb274256,0.9513909970309433
558123797bd14799,0.9851274002294671
dcaaf63d053044b7,0.9228348909410862
c208b6a047494e57,0.8595873256409673
cabbed1c477d4f96,0.9953407373566889
8663649097954d66,0.9692788303705917
54df7e9681a44721,0.9226006195274209
6db5b0a0dac24bb9,0.9050884740928437
22e98166326c405f,0.9906131144836398
9a4ab87ff27c4e66,0.9760606324987832
545fee3a49b74824,0.9637346452685659
82459068ece641ab,0.6989845973766295
2f650770e3b74e40,0.9791897040413176
4dcfaaf400dc4403,0.9101532836115934
731cff086a2f4a85,0.9875167693289534
721073fcabe64469,0.9889341138107433
b573821fd71a4f44,0.9922635526138018
ab974a5772914707,0.9855196486224983
663cfb6813184480,0.9701470096584588
01ed76dc5f27427f,0.76367813692144
2d1c50d576854a06,0.23400580840355417
bcc8f4d3631d44a4,0.06195969402467114
7ad0271842ea4175,0.1566399292367219
ad6a773e684b4f92,0.6917061295445031
0f344e225c154591,0.04850930879958605
b84c1f6f90874016,0.3743308506792746
df940543f99e4b74,0.07686262172278605
38f228f6f0ff4a2b,0.10617527453033146
8a8f77aa37174808,0.06606717279992112
0babb803d3ee45a9,0.13698210781895548
118cc6a5dde4451a,0.25217101973901496
2ae6ef11f99640aa,0.28599278609758993
446c89e3a7224649,0.08869770182217032
a724839f21e74cdc,0.05012357623430099
c1ade394c84a46db,0.19316805507665316
6755861963a043bb,0.15159487812040123
fc1611da7ffa4949,0.9446032427595199
fee2473c6aec4c90,0.26733548345151076
35cf8ca174db4335,0.06991271691039512
0db6ba6cabce40e3,0.20153478016553167
42bf0197ab9049ce,0.4100880992400481
4a98132e3f2f4f66,0.03959114525479123
dbe4176601fe48f0,0.16904393784583538
d4053cf18f944619,0.07509633236826627
b3bddad658b64aaf,0.12550221787664068
89c36bd6f56b4c94,0.03286230296589243
9baf7fc9bd7e40d2,0.07107744687319337
a5020c95964d4ea8,0.13459498422858585
2d8d1a7721294024,0.10638513682366386
3094c62fac1f40e4,0.1432142238744316
a17b15cf5a224e02,0.17576034103724406
e86a5a03413f4fad,0.2084821046544238
37bf3025346e42bc,0.45033642545283065
3b31b1a76f424b40,0.9505044620778943
bc97b88981cc434a,0.3072934881924873
564c9a8653774841,0.023707147434597113
503fd85e34584edf,0.3595026438122871
60df32a5c613401e,0.10588897723471469
db088cea6fae4532,0.3184716120054767
71a5715735fe4531,0.28724269110249445
97abeb6bb9324400,0.04478393714986937
14e72b3cb7414e89,0.05795260008292622
a67f71ca97b44130,0.05557987801873647
dddb9aed6cfe4ba5,0.5095649918848046
7d5ada1d96c6488b,0.6221445728471061
f3150eb661e84977,0.03208713081555011
50791dd9bdd94b43,0.0725202434292138
37a2a6da397f4a6a,0.967733688879366
3c8e8c927c2a41ed,0.05787982126233756
902d72e047994ffe,0.9511080441596143
5250a2de3bd44921,0.07677391609147399
53ec41707301471e,0.18525661548144215
200a06cbc25b43e7,0.801496767488134
fe07b38d5387473c,0.9519798934197377
5ea211b4d7fe4828,0.18210508612868928
241fa8bc7cd145f7,0.44828181026492747
71be863fd70b4420,0.5520996577162964
509253ae2f144f5e,0.9382564537866109
f27044f8cd2e4fe5,0.029803719295412916
afaa11b9889741ea,0.1802277165730513
1eb4acece27f42a3,0.8943594107522941
c7712b8515b545f1,0.8222357471277185
1fbcb7d6cd0c4c9e,0.6710285120855872
28a57274e5514e70,0.3276941324940784
f6750b21538b4929,0.016406192802543084
14d6faac3be94787,0.014932958714602373
046e42fc5a724ce2,0.04551206503196702
24803f1be4054d64,0.3090785642282604
db1373cdcf4741ca,0.026643943568710644
ca1103f82c364e70,0.031452782634900235
b530096d4d45475b,0.31504255457527197
49ccb12f31ea4f3f,0.060812681873550725
4fe53d7986d84e7c,0.042138833347554285
116291d14c1d4f34,0.029166656791668688
4461dc9a3e724caf,0.02605987437559354
e22349a4c46e4d25,0.03571252552114203
a4bca574de834e2e,0.040170226047421556
0d1e07b8abc947d0,0.45609176798226747
488a5b96fa314de8,0.05087475420203075
813e2ada5a614238,0.18504497518382892
9a24e63f59404292,0.041292289655613254
0d02f1cfba4d4f9d,0.04696808269397342
b7e0b41746f644d2,0.052647436412992896
f51593e91ad2411c,0.05112928717570976
b4d5dfd9418248d1,0.5841236499750094
d87b0b84e27c4300,0.07169178114341443
f086bc9c32a44a06,0.0654258147775862
c60b6219005a4910,0.04027190211653916
41700dd94ad84ea4,0.22356795417643166
3ab0d320597940e5,0.02549097487379745
e625ab609ac14414,0.03668836051698578
87e492ba7d324d18,0.07121213250476066
98d1b4ef331b40f0,0.025815499092582718
4d8975caef544d09,0.26761512195741466
979da7ad50ae4cdb,0.01590385087226476
a10d93a595ca4972,0.6903153349321148
1ef0475e5b694f24,0.6617220860649865
cdc32e4c57b14ffe,0.016331932827729767
cdf3c0cb64cf47cb,0.02175672229906516
3a79bfc970ce43c5,0.2887759162987596
a7827e7e609c41a4,0.059152210816494896
be4b76db607a4170,0.10283479709036392
faa38f8bdddd4e64,0.06208675734972504
e76044e3753e4e88,0.047405285075192836
dc8063cf7e524113,0.14928411321107996
8b283a10775b46d3,0.06460649998230758
7b5eaab6fd12412e,0.3368723833042778
9782a09b26b94f1c,0.053242807211515045
dc152c913e4242f4,0.05252489558003202
deab0c0f9e284024,0.03261095669530896
e428c20992654fba,0.04698264746987915
3c48ed47eb934c95,0.03861281726961271
c869881cd9b74541,0.024098435234217685
ac04cef24f304a4b,0.03407709742283086
f121328695704c1b,0.08374172255218906
2592c634e5d84fab,0.05046557347069001
61ed7a68a73c4c9a,0.027993219342739194
d13b1486e97f4886,0.056422867454166845
4174a799203b4863,0.4094048843728932
733f14585a394219,0.034875835476644315
23d0b1c4b2f84b53,0.908592922691952
362e05495119461e,0.053507731941283755
131496f5864e4c2f,0.03409182948176093
edea35dad5f0450f,0.022835698750022736
dad76d14bce248de,0.017285877444102423
04310177cebf490f,0.028651915010980345
ec091c2dd1ef4299,0.11558217560948576
9604dbc48d734728,0.020556511255144044
4b90dc10dd7a4043,0.01563692188014435
c1852dad4bbe439e,0.02954263235863161
9a40916de3844c6e,0.013339070156269364
6986164f3d6445ff,0.022784957167215764
84184a0089fe4b4a,0.38575765994582956
8bdddd08b8b34820,0.017595274321828103
cb5cb25f05ee4644,0.09153628600957825
3175cbb69d24409e,0.0338541389385283
ec6a174f45c94556,0.01833385005237276
10f5b8cfdb8d4a5c,0.029992954077595647
a5c174da370a4700,0.03302311292515381
df5b977422a64b78,0.04802712051747475
86b55a9fc42840c9,0.27620487813203287
bcf114af241648f3,0.019660622309260443
9d3644097e3a4098,0.3280859682157127
742be92d9e114c8f,0.019456482798815004
8c73909465924d45,0.02481904027155273
b1ea0543a9274dc2,0.025590427400569403
0065eb957ebe419b,0.11070545348759013
3e84be0ba69b4cc2,0.018272403303268295
4b11780363c04aa7,0.044211896409687396
cbf328d4937243f7,0.8939349919786068
8aa3fa1bca8c4835,0.023614029138096668
591d304724f34183,0.03609612497162049
bcdac4b23e704f94,0.28385833874412725
d97527d559724a99,0.029541982117176076
9b7ca9f37af443a3,0.027215942748682793
cb0fbdf65a0e49c5,0.06787110421438212
2677d8668c28441c,0.9427486455897849
936c62ba3bbe4174,0.0768445869909325
16387b22d4b8407f,0.06234753875293566
e08dcde9bce94a30,0.028972392364241976
66fe4bda47f84862,0.3194586866833566
8199fb1bc67a4fa1,0.180038671476263
6c60111df6a54cf6,0.02970029299905679
dd67036c3e3744d3,0.05186441960485614
368ef0b4edad4681,0.04767761984176367
840809f27d514292,0.044139007943260686
76d0692514ce4c17,0.3629696228113877
c8b142cd5a564c6d,0.04834581423290326
83053178c65146f0,0.03610807301544532
c9035cf640a3486b,0.015272530346663166
455698f09352451e,0.028020868462280947
ef0eb8b7242d4884,0.03121530850146349
87300a0daf974ef3,0.33550913449176506
c330e36150084f52,0.023446227966226016
c079c41b71114f90,0.015012728983305922
33f7c5009da2409d,0.08305068806976326
70ed4240c1f64f34,0.024832740832713
949f42efd7984da0,0.03122594483071074
bbbfd2429de049bb,0.0546798321754575
a094cad1b3b840d8,0.01998333208326949
27bffd489b9847b0,0.007555951055580365
2f1b498c56e24944,0.024785869391837613
1e268e679a824918,0.23117674925998957
d3cd5198d0e9426b,0.09309467300572731
79dd94b6205f4137,0.026052040379413548
e4b61616baa047f2,0.021378427091488805
22976be89efd4946,0.9654177195604963
a5fe86b2373245ce,0.011829103900236605
ced4d0ab9b2b474b,0.8990682162241994
22e36d40b982405c,0.016509635890771524
5ea5e5d7cb7f4e53,0.07831289232478823
42fce6958b8f4b22,0.013201434327069392
6d7485ce13714b17,0.05898979618992488
1a15f9cc5735484c,0.09769202599460325
0dab9b46e1354f13,0.41966515155356204
3d19cc244f9f4786,0.08544164097399526
53b738dbc0744fc3,0.03828109772801842
1c00b4ed1dff4731,0.030967813818966593
670d02af50f147c7,0.03254976688446868
88202e9aab6841eb,0.16916266181433565
fedd288f4c4c48c1,0.12433308239597045
4174d2e22c7d4c40,0.031647045293685394
baa947d2714d4384,0.8964956320875874
914e028b7f554cad,0.015642704098383652
9bd8fe28864c49c5,0.1840976310597858
cb23369c35f24b91,0.012279951644089074
21f7a51f804d472c,0.026590999656114202
49a5fad76a9d415b,0.06761359917100332
0dcf23607d274666,0.02683137259763659
8cf4e06a189f465b,0.016778818809508766
599b12b90aa44853,0.23558367782422757
ae066bf9205d483d,0.10847216337915958
0ed9ee72179849aa,0.047176916632360275
06719a28ed924df7,0.04107035419328765
fd579eb9536c42f7,0.017911098222301657
9e6f2ab24af74761,0.1753384678524997
5f80c25f40bf497c,0.03259728680884213
a7d01bb2b7ba4742,0.01756259661128126
124a871477e646d1,0.05994439510969678
33ea9b544f404d1c,0.04125936984239539
87ecd44ff6c949fa,0.021744887340123344
8523b0c7de774118,0.026985689372324824
ff11642fa2594c0c,0.04285654500374392
5bb88abeac6e4789,0.09279421326082309
edf2d0e4a71c4011,0.8761270912806358
c7559473e1ee42f0,0.10575871560652994
967d22c90aa447c3,0.0164019252367626
7b661cabebce4911,0.70268602286288
1bbaf15843e846df,0.7153770823349168
c764e65eb31a4961,0.6475005863135286
6b2a6b23f5fd4613,0.027581845640516668
726be42a2a134de7,0.017914360393715457
07b98b74241041f3,0.017618521651936177
d1c6065697234b94,0.0078016070028247885
068f6031736240e8,0.04116736202685599
f6892843311841cc,0.03701601469648278
03693cee47db4074,0.017506437565182335
1fcff27c9b9445a8,0.918590214017198
bea9fcf1c94b4dba,0.013708705091788087
097f932c50c9414e,0.028819881189459485
f70859ae1ce5449d,0.04089776767595264
0e1fe977f45d44e5,0.023718156673313593
9821294c67ee4991,0.050729430740784655
6bddb1df71fb42cb,0.026189834128365803
46eda93d6bc94751,0.18320532700337183
d1f6778603d84017,0.19313083267021086
3900086b2fd4475b,0.015133363465319405
357801e58e5c469f,0.07549338536688109
94069411ef76478c,0.17699852156495008
63a9268a81694ddc,0.021072569403394616
aa280da7911e4c72,0.21443513875590298
ce835cff3b11463a,0.5477847476995034
c3ab956c5d7d4232,0.032441421277985466
566726f372e548a5,0.5612190870517212
5f1486818f504a75,0.05296708453543555
25823ac031bc4f9d,0.018717828904444327
0aca9009fa1e44c6,0.021318149720983354
f4a40fe7326f4f5d,0.00819100577003488
12b162669a4f487a,0.1449398075978115
84d273075788480d,0.017577762619521074
1a332a16f390461b,0.049653620555918467
bb3679f48dc745da,0.008121373958803088
ee274d50a220461c,0.022690679775148787
855fe435752b4fab,0.042238276020123124
7710ba90657c4e11,0.05026965842583546
096b583fb31d4e60,0.02987772003246395
9c2fc7a0130e480d,0.05078074489422636
01ddd5f97b504734,0.022484035611064213
5a09ccb59343491e,0.026008010944801752
06378f7a0cf24ed3,0.044392269550659766
a0465fe1639e4ae9,0.011562467034301553
47e6f7d0eebe41fd,0.06744997348122603
a54de6174e324af9,0.014740747405485241
4b4c40396c9444fd,0.022839801908613865
59444f6a48c24993,0.02403893297800693
c2c7c960ba294920,0.01448368091168408
bfa8485fb28f4736,0.08410203853122757
c0e7a633bb3c4179,0.011329455476749786
54211af33a2f42bd,0.22353371439076794
00ff5507ef3b4f0d,0.08315806543265945
53efe76469d84666,0.03020768284418731
f391ae54f0134ef5,0.03185478052475447
a27e930c369842d8,0.11485431624805535
b8f26cac21624a7d,0.02897748176955529
9a53e00ff0c64550,0.03469587581204988
bbf923d66735432f,0.029675521666616196
1c0269ab66dc4036,0.022412477111587926
903830a170d04286,0.018961607086166753
912dec9404134958,0.03335627620095714
4a5f567dec8c410a,0.023019236137747874
bd011e7d762c4cfb,0.5908538851910587
be13dbdd273e4a03,0.14987695128920692
6f6b22319d914a6e,0.2508928427984654
93da7bdb0f444859,0.02485061889625266
b112ecb30b3c4cca,0.08942105215854061
15f91ee28c464ab8,0.024706771618727467
151a86374a2f4235,0.016596866836813787
b975c1f0873744a6,0.037859443746351494
625c66e3c19b42e8,0.02205278126996108
fd2429c910384bb6,0.5606076477674677
d012c3b5166d490e,0.039262895702487546
d69d5f87e3364821,0.15824551464673245
d4db106b333a4a0f,0.03897198878679033
621a004d3518496c,0.671484992000263
77248b09d56b46eb,0.028430774736755527
5304467b0ae4461e,0.020983095354017878
610af3ddd85841b2,0.045666766261408885
c7d24e36ef7b4253,0.08219279957195492
d8c9186d0a234db8,0.021011573638934997
e12126551876470d,0.046773891419063504
4b9613c50bca4351,0.1485217670277838
0df724d976284394,0.038335502749659425
96d53baddb054bc1,0.015901033977767393
eb6105c0f5604ecb,0.04200732900105033
c12a5b67725a44cc,0.02859675868054104
018f12c7e8ac4223,0.0129057439947176
8351d4af5f424db6,0.025424900423484453
79624af097974b61,0.057763373048647024
901daea9f549485e,0.021211202525331218
ee683b0530c24ead,0.10836012197253633
3522393cf8964f92,0.042394385963218616
9557e553cc124d6d,0.24188335402610503
2a2d9055cae44975,0.01174945148524289
ade4785e4d5b4f40,0.10302358301421803
08a369f488e740e9,0.02013943476517211
82a6debfd8d440fe,0.023844377837600062
63d36b068b51449d,0.9587582020730764
4ad2e022694048b6,0.05081421739267694
bfa3e0e2d48d4d5f,0.024134640885431734
6d5dd3d3c2464e78,0.024306382345163392
feece0fcd6a44202,0.8276452183355232
c769d37a3cb3493a,0.03542120891000497
ee338c00935845e5,0.32867097560229136
3f2d2bd80cdd45c6,0.03080947750560547
686984bac33f468d,0.044008300997211015
44abedf8a4c84b89,0.1274253034278311
74e5cbce024f41cf,0.4534375430062248
d250f63f0b1649ca,0.050623069221698
e1a3abc777b74037,0.052764816720388366
4a85e4f393614504,0.850843209683126
019ed0b080664a54,0.023447964717626613
85824c16923a411f,0.5822301834361807
11a6b1f4285645af,0.02255199678966936
4559d2b944b74410,0.0228795218988573
c22abef7952f4da8,0.3575385681221289
13f0fbc267804c59,0.056361296663945314
a387539a14bc48dd,0.03963554904606359
b808491286984655,0.06343651998624539
ac68e19c522a4388,0.036313319944755874
57c13a5e85484961,0.026836051374880533
2776ec8838e945a3,0.051156262102404385
0e0c2ea3c53349a1,0.025453651393983458
208c3cf728ae4771,0.013875019042596295
bb5c8728a03140fe,0.09142782849112516
02e455778a6c476a,0.015214900957215186
c9bd1137156f4da6,0.010339525694090298
e4c8a87ec21e44c1,0.015893572813457206
f23a13ae117a49ed,0.07634539291841545
595778336e074956,0.022889562231371712
b9486d9518eb403a,0.016942503176512275
c4b50554a1234af4,0.03241921402078504
105845e0cf0747f0,0.8712555929758692
e725aaf16a8043c0,0.07754431541268807
60b3e5cba8484114,0.009424731838611464
68e0b969f643446b,0.01138462180141089
73198f3e132448ba,0.08003503006546461
2504ae3023a442a2,0.015581559592881777
2e8dae3900944175,0.04141170874268267
426372794fc842b0,0.02031836483247422
afb60a6cab6a49c8,0.018435517674804655
57e32cc97c2b40c5,0.03761248519914141
9a703f007af246c5,0.01938067072984969
a055dea88add4c50,0.15702861709511007
c5ce3384bfe04a59,0.04597476325030915
8a910a09e83b403f,0.03910414119433829
1270a1ff4a2f4413,0.007436082437621344
b143320622344324,0.03777272694347785
50921f28abe8400a,0.032717248614328356
95a279ac6263498a,0.03793289762808207
6bd8757485c54eba,0.008993364222791945
193bc10c075f4932,0.010609714847559976
c0afd92aefec46ce,0.021753280617539617
8b002515fef04d20,0.244708084303248
add31b9b3cab466c,0.02324323454995263
a52fefd5bc26458a,0.1974091591966525
57ea4283f322494b,0.04455402865337808
0b2606d5ca7d4448,0.9025870827109193
a9dc7125fdf44f63,0.04011848421341956
eb5d04e10879436e,0.016829804595278646
c27bfabaa05946e7,0.02003224044543091
950e2a60dce141a0,0.019746182604556663
8d0f4857a4634b8b,0.07644679040354482
07535798cd7f4cec,0.15243303105083802
848b3a522f404dbf,0.007796422587224641
4f00433e446e47e8,0.008288060412801439
24b3ecf457f7426a,0.032260181146780885
0f2e0f5d45b44a75,0.05233840542864661
73dd09712d324bdd,0.021472096788520644
d32025ea35ec4878,0.5964396565642792
ae8769d3277846a2,0.11163542775732527
93f7b516f9be49ac,0.6159764656905296
d48d7778d47d4450,0.013014461735650653
5459dbec34274c25,0.030583353168582062
b3a9c2df8d3f497b,0.019951547163287293
3302f3c9deb4494b,0.02262540946329139
2e0ca3996a324d00,0.040142264786938664
e4129d92e68f455f,0.13378010316320615
ce20b75735e94746,0.08506761186243891
4b6c0e1834a44854,0.03489656334400872
fa5aa9964588441d,0.12774938674413722
541e443e1b2d48aa,0.9248369410548145
3d024789da4349c7,0.023175443993947026
c805569540d24dee,0.008735137772788944
ede436d841374f2c,0.3978622735299231
b17c5c1f09d9440d,0.017887794801381918
9d7c8c7e22b24372,0.5012290133262473
29b9cbf6dd624d88,0.029699657409409025
0eb11e875dac4d23,0.04118563203746943
6c9f8d3c77364fab,0.28909118506208786
319e7cfbf2a04fce,0.030179121180283923
f3af7ea7e25a49c9,0.8909909304343551
e73317e7b9a640fd,0.12600789701764134
6c3095188f80437f,0.11617157245656173
4301a4eb3fa04455,0.9228936371606545
9888c8bb8a364ab7,0.03884510296059543
2e036cd76e884295,0.02822735282610317
7b4477cb3f2e43df,0.7231387518974433
ef2658025e5a4574,0.03445499582308167
bdb5151ab71845ea,0.3106126074673232
38f8c67e55c440b5,0.035384713195138175
e8e33ae488aa4031,0.03108365557908299
fa53db4283ae4a42,0.017551667492945358
607533ef02cd4e01,0.05175770620277461
019f47e1a19a4836,0.023019703060037477
f6da6fd020834fd9,0.03158109844345565
d7b80b50226c4562,0.07693541456359318
a136e8eecfce47c0,0.021764020103815302
1fe3c62e8f344212,0.06679079587756805
20eb3a9077b347ae,0.04673059865498712
8d6bd94432654617,0.23615338940649272
2cf0e63bdab14b2e,0.025532397481668245
52be16e5edbf4daf,0.01658096447116982
b9a8cc0f57d440eb,0.10161883348781472
77720d955b9f4dfa,0.20123404516365428
30ddc67977e8413f,0.09034438103039007
a3f3f6550274425b,0.018258763615359268
3e317443f7684d2e,0.0795554408419568
ad8c763af82b4ca3,0.6028574220617043
20e41afa051e4b90,0.026600383433492303
28badea4f9614f6e,0.3294154501150697
28aab0ea233442e1,0.20578247421514267
101c3d99559042e6,0.03600524923510495
9a4f753ed8944ef1,0.018390449656625663
eda26b5418284f62,0.024652891699795097
e4eb7905f0f34eff,0.03517082803526407
adec9d3a6cc64161,0.02762744795700171
dc3d80147ee04d47,0.24621824988230348
2ae56982189f4b7c,0.44455618947343173
a9d63806a21f4f3c,0.027723886344176836
d349f46734334757,0.021648416209500275
ebf15d6e40e3477f,0.024553230386877123
af398d30cef24896,0.031131411112193946
fd0007196d6f4eeb,0.01891567162648273
6dc2498e43804461,0.018048783558277284
45ccaa6a7df84b1c,0.0926740745134785
95286fc16d424891,0.10041279957144374
b36ad63afe2e4a7f,0.27807853130915994
37701f6e257148b8,0.020382387801271325
642810b4ef6c4ec0,0.07314876381273593
4fb94a2bd0bd43ad,0.041040477274104606
faa200d509e44ec6,0.02993431547712111
6d4aa08393024e71,0.15777578120268723
19822fa9f36f4986,0.04768729732601746
b81584c1583844d8,0.9306749532316063
a9d87479080440e4,0.023529853712655376
1df747e7e5a94206,0.03351512056756422
e82a61755f044392,0.03798664481110235
3c9c754105a344c5,0.017511018891537222
35889975618e4e12,0.15560292654700375
8eed2dc30e3c4440,0.0829361666868295
a351ddf69da24eac,0.011764541129040844
57e30812669948aa,0.046223711344490596
8aeb395d6e954871,0.10915227226142718
260054217bde43db,0.08635064549754039
b7e2daf5148d4014,0.10847868910037464
02e1b755e9a743dd,0.0190005650413037
cc9e06771973400e,0.050428368536975465
ce06bfeb85cd452a,0.04134002288176318
54cdb0de7b5d49a7,0.02586146177907257
18be722844c341b6,0.030416128969854284
86cd2466bb3a48af,0.02982814687327521
bb17b9bd304f4e3e,0.01796050197199136
e413fb94f2eb4de0,0.030237437055456097
7cc61fe2af284ece,0.1600502861642684
978a9fd935514971,0.6845704836878351
984bf0a36d644cad,0.0859824282658844
fdb7c991f0ae4b17,0.020503306178021395
1921942af44943dd,0.020013582189016426
bc4df976eb8c461f,0.012067703299040855
2d4de7e1f1e64a3b,0.18667442223622022
f3554b519240496b,0.1982211031966873
86dcd94fdbe14882,0.026385088005013307
77f536d11f704e7e,0.038656253447288444
f0cdc656b01b4e89,0.3347427446821064
ed965a6d1e1e4344,0.3276433983774723
e8433a3dec294bac,0.031235101958530083
0b42e20ee4bf4f71,0.008162894506798456
b05596bb8b924919,0.34737108700096264
8131a073ebaa4cbc,0.01581440939258673
82a661d0eb9d4403,0.02374633131097768
0278505b33ee46b9,0.017880548568449943
be8763772a294908,0.019819763062494083
be5cb66f954a40b7,0.21157758067894955
9dd72b51ab27421e,0.011810953487833464
a57f260762484f35,0.0711171666770907
0c31178378e2463e,0.21467120314902322
3d0237844011495f,0.032243623846619156
e959498b2f984fea,0.020798892558430183
6dd33c55e17a49fd,0.07145071251286012
94e3dd1c66f1442d,0.08443799418643258
71c7f5863c4240c1,0.04488693628617086
be930f311a1147d9,0.21975074160065317
7ef0aa48baa94141,0.035237044562830055
2ebee9cb2eea4754,0.03234732830174803
35d7ba837ba84c28,0.021445430158836192
96344a3d33744a50,0.034176704057416386
a7e5c691e48c41e5,0.06633638227626887
fbd98deb05674ae6,0.09134269836805513
aa9d0acdb5434b00,0.14814661991010142
2ff67018c7924973,0.0978839162344117
ee89e403f7f3474c,0.39999093375377537
7916c48c69d2469f,0.043886895509264376
15c52adeaec1478b,0.04054226606747986
c7c8b93c147949e5,0.03645525000336714
8a34880022a14d28,0.04097805408460613
81892bb5a03742b1,0.03224401211200535
a7fa0f8aadc94ea8,0.012972410275469437
1daae1e10d0b4490,0.04356590094776132
55249c0dd62a402e,0.019120493554116953
f173bc79f0674e8c,0.036170347927090195
63360e629994464f,0.021753799751818008
62343886207d4a58,0.0333085734689531
e4e92ce614c24bde,0.024606980277654917
2c2df9bbe6814d6f,0.6483609865789297
42c1825f3e194e52,0.03787583538594745
8afdf7ae6fe74d94,0.04813624984995538
f38f29c733a544ba,0.04135297474105515
378177dcd12b4808,0.03143534072862274
9736ee38a0d042c8,0.030410559932041913
60eea39e171044fd,0.009895614001963348
e4e9183e8037474b,0.7785548313029551
ed8607a72f594cd2,0.04172351040614595
c76113a9879442cf,0.586416919802768
592d82933d084381,0.04047855596270783
0a4f4510af4f4a6e,0.09759436243402893
80101cd732954427,0.0180798913709748
8fb8c23a3af5469a,0.10783212273948747
08d4e5ee7e464c99,0.025173742428478203
c48a18a200d14a4a,0.025681238106409775
4dc65ad5189f4db5,0.04485222121233938
9af1bf6628794000,0.02855965389780523
e5662c11cfcd4c20,0.027699036560189304
f1aac704cdd74d75,0.02426651425587062
d00237aed8784b0b,0.015806900000173842
c6da43d9c557431f,0.06858660163944828
706a1c73b1c64cd2,0.04867753531332315
93f83bbe330640f7,0.02056263841121413
b4c75521c05d4ee1,0.03607511159326182
2cd5cd082a7b410e,0.07743741740002395
01ba858bd7ef478d,0.06634919407801962
0ea688870f6043f1,0.027383357123817804
6688f25d65fc445b,0.0267256752415934
8ea38213339945a8,0.02531697340895796
e4c2125b63c7435c,0.018809347357711243
6739d8c83686413e,0.017478499296297485
3f1932d7e35f4b2c,0.01079398697022625
5c7bec8a6fe7401c,0.014775649712615893
a663146491374b5d,0.22007687874254273
20c895ef0626419f,0.05795987037894503
b617460db61e4689,0.05704372955476378
6393872599ac4991,0.04911584941276406
c51b124e88fb4fbd,0.029554200737444275
7201dea985724f03,0.04411576429940024
a3ddde0a41454b32,0.03751498634460803
d66334540d38440d,0.02978104769027056
fcaffb9844504364,0.25998838513487277
b89a4d549dd740c0,0.08870085387540717
0a4ed33d5d6c48d1,0.18976505478827793
db64bd61c0244eed,0.04435738055004382
d6e7fd1fc8ee41a3,0.01390540015480505
fa2a207d73284fa5,0.023709784677592705
62843653a5f14d71,0.024363332761721705
f6e454d7aa9f46d0,0.06264124493966117
f179ab3082584842,0.011049338044104582
e07a8d5e6e4744e6,0.019769717551332652
74a0752d5b714650,0.10559115353805441
c4a05ff97173434e,0.03350939709841211
3827d36251f14cde,0.02983196138135749
7e5278a3f73941ac,0.03985197725976554
c6584de899364eb1,0.018622580751185704
d1858712ef7846d8,0.033736864871991415
4bba46dcefe84397,0.028676687849948933
281142c189354447,0.010649904445213179
1420c26044f54600,0.03494249250507606
f0bfcd1df2c34b75,0.04144053711553401
c60602ce4f344c3c,0.24794909203522603
64f704a0dcdb474f,0.053210970998190624
0b9daa0244ce4802,0.1117303282842494
ec99202ade6d4aab,0.00916728366359507
a520ee47aafc45d1,0.07379315671771448
656b0f2147304bbf,0.015314603242631309
479114ca2f844fda,0.04503566225526216
52f2814373544aba,0.0472558530564805
7f9fa57ccdd74897,0.1483127430298829
ce8c3f507d964560,0.0875381800368816
a87a3750eb41464e,0.11600690159983822
9079502f65014e68,0.017749600377528298
5bba7b96fc664d02,0.11675466814857498
a780808c8e144a20,0.04577086734073617
0244452da5b54ec8,0.11609258923092836
78cf09d6861b4bda,0.028954236373419075
c78c0f67b55c46e1,0.03445357112330051
30e2f3248a094968,0.015282238648228011
ae17199a5e5a4102,0.04124845160675791
118597aaa0db4725,0.016840102410175018
0cbb5662593f436d,0.03374918222886657
52ee0b63aaea4dda,0.0104219298901896
04a581a0bd5244a0,0.020963221306958026
8dbdc85ab6ee48a2,0.04489821723630085
56ffa1c84e9549ce,0.03669425500121688
2983b46b6c2344a3,0.04230108887284761
8b9e69f5e4b547bb,0.05811839518228147
af1bebbe3651472e,0.15806898580474746
9adace8fe47b4c06,0.1394892131612628
ff54139f32624e36,0.04772383043757171
5a695e5cc03745e4,0.05845598063720868
3bbbb48bdb1f47ed,0.06635009207397537
19e113876faf4c41,0.03550377789931425
af0c2bc0bd6e4cac,0.03395640308084076
118d198ffdc04e88,0.03343102076676645
67e0a34321234d8e,0.03160277710773792
6d0058d0bea44cf5,0.03607515337805464
056992aa58ce4f88,0.014046552368503443
05c9a54e81e64bd8,0.03921560612187251
fb110d876b9244d9,0.007860504377977496
cc9749cb02c54bff,0.06195597175425961
cd353c8018424af2,0.02062418934357636
ac216a73ecb04d26,0.0785811439869821
65e0cee902eb4bc6,0.7350010918174931
31336feb4bd04f4c,0.07237781926476447
cb0093c526cc4d66,0.2018277946376157
0767c73cc4954646,0.013835484215040609
0af6213205414f6d,0.22725218084755708
ca3bf7394a084a29,0.16145029225759167
fa6394759a7447e7,0.02546259747201147
252b4044bc674f37,0.04373811495309968
825a203dff6649ed,0.10326575013544492
1039b548918748e9,0.028657665440320074
578236e5a0914a6f,0.023949429971906244
de5ab77da4e74451,0.013540482394193162
671cb9eca9a04227,0.10279061886485512
9712ec8c6e494eeb,0.07493971231569443
f16f260efaae4fdd,0.018283298732392695
54a1926884964804,0.3206031210096195
53c7cc67ed1141fa,0.02124523672922165
697a6a2a5c574923,0.018635231044790684
2ae0981b86974e5e,0.2408995366411199
2b201b06f1924c54,0.08652365641154161
336ca7843d8b4317,0.09349951344757038
f71f73b78872423d,0.09588748414276238
ffd03ed031a847c1,0.40854557076392667
ba549456deb749b8,0.6070704669596918
5d7eced1b9c9485d,0.13028501114883628
a02073aef3574f69,0.07963020045095207
efe4d19acaa0480d,0.04465416717192547
cb92a4fa35974db9,0.3011458041317906
5f763cf319cc4cbd,0.15713367797259498
e5f3005b29ee48b4,0.022473106804106746
9c306aee62f34d69,0.06493624154947905
d42debd413b14709,0.16844745041470027
7f2b90fcad1b4b1a,0.026295949594185897
7902b0d23a574f12,0.035025152576635264
78b5d1efed5849d4,0.018370951989974793
30d95441780a4247,0.06606929315056898
5dfd6c415fee45dc,0.03699992140361299
fa273fd695494c53,0.46417433813726505
65290c6c1875470f,0.6372362400015024
bf4e04ab38dd4d8b,0.6145223624207821
b40aca45ae814ccb,0.019204362153716924
5233e864823f4c3f,0.4920985362720124
ad02d6c6420f4ed9,0.023266029639437025
1e4ed7009cb04591,0.00882831776194648
0fbba17de5134b19,0.027329599281786864
18da66cacf724b85,0.07089452310042513
14fef828448c4317,0.41827171765716614
2377c11188ac47c9,0.03222913077097155
098a0e2120574446,0.02080853061452883
181c8b1223164e56,0.09491836424066837
15fadd4755534565,0.5012537071590136
17faa5b62a3d4a9f,0.014603276129807908
566837402e8b4e3f,0.05215171416644142
c33548e364074dd3,0.14645467625746958
8672d78969364bd4,0.16603663155891607
b48cbf6f7cf94a1f,0.20134933437919794
e0a2f3df755e4fc3,0.16551453171246214
de2a97c6ed7f4e6e,0.0392873238520627
40edbb3f620a46b8,0.6808625954833941
e4894688dad44600,0.029031249386752573
dd59d83a3124453e,0.03988124282800283
82368b59a00747c9,0.030666092777042697
65bb67628057413d,0.015248439482974569
f8b5e34887af4f62,0.09245866262508994
3b73ba5777864aa1,0.020724587726300266
e97dbb2d316f4e8d,0.2166990460944768
7ca903b0e74d4efe,0.050163601840829755
1faafb6adc4e4ac4,0.03797612359390977
2cdd7002c6974e84,0.05068066424118649
356a06051cad4c2f,0.07609331400243469
d06f337e18bd4056,0.03090460944602865
0fa590fe5a434f75,0.06630927663326917
f6b0a17f4aec4a1a,0.017053994708758236
43a4a8ad93f54590,0.054085779118412815
f4f8437940754bd3,0.05074508207067406
56f5b707307446bc,0.450204885478632
90281d14e9824622,0.07935647560591143
806227ddaf894d5e,0.45791909118740826
1dc71c41cffb4bd5,0.013447576775115686
9dbf8a8b635e4f73,0.03899121859277636
4b61bcaaefa9447f,0.034472359147998316
6e21c158bc8a4786,0.035142761147386015
d82bac4b42984b37,0.5808132110458348
998c9bb6076841b8,0.13939536177287912
0ad846e3483e4607,0.02089079906987274
65b9f6f92f9b4b09,0.06186524042301787
ad77b0d9e579403b,0.18582801125816112
39aaa5d47df84324,0.010516126493326254
d407875816c2479b,0.6707264479038983
fbce88eff000427b,0.0177591679063574
a7b3fcde857f4b37,0.09982340257416492
75850acd44384593,0.035703954741083885
ede88979a5414e7a,0.029789285440063346
9f157711cb8f4971,0.02226549289573585
a3bdc690f4a146b0,0.04628517845867928
0cb85c7bf1be4c50,0.11361512421452566
ec17e7a100f94538,0.043413269363439394
75cbf5299edd44f7,0.020190635693521496
898feffc907d42fb,0.24437250212647257
cc3598c46a05438e,0.04351331045858063
719970a9aa804b42,0.03214058752369471
80a0561c260748e3,0.014630905139944797
23a993fe20814265,0.31232068769173893
4603048aa6254616,0.06322603573617218
6a078fe897bb41d3,0.030469750410809886
cdfd4b4846bd47d2,0.053816478067533716
9666f399f64a4f33,0.026655655661065626
8c6707a7624948d8,0.10411053828783837
02b393c734c54227,0.03222119110877435
038c368b95574c3d,0.07996582433183244
f8dafcd85d934832,0.0474921752047934
b6321751b7e1428c,0.021437767620994853
d30db0900ae14dab,0.13296982264853358
1b57d037f6364208,0.040617077883803136
6c27686cd8904547,0.0463087994866112
1caffe5d59614ce0,0.0584471054022078
ef2d363ef7104bb4,0.05422852203115367
4bd6de62f9b146ff,0.02431749420779135
d0212a6b5da946c8,0.007456018103283032
bb847aa097e543ca,0.7095138593554718
f94014a6490d49c9,0.3272331256876324
64976a20a6c947bf,0.014344804145712597
7035dddae89f4f78,0.7986439339514633
ed50261fc8464421,0.01780518048608946
e1fbcde4e6ba4363,0.05424914439817592
e6c4de9a4ad949fd,0.04359252032671325
ba7f10670b2c4c05,0.026748568561283263
1ba76bdbd1de4607,0.030901974017441623
eaefa8c31fef4881,0.0082380344421882
6ab5bc04d7234299,0.026943663407288897
878630f79f9d473a,0.07994033225348117
5754f91ba2fc4006,0.10731826139611747
364e5002ee10414a,0.11304835371391456
45b6d706ce0848ae,0.01172744383148811
8fab442664224f12,0.719430790908189
747b481add19490b,0.5074745123879622
7d32cfee5cf14979,0.020550086665325366
272d90846bbe493c,0.023418518003238277
a470bf01302e4c31,0.20377236834080006
4d2e5c5ed1d44a18,0.18739758021260516
dbc63ba71ccf46f6,0.05192148078371115
5f1f8fb7c75f49c8,0.14660958144503705
9e5efa850aeb4d67,0.037946306715205866
9bca86d678744e7c,0.31735625029956926
4cbc0db409084084,0.025778154949470868
22b5f843b8b740be,0.01327030405528826
deadc93d8e894e15,0.00822332973923413
d2239643af8b4663,0.03871150909398503
b8ca23314b2a4b65,0.036797917085618984
973e28f895e844f0,0.24292734360948298
52ef4b64fa8b49fd,0.06168476147637732
43d32ee69ecd4d33,0.008293553269874665
9521938fb9ec4f2d,0.04184839387378721
aca4759babf54f75,0.010710491339150068
053e7770b600487e,0.5432370711500774
6bd26b3781154b99,0.037931018082419714
582fd5362f96435e,0.0289550856187397
efda24d3801b4299,0.018439968701057623
e42ded35f179400c,0.0754465387791492
66c5df0754be41a2,0.019717220514170384
4eb843e2832f4919,0.042690959301402945
d93f687c67824814,0.019107475435800582
b54ceb9354c34857,0.021733006377657398
1d3134735bcf4f65,0.020424137810737604
2c457bc0c0c44b01,0.016873382772610208
c9489f63c3ce41c3,0.09169696818839708
4867c742e89b472b,0.05499101600643256
26868d30d16c474f,0.026539287751778762
84c997793bde409b,0.0128372979471336
56cc8ab2e0324536,0.021821497316977856
790ced2b0cb94144,0.0376784629734677
ce378f1a88624c19,0.018641946599303884
a48780cf61514608,0.017858189855657628
a8a7ab42923b4032,0.5476209668932006
a952b720359d470d,0.029818291962772116
63b1770b31074e74,0.050651374417365704
885319a8db754d1f,0.02535583853060796
15d23fc9ee824efb,0.08664988369009004
ef6b574a39ca4ca8,0.05201900088720357
e86e854f9c5e4460,0.14273167561951225
f6deb94e78154eff,0.07123898015373523
1f6d4e3a93e64207,0.05523666416630344
9f7023fe447e43c6,0.18405148576105498
2e8b478144484e67,0.011777765994730663
41bb87538c994912,0.3554106702771792
0e70526d1dd04f13,0.012806967219944804
be24cef971ba4d9f,0.032604691039296516
dcbc86b2d4aa4f8b,0.25017949659335653
75c213416d6949ef,0.027569228249213124
3ba26f747c924259,0.16758797762363192
6dbc6184237745c1,0.04052274550789377
f00f4ef5a3844f33,0.1388538824876309
1a31d683f996429b,0.13754980988911344
0caaaa96ba1346c8,0.14009199855978158
94a1abc52c444f14,0.06770261678204126
690cefff8f534e58,0.024857073869007346
6fe16291754b4802,0.3333570532319455
c0393fdafda349bd,0.021712859261862
a2eae2c7a5174a00,0.030687817864802458
d2b100bd5df64170,0.04809396923523953
23a2425ea0204b58,0.01729945081524081
e1075f96745941aa,0.030608177749524672
77f274c395d44be4,0.032013206484024795
714bdced86184ca7,0.07688554005339536
63dae97d2b1b47bf,0.03169613268621069
0a61c143cfe74458,0.04420617133703705
4966a9a4c8a24202,0.018141759791302593
9085aef4979b4153,0.030424796984890406
f2526ef97e5c4fd7,0.8322193892032852
9ee3e37157e84414,0.02588134942980508
1dd1dd0fb642422e,0.16400923395542008
9b8df38e7fa54bac,0.40896712538337054
fb92779b1e7d4514,0.040846645204767724
a95fd72679dd4dc4,0.030128611838648522
5eca602df04048ae,0.11314240944303806
1e1450d1287d4c07,0.018081229112660725
7b899c3e93b0499f,0.03325885648399261
9f14930a49b24203,0.02836246281432737
39df2bd092ed4b38,0.05189083644134457
46bafa81ee7d455e,0.018638360369637324
009d6f2d70ab4efb,0.026798980116348896
c78a96cec5dd4b4c,0.012662330291455096
9e3afa40390f4bcf,0.433560534417693
71855abe4cac4a22,0.012432253611860148
feb8634d56cc4652,0.029487731606495333
e95ff00d4326459a,0.03521906481682672
a4eb75bb99bf402d,0.7879000692769023
bd64e3519e664476,0.6486042069702888
ea5a6d27a9294cca,0.051823496070392584
36d9b88ccb6f4858,0.3487150628395768
bf8031e1f8e745cb,0.09877869479256393
186b512f77ea46eb,0.05028483311678711
5cde23a0697b4225,0.008751536723484946
17188fd478c24225,0.013432086891309137
4830b9ae1b0e44d1,0.06162932680223401
c946295bf13743d0,0.07081534112272965
79a9f7edef87452c,0.04515239434757386
038c413631bf4cf4,0.3332471613045998
61c8e399707f41f8,0.03700742144162432
ee9bc69b002d40cd,0.03749796324700146
2f36b9d6c5e9469e,0.010296825312898482
b06b0be3fd0245dc,0.08777960022496352
de61c00aa3ea4542,0.6399956451974625
2d5414e7d2a4455b,0.04315010648854049
b36c9262faaf4e89,0.15673456803375915
5eb4d4221e6e4b35,0.015271819803643486
ba495c5b063941fa,0.158064709281516
b7d5f6860ea442d0,0.8721575149713499
8ecdfc8176ef4147,0.013408904164819468
71f395e1274a4270,0.24589332449832857
9ea8cf28b3f842af,0.03065901699873729
347b50eeeefb4026,0.0506058519160527
cdbc65189cbe4ede,0.08971940378246832
3d12726b415f4027,0.03917744203885134
7aad028b0a4a48c7,0.11837172715547946
641eec94b5c242d0,0.8811377591045833
38c1bdc84d8c4656,0.04424707042442962
1e4c11a3815e4366,0.3243734350879667
c179359e348a46c9,0.10170434654358822
6cdd5198b3154afc,0.24647758178326154
b0adbe3c68fa4b16,0.06999398005704471
eff94e5c23a74f9c,0.011062531058060685
b6247335cbcf4504,0.13170646838325784
4da60c61a9bb489a,0.0599830857918758
a1997417b8e54f17,0.03640730660545581
763d0d22fe0a4d2c,0.02880095952581846
1d41bddf932147d4,0.10366002351316683
233ffe7e0e104e3c,0.04223024879082184
a5320acb010c4337,0.016114767088996833
2489cc5308204274,0.05631806029078305
c3cbb383610240e4,0.12875639257588456
478928aa40164965,0.0400414651248215
1a1bc8cd46684a3c,0.6099087094993184
72584aa364df47b6,0.028508407830498194
3982fdc9bb644dcc,0.024192852516935447
0a8a038e0b3c44ee,0.04723795741318961
98e11ff0b9b343cc,0.03589760306813527
20da6d4f49a446be,0.07063821906123867
7cf73649558646fa,0.00919417596679854
b065cb3e8c124dc4,0.030967639293388728
c36f8a954bf045e5,0.031457138568752804
62346d9425b54896,0.011196622640517635
100f0aa126b640ac,0.01447619723884434
559209f014fc442b,0.2629069325428145
33b0c07f778d4bb6,0.0252845613227566
ea6286f13ee3427a,0.047205591684926
4d1a06d948ab4075,0.8796774688484688
acc286fd819f42b9,0.6879180208610942
aece05fd1f3c4f41,0.022201719982764483
835e87ac215c4765,0.03147496859435618
d56794c57e8a46b7,0.0590902981528344
304092f2c6884c27,0.12336094245026605
bd223f4a8d1340f7,0.11672042042658784
994534200e3a468a,0.014138548472394347
9fc00f971aaa48b1,0.08045752596481928
b2f557c86a7745b4,0.04595931998235474
20f634a245294b5e,0.0228277258160492
74b01c4dea6f4e3c,0.7792705799980091
bb2ab03fbe1048dd,0.14439522265254426
65abc4a875ae42fd,0.014297515241902436
967afa7950454955,0.50353437751398
1618c265c5974a89,0.024222099128844963
d293562800b340a5,0.02500930744881207
82a8341a12be4505,0.01171812723252691
2d082fef05b34480,0.014294228219317315
80a7a01321e247ac,0.023865473962884912
f9fee0c11b3e45cb,0.09203600980947227
2e55a00edcd240b2,0.06869043515404179
47d9068ad8444d5b,0.02284581866691429
10be4851aa0e4430,0.04133285196442448
1c3c1bfb43814151,0.07892252290638488
ebb8a93be65f4ed1,0.05419673255814429
37087a768e7849e7,0.7626958103430271
68ae6818413f4c3b,0.02138992083110395
9e9137b086a04885,0.05467216277173505
a62b2d3490654785,0.01807639750254926
8b92499023514d0e,0.016358694771589664
44d19b1dddfa4380,0.04834251256585257
345f362ec8254d22,0.5573565867052411
d34691e13ba14e1a,0.015566858672924677
e06cb422bb4d4253,0.019187920628212268
ab96717aca624d83,0.08222380622371385
0986ab71c4f74762,0.04979766039486492
1e957fdb5b66480d,0.0531677366495622
a9d2ce433b9740ef,0.02952500041270606
a8991cce2345438c,0.07577392433576084
d52f298f78df4974,0.1465924896980153
4e5a1501a1054271,0.020630497738111753
b1acfbb2a2044195,0.1550346256159919
cbeacf8c88364b8f,0.02325964522258753
bcb1cf0e5c0c4f66,0.3272946389020771
d6afa522297c42e1,0.1432574359481747
744661fcbc014325,0.020746860899470015
c27b7bc9107d4dea,0.012417641856837469
1469b23fa1d940d1,0.14544368563216248
b76ca7997a744032,0.11476302438628665
d020fb5ac4484121,0.10221718904829898
6912d87767b64f56,0.34078426787660326
3edb8ce268534138,0.01146468047399602
eba5c70e6dd24b05,0.06027319844605392
0406ce542555448f,0.04160487578248044
9e7e2303c6404d0e,0.03903255228534632
f63307a6ea1f43c3,0.04829057549032723
8f67ddfa99d74e5d,0.03081194326567886
051d0af5000e4c63,0.009693662545572607
51067b47b42b43bb,0.023465466886343968
6964dacdd79d4cab,0.04084339662476198
87c5032003834ef4,0.0515185507370187
e57a54e2658d4e20,0.07973554938770612
65a040b674a14eb8,0.03815848257877067
4e8e52e2f1814c8e,0.3898686355825408
7d87e8d17e6f4b53,0.024011876385119185
f6a8865c5b3a46ce,0.03436452679420034
12cbe07c68014478,0.40163058995708384
9c0de97c86764a27,0.02922656472956654
c1307e7337da48ab,0.045973686920326905
27d92ae43d9b46f8,0.029601966625929788
0d2b6f8cfcab4c85,0.05572738501945249
bbf946bb5c7f4ce1,0.026121001595177808
9637bdfbb0d346ab,0.04968873585437865
c31e4d20a4f44f06,0.037369142443877325
578bbc81ae4a4add,0.08168135207321284
40979704ee094ba5,0.039835248862382
d3eec0b86f7842e7,0.01644704979166133
7e3efab5f2444e8d,0.010771494293844766
2d6dce89e24d4afa,0.03425101885989988
ff8e5f57622140cf,0.03593133370631724
b88ebfb3581a450d,0.6986449743082229
f4f8e035dc814d85,0.16510786463173882
0d55db1f73d74ea7,0.041578514616914475
1c0300a493c24a01,0.20288476239057968
2e6c30e8abc24274,0.6128956914488437
b4dd1a779f2c4860,0.06554749798498863
b2fcd305c4f64ad3,0.03855851205224532
9eaa2870eaed47d9,0.6059244666027059
6b10d1d0f61046cb,0.12384466170765465
298c988ce4114081,0.009704996326821893
014935d980814cfc,0.06909913556051231
69cde858de674dd4,0.0575062850050246
34ad15022be54143,0.06142355124875597
5d3515e1b17a450b,0.8127313099214575
009aedbbe3214e14,0.22447702713188025
b5f784fceeaf4e5e,0.02421454634874854
6bbb9dcb47674197,0.07913196378505644
a0940c15b5e24aad,0.023812124635927225
07145f4b53604d06,0.02124608770878027
772452655d734978,0.020484240129422442
7881f10e5eac40d3,0.03343742165864293
01736388d4f34417,0.03684685732710643
ad1f3068f2c84375,0.2676909683971425
5090cc585e6f4ada,0.13721254716210893
6a1779fb83e743ca,0.038210981529064596
c9dc761edbe24193,0.023671565472580765
7cf3102d703f4ec1,0.027423958827158017
cd1ff87e3f284744,0.026910900910097558
94836f5e8adc4931,0.24988844836190266
817018847b0a474a,0.18151994510831407
e0d59b778b954b27,0.44868019800316994
bf4f64d31e724fd3,0.01577381642852546
1d0af47ebb80411d,0.8077633880579743
9def984d64094d7d,0.012943856056807798
4c512c24abe04b87,0.07707077607972465
8e585837f1d14fec,0.021920891052140186
fc0100a90fbb4e82,0.07571143266279137
71c5f7fbe8be4d26,0.05969793841290684
7b68bd7d6f3a4375,0.02868858768460712
adc7a0d00f8b4a5d,0.03969429341515822
3a3ddfd732c7464e,0.020679178594508445
0837df26e7344cdb,0.061002229063052395
f21fe565c29a40bf,0.021254797675671518
e5ec0a9ab7364bc2,0.029037880769208747
8839134a2de748a6,0.01869778923142567
fd5ca6f0f68644b3,0.026559058578998984
fa86c26e87264943,0.5078337672327897
1b189c5b2eb44746,0.07179954649028639
c7620cf6c21443e4,0.023299074179932187
a18a069e053c4006,0.018248993445833552
e9359a8a21064a83,0.13487758437707478
d27f00521f3144fc,0.04077129167698241
60b934f6053642b2,0.04009230373387332
1d10fef7f34f47d6,0.010316706907219112
4f18da464f3f47e0,0.021428783560064744
5044b1a560704a3a,0.013785571542032193
2418bcc73f37442c,0.06823488112607556
6b89702b6e6c4b1c,0.06219376857205293
ae4ce5b873094062,0.01744069440228744
c37bdccd76a549a7,0.0539648104767419
f7ddb1fc19554336,0.5198711336076706
c10b91678fcf4e5f,0.07912629107853243
0ef59d9435634b92,0.029733597337223062
0ecce712c78c4a8a,0.03250194533386044
91a71e1a1e6d47a7,0.016534954293266863
ab8901b9e89f4b0a,0.018968098927230847
4bb67e86ad5f4ecb,0.020678719848254593
37beedc98cd34440,0.008521535527369563
01e1c8d216364833,0.025775458327534494
7a0bf5f20c774954,0.02246674684222775
cdcff8756e584ef7,0.02341060693558502
455082a960084a9f,0.29145478344135795
55405859e00d4587,0.016653343607031575
8117d2ebc71e498b,0.11187494473515294
9355873c87f74312,0.08090061613960164
76911a19d6cd4bc1,0.4933089597478301
9b1ddada5da74dd7,0.036411279593462104
6185ae3322784503,0.11120998019508677
76d19db5ec914d28,0.020671520076972687
0185fe9e4ec347e5,0.024888674752390594
7713654877c140a1,0.016366090835019033
86135e9739a245ac,0.206170203084919
f14d022b04c543ab,0.02760018393389561
6a1bb037b5ac4bc3,0.07452320591973069
4d610d447c9d4b8d,0.02454663802947091
9ded4a9188d84481,0.057984961321732045
d555a2feb59f4a33,0.049908471030237496
b6286ae31ec94144,0.04139318113678126
9093a39d2d77439f,0.020305836719849292
99eac506a54b4581,0.017082221906663937
9e0c04da202e44a3,0.016383376687987426
6753d258d13f413f,0.45013934117295207
a452b86241684d70,0.07217106790128174
2f2fd141d7294b39,0.03704024606988086
c5f996270e4548a9,0.03688562504567534
0b9b5b93582742d0,0.0393387828133426
e92ec4dd69bd425e,0.035337868343173984
e672fe229e7547b9,0.08650133881958395
add4c41b542c4095,0.023782115882935446
10e9f1bf55f942cc,0.032278434424869086
a51f28ec5df64600,0.1606471884057971
792fe74b389b4e0a,0.08952578840829128
038d1352d923453a,0.02456181564507668
95ccdb1bdaec493a,0.3377025604942544
8d52e94239aa4e96,0.025893825682371436
7742ac54b34d4aca,0.16239357993701925
5552c972901a45e7,0.06989817747846719
fa70f36afda2433a,0.02266970338621882
aa1a7574494b40e1,0.025765033668584948
24323906c8194751,0.02031132658688012
7a2d5285756e487b,0.0317005101556697
7d37da823cd74a65,0.07000345340078791
0ee9d124aa174600,0.020841415858367008
e165012d35ed4cc0,0.11889232143627382
a4fe01f67d82466e,0.18098076061337917
a860c3af4dc14049,0.6624107534058554
7409dac732a24cb4,0.29876921399359035
5d59b57b139e4229,0.012052782296009049
6ae68e1ef7a44b9c,0.02660510901708154
c3c76861eb5a4b17,0.903647789684349
9c062588c09b42fd,0.03225169250845682
e4bcd7b65a474d4d,0.01240205693265308
4b217c5a759746fd,0.02839751718155281
18389e4c1e64448f,0.10073155682722593
f1cb7194b4da40de,0.13998142271552094
bfb159d3eb074129,0.1492456442765557
aef4a8886e1e42c8,0.0333647513861688
c635ee598d56439e,0.0995235296626327
223c037a9f6d4ab3,0.04842050052301607
99b0d0f4a25b4d05,0.13723760131549162
e94d81386d1d4f39,0.2935777274960588
38f42f788e0a4bb4,0.1581991090936177
4727f73d5dcf413c,0.7519475113895049
f879df44b5344eaa,0.020926214986208905
c70c342dfdb64ca1,0.035366232584084036
6413f83cc3bf4657,0.03159800755917498
44afe7b2ddbe4473,0.2140861094018284
325bedfafbe840dd,0.33532656478511674
cf8ed91274a14eb4,0.024937800368078474
eafb36e9873943be,0.029266006511556687
4548d4094c994683,0.08654028391514931
dd3cea0a90934e29,0.02564409134007991
c4c5a5efc9ae4563,0.009254522508544402
077ceb58dc384478,0.5048476405228335
06a9d94693944223,0.040019290857556136
6e5f26bbfcfc4782,0.8475633983233839
94bbb43f2b5949ac,0.058752490299936455
080ade7b4d234159,0.01902683189488611
5e120e0f33cc401f,0.04711813672818742
5164d0055ca14cf5,0.049703428131631186
04d2dd48d7224980,0.023641760499112763
d8ed78b7cae54f5c,0.023992722925749575
910b37030037449e,0.0664874024125264
6d9c95897f15469d,0.1564984463065967
fd1d3401c77448bd,0.03592063473856771
5705dd6af55449fc,0.15528261599006007
b71dece1568d46c5,0.045097335427118655
b4dddf5f0efd4783,0.013778097520291466
80bb74b8e66f456c,0.01742396189407449
aa9c33bae5624f9c,0.10570623776539759
b9e33d7d441e486f,0.4535156814465909
f42381613a6449a2,0.05136753679492725
71944994eedb4713,0.17422403050223884
13a8b8c7d3de4c52,0.02096194759375735
53500d22fa4b4208,0.027259152991307333
52d9daacdccd40f2,0.27973866498807526
36f5de331b72429f,0.04872080747684497
7887ebd4c9954fd5,0.0640431902265428
64e391aa375240bd,0.05488442682072424
46fa991e001f4805,0.016576190543507004
da72c350a2e2496b,0.06831041405111933
21b21fb5827e4bd8,0.06202902684200016
bca3816f3fa740f4,0.3510173201365459
cd93ee47a66c4807,0.05983144336782711
47a9f2c9d37b4065,0.06553216668667763
b215dd0426e84a0f,0.02538894278988908
8a3f82fda7124a81,0.03719619038773793
9a23ee8fafd94313,0.029046945595613615
0a7943d7618a4d98,0.031297079881828074
1b7101c21e374d21,0.012813729367379382
944d3402f0224494,0.04325554895928858
27cca4ac349c42be,0.006853542134508231
1ced020dcb0a4a37,0.03834609346328779
97390bad100442ec,0.009512180226110395
0e12795b35504b69,0.41209627388702785
120e97e77a9e41d5,0.1036473682193794
fd05c3b83cbc4ab2,0.011680431776739506
3b4894f2cceb4045,0.054446019897714214
9690f56aadb54269,0.03070308911532548
e026f031c7db4237,0.3130477046784139
37467b896c134477,0.047650733925386116
01366015517d4d54,0.10960694135666815
0b814012edf34144,0.00682097462416621
2e7bd828c86d4a97,0.017164009993686193
65b6734c7aca47a7,0.0206318641068352
43a01ed9bb0249e4,0.035467249490379625
f79ed06c06244d1d,0.062009846967741186
ce0b401853b74117,0.3349679102009323
ad8bc57755c74e56,0.06299019405341258
f3cdff1e5d144a4c,0.02759491235050095
627f04676bc643a4,0.0231810328143936
3abe1634eb3945e6,0.05045022593407589
8791849f70b741d9,0.10086581677679977
62214115aaef43f7,0.8327184188193326
f8c3947f10c44804,0.4534558263273489
f327115254e84650,0.09427140213977322
7c690357cf3c4b38,0.015790958849628667
48669c5eaa6c487a,0.014446958969982096
206972cc77b948b3,0.03941199476120437
9b75437533a54ca7,0.06105311689898103
8562a7168ff04571,0.035501104605294195
8b0e72063a614de8,0.025724982956683705
2daf1b4d4823483f,0.6880583725682498
a80d9b53418d4d65,0.020935920906259176
09f187c3afd5476e,0.014545825901645623
41c2eca917bb4662,0.1189557706358187
6864126bcc554c56,0.7160033182685832
d2ae379627d44bfb,0.14587819779475414
5236c0a379534729,0.02948283073150928
ac2291ca772842fa,0.10484045714366448
87881dfc2d3b4671,0.6623697188913839
d75a7805265240a3,0.027360146435927636
b0eb6e31f4304d41,0.025951884394873365
47e4f9d354db4cab,0.04636274485924034
14a1cb2108d4493e,0.3837028531579316
c279049d92fb40a4,0.19613850826004117
5f85f2830a7b4225,0.03563338175911864
043941e3127b4313,0.438811445523957
2efb3cdbfdd64130,0.025874900121187337
efd9c0359bc24911,0.056563591601973814
1b7dfe2f26aa4dbc,0.012073070603343746
e666ae43fdff4f3b,0.019605426271353348
2b92f0b79d1b47f4,0.15895405201538929
af06cb51fa214d26,0.03256847542807002
aa467a4f9bff4147,0.06210744384366729
f48d3476a45348db,0.1875525751458997
64feee8d6ea9457f,0.08371734238955177
29eea5c381dc4c73,0.2190591127250679
eee7900ac15d468f,0.11962792074615754
4cf5f8ee65084125,0.04144666960405937
e1d745d2d7e14670,0.023806099543703184
a0c1a428803d44e9,0.05235419353765823
7e265019619340a7,0.016092931915813024
9d267fa287604002,0.045345312426432305
6ecc1bf6ee0045ee,0.051717179308765626
b8fc094129d448f1,0.0163346059748984
369e340e5be843bc,0.19420559851005287
c0e58b35b17e46fa,0.12661175391016063
fb1cfacc08294923,0.0261271834034205
ca9bc3cc03524cac,0.1883943659583135
87d74e5f13204884,0.029122802830111094
75cb0a2de5d64ad6,0.01748282917655928
1c91fe7b215c4a5e,0.036791815489986245
57defd0047c5464f,0.07200536609160904
c5f8da5f3e014e3d,0.08029919562667923
cff3ec16ef3e40db,0.025469419760910005
1027f6e222c84b81,0.041896576470150104
ea3c3d9fb2b342e5,0.07111499909235038
997c079fdef64230,0.07828855423858032
588b02e95f5e442c,0.3992809690932502
57c36aeb03fb4e10,0.05126732884141387
8b9403a1397b40b9,0.022825122817783143
09b94992de004bc3,0.024842817008304003
98dc5b5cd7cc459b,0.03637852229334201
b735667d3aaf4768,0.04848750829939781
1a6fea25eba94f6d,0.4128140856293673
7e2904af57554b69,0.10216058735488756
3ba7a4155dd7408f,0.042118313651220526
52159f85c5b1490c,0.04321678847697025
e534842b7cc04ea1,0.009789906117970308
bde5a03c24184352,0.024659792520573865
1c152afc6c6c4cc3,0.017392235338621154
1986a5c0c6054922,0.028322975693803664
6217acb80ed34dea,0.034064303393858505
d3133cd902274f3d,0.022331096862094994
90497bccb9b94490,0.2737284099788416
a73fa0e09fa14476,0.06915037897288476
edce6e313c294919,0.026054595065413404
1.09E+15,0.017962505852370074
7ff72c9eb4474947,0.0376251037866703
35050a8c5a314839,0.012802766310124081
e7b3bb91546d47e0,0.0805014041501316
67a1408e592a41a5,0.036539102999091286
8e7136bfe5d94ef9,0.05473942690666078
a040be21f717436e,0.9384367181007718
6dc6697a4d1e4171,0.022363785382567742
d9b1f1a95a08471a,0.01858091214003172
ec2134794f4c483e,0.026702341047554822
5de6f72ad32f41e5,0.03567633271898828
cb288e14d3b9481f,0.027646706668576576
56fd40f8f65f44b8,0.08187592984053972
4cd62173e6d74a87,0.05621877123850687
2ef109a84ae54d7f,0.502243787516661
d5aa450c55b74cff,0.024418746506005534
0cf67f9a1e554a11,0.020754516561277563
fdcd26a357814f42,0.042128182527594815
e7bb1a74e96d4af9,0.02265974676709908
634990aa29bb41ed,0.008880212689297269
869143d0f7a546bb,0.011837392598175409
a97ec5871c834e6e,0.08951208437731104
7d9f5142eb4f4ef2,0.009616394751898443
d7832b4ae0004a20,0.46634310823508346
feea4e22620643f3,0.5491500089750666
92e5a71e958b4e93,0.015178151148761662
2b1fb2578860406d,0.05015643693492624
b6c8695dbf254542,0.03334930029126571
db7345d94eb54853,0.01851586591317973
5fea72053d88430c,0.010441952774266242
aaeb1dcac5e440e1,0.05312425396233598
9d0fc421bc3946ac,0.04270962936096366
f796c1744a0b46d9,0.03331463089496744
6d7eb55112084e6d,0.01831653031094773
b068e8d424c74b94,0.015539040517720964
8645c126cce54a8b,0.04265199471857896
43a1fa48100040e1,0.8773220466874994
96964b45c4e7412d,0.03693699590341676
8b810a6d70784c4b,0.4008029442611371
0bbcfb4fea8b4d08,0.6624322959050086
bc893b461f514655,0.05747865499268632
2fbed43d41d14574,0.039257858188022264
9c2594a1aae64be6,0.029857874820387837
46dbcfa3a1bf40dd,0.02972327070403395
086e0273e2404ffe,0.04028787857365308
df15c2558f5e49b2,0.8161917099084844
41e2604184d94572,0.872178260216366
3151e922c9b0439c,0.010599179014694354
1aecb06e2fb24a34,0.5712054124921393
5c7425ccc746441a,0.016477736476450407
5bc40e6f54ff448b,0.0960030115324059
7bcbfe1f7ffd4d02,0.025662816840032514
070e9b89e02440e5,0.027688936514981832
4908e22149c840ee,0.07785973839656328
ab6528260fee42f8,0.029764443556222504
79e64e083da74cc3,0.5974801579396349
dea2ed36cc804dc9,0.16227436327234573
631452828b7b4c1c,0.18413170287236943
734621f339db4afb,0.7673754276877871
386c6da2867c4cfd,0.05005152929539906
2aa2068036384cde,0.11070463195338034
86666a494f0445b1,0.023557498375045522
080eea1964504b75,0.012261154334803539
99e0d545d4094dac,0.03437456890402453
6f8f0c6dbd7847e1,0.9672612745060633
4bac7580ea544e51,0.009790869894669972
0f0ae756332f49ee,0.2163340876605818
8483861371824dbc,0.10599423185040631
d16906bae4744a83,0.2645868304112289
ddab9e45f7704b51,0.16220878079154638
c7f879891c4141ed,0.760615002691016
44ff470377d842e0,0.41385246000042386
01e2aff3fba24c54,0.012181627227867958
cdbd95bd481740bb,0.014672714801529083
13f0ee8778e14914,0.2527124749062656
ab470c4b2d624a63,0.03758309323976023
0751bd3686c445cd,0.06219949041461277
90cb127359754af7,0.03658612551109873
cc57b9923c0d49d1,0.1828561305108387
4fc93fa341894a5a,0.014706639117827481
46bb97c34b474811,0.04641415796273922
ce1cc2ed77e34901,0.02543523250033129
11478753bd2f4faa,0.047201973073041935
baf43c256e094f07,0.9351938843043242
7f71f9071e904df2,0.055525883995151196
398654a730864e30,0.10763593666957161
c03edbbc5f464479,0.07356360361167488
8cedb91978454370,0.492031082926293
65d7f1c914504525,0.010937941142931704
b3c3ae64bd504f85,0.08243014569673827
daa052b5de564d83,0.22722445884768244
93722bf3ce9147b9,0.020068217556250732
62100f63968f4128,0.03685275701412195
7faea2cea8654e2f,0.05338505413241744
0514c45c55ad48ac,0.03499731257751122
fe71d3cc15334b73,0.15919062810052004
514c8ae6fc63413e,0.4052296959181276
584f6f88ef104ad7,0.4060136478232537
307dcba2661e4d7a,0.05280315684744731
6b8b185dc32d48dd,0.8320209991797217
7140b036f0d74828,0.07702939752590895
63e07e433a7a48e2,0.04856277245997766
18cd20773c8347ca,0.1003843774360839
b0df843540d84e38,0.024041366914152318
edda9382a73843d5,0.8059386455542995
4ced934e688a4838,0.07257107687700422
b1838949062742fc,0.03179091255592711
9381885a91c748a0,0.04391105136438722
4b2cf1f8c2da4be5,0.030264139438999332
410bdf48b2864758,0.025641463561512656
3199f7628d544268,0.41966101351575197
c6896dea4855420e,0.7281534519099021
68a0adb1d63c469b,0.10391339015004139
9ec0fa7f10f34319,0.014278118545380036
3078436a80274f7b,0.04281209494883359
ecdc76407ff04676,0.04287861870222611
0b582722e38746e9,0.0530449358766808
2594de786f904e4e,0.051054970559249624
d81b78cd0996442e,0.21396021779453617
b41610abfd82430b,0.06237032240629494
cc360bb173b94a54,0.6628236644629275
809e2e10d8a1403c,0.030712824573829484
af2a362c726d4d3b,0.019865810303066722
80d344f263c242e5,0.15034783765182794
10c798eeb17c4c6d,0.049649303086321483
eafabd98a095435a,0.04801145011214943
bb3e70cfc6184712,0.039376927300623484
14b48d4e1e0b451e,0.5327742793691129
80b34efd59904fe0,0.08330042127610614
2ce60a5cd6484bb8,0.01620237591603617
db1498a729c24692,0.009163362017461383
d76fe07182e74fc3,0.024420649559432885
cab04c00491c4b4f,0.011677826816536691
54c0585998ad4131,0.027987773790156257
33249cce1175417b,0.3623734272156339
cad603170d6b450f,0.03426931825724849
28604a23b95845b6,0.0363981108580876
72376fd776c64d64,0.022723905877110297
1d0f87a0214b4660,0.8543667230294725
447bf16c27594183,0.38777913691248145
1393b8b157b64487,0.03109377759701541
0417b83608d84db7,0.03301013622705625
32b18ef6f60f4b9b,0.25851932267982175
134bac00486a43d0,0.09969845589953089
f665281741a44a0b,0.02809447353045256
0f476c2021b84636,0.03435032908837247
6f5708ed6b064a21,0.056233251260445885
11fc19b802a3479c,0.09032040127996767
15cb3611945a48e7,0.013930429138652615
b2f18b2ab3304091,0.011670242082345303
085f2c76e7434e87,0.022902873754093927
380960a48a64467f,0.06211921208221214
4498569315dc4f38,0.06272881155228435
a020e01bc35a4771,0.020213049890925313
fe02996997694b5b,0.033745337459415735
d02ad6f86a0c4849,0.05234399249193117
7f272c50a73e45d7,0.06958248284061053
50fb1b4ccc7b4159,0.017460988692644334
6c34d92b7d7c4027,0.03111013718915708
5b7f6c31c28d4a5c,0.05251268546010017
94a8bd595469441d,0.02689836438873333
a066ca76a2994d21,0.2596066203988849
deddf0d5df9945ae,0.08395420567294695
8415c1eb0925475e,0.024487795951923876
44fc911e2a424e45,0.013599765703424953
4db5580c4b4e46c6,0.026504084236086845
3a078ac8761b4e3c,0.09784037189031666
acf689705fd54d2c,0.013281190316914085
c15930379c1e4628,0.0907480211250051
e69038d02e814e5a,0.029167625695958804
046d4b9743664125,0.01911124136145737
cdeee9b67f2b46cc,0.014478087284555446
d8cb9fbc85e84ab9,0.094389135225543
930d510a8f974bbd,0.01905169406333661
8911e750784a495f,0.05160146922712242
a6ffd01e978d4162,0.010059587198280501
80da161479f045c1,0.01443982363574981
53857f3bdea1484e,0.44075728715462575
53c4a3343dbc48ba,0.1399574364777414
ac581986273f402d,0.37807590465998747
706772a599ed410e,0.4399042439064873
fbfb7d1777b0425d,0.010883916127390139
46b7a5018af64674,0.2579007938158303
e67d64f634d04d7e,0.09819398909653818
1001eb3d4ce14772,0.12391216515866721
9c4a12a7c9a84714,0.06015919920554794
ebcc898bc67942d4,0.038544719446872114
dea48bc49d2742e0,0.014817412522585897
fa75baca092c42a1,0.02457670851584823
102907b3b1224790,0.7738460382862657
17f6e61f49754bf0,0.018802649403038618
e1c02e7daffb4f7d,0.6593907452084906
d20f7dbbbbde45bc,0.046921103408588224
95af4a442b8143e9,0.09164053593024993
5ad3b7409940458e,0.04066507390230385
d0d97f1e80044f03,0.007458557487659147
8f4f3b19b99746af,0.09617296534169875
367545b77a4d400c,0.017959047328827325
02dd6fdea9ea4c0f,0.035826955919947404
4d70a3e7e2e04c3b,0.038185338389638696
818df17e239a4202,0.073080165521997
e78bb5529e8f422c,0.22218388836458924
7d859c52dd2f4fee,0.009195369908700502
a0d64c099b6a486b,0.031351463893792925
ebdd0ec0a1044dd6,0.017923483490540366
134dfc7baaef46b3,0.04207066802086361
fa52e4e89e174469,0.05297503639244825
2c784843eb7f4dcf,0.016543719920353427
eba6bc8b1c754135,0.03905547980564748
04d722fe871546ff,0.02009763097641733
f09e4ddf8775457e,0.05755750759266319
f064ddb7890a4267,0.9599165821924942
86bd896464ab4a3d,0.05789794040486841
8a6e47da6fd74736,0.06303829644069207
0ee91456b6174271,0.023677256444232693
9a87f04bf7c64e7d,0.07514252415165378
570979d74e3b403a,0.4036961956248787
a3a50066fcfc4aab,0.008150645713452705
064cd827923c429a,0.1710201855050931
6c4c56e882964ed9,0.09706911489258704
4d080f4535de45d3,0.27426744278107484
6903ce554e964499,0.5821870992670259
b8f523d388384264,0.032816552930668264
1badcca98aaf4196,0.09336892053635008
c728c59c2b4f4482,0.010327271990087863
963e65992e54408b,0.059028079926412014
94ebe1dc16c54cb4,0.01660533580571238
adcd8f3407934901,0.04051405079713602
8cedf90f9c5443e7,0.016690614872836722
7c39c8d6363744e0,0.030868469144993988
a5f4d3c22189441b,0.03681939127154853
ec9540cb86cb4970,0.027059241373871685
2efaa2e1858b408f,0.013949008885845018
8b177a41da904b05,0.03367750391138235
189918d6523d4bc7,0.021244331954609626
9fcacbd38ec44293,0.05760755833136309
b7b623a20e8d4940,0.05861332215582231
215605eda7624632,0.041334966142710546
bc4012832f574185,0.04600809302480398
4059150d58a1457d,0.040612399090505916
52cc6c2294cc4483,0.018884324666305956
63dae31578e04247,0.04439984844439187
5736de842fa34424,0.44448764436359245
9b6b15f71f8249ba,0.047133095156624366
86dd881120f34330,0.03825651347258209
779e6c7a3acc4cef,0.018042799181046166
11fc6b04d92544f5,0.046949416820405876
4e79cc0ecf0c4537,0.0546643574087468
6d69bd20fde54dad,0.16367769647119326
f5a858cd930d452b,0.0358556903580763
7f1dda041d5843c3,0.36150898455204966
6b8abeeea458431e,0.49959622057722786
1acd58a5794c4d44,0.02232952971989227
afb3004bfebd404d,0.24118832924970154
5e7254ba24e94e22,0.053271030247161386
8595c91ca9a74d13,0.11779355170301062
a3f7adc36fc743b2,0.05229540714490288
cd8f1287094b4e63,0.010442662265645365
a8512fa064e547cb,0.026645290742377713
cd298b2d685c4309,0.03610450372255036
faf34c787a124310,0.06732040950560883
052f8cc66f6242cb,0.06587503792678409
0d41dae9f51f4fb1,0.013614143156861751
74fb64cf784f41b6,0.010959448715816066
1cb2e1bbc4ad44a7,0.21609703560074708
e042f5efcf7f49d0,0.013331137262980098
b4395df68a744e5a,0.7492492930852227
9de03e060640482b,0.17403617137075242
2475d5205b86474d,0.026954674885198364
ed726edf516a450c,0.05681094833246342
fbc4a4c5d37a49e4,0.2681303217436703
69ff6c52dbd34bf1,0.02095761866277277
3a44f9fae73f41ee,0.43747022229566096
cd9991bb5f6f49de,0.051774336768917094
cb1d56c7feda4f2b,0.023309562328531087
95bdf43206464a1c,0.05151132664839442
5efd99f0e4164d90,0.07861523474765811
492a31fac5784f4c,0.05368768906290777
9fc8423d023d445a,0.030478496764415254
343ae72af5e5492b,0.02220174396076765
cb9e8d77c7014831,0.039131475950075933
0def5cab63b94763,0.031976897318790005
99cb2101701e48a9,0.05798374075546785
058710bb00394a56,0.32772634928910255
884e235be859495b,0.1195784306162403
00bc0d7944aa4c84,0.07965132387546528
29a1087f2f0e4e3f,0.026679783933915863
27f3b5bc13d84295,0.8472769154895664
f3b6d59d43334e44,0.06863599192847156
aa66bcd723094276,0.04897871831859241
6260d5ffce4c4984,0.10423109907693953
a26c858a8a4a4a5f,0.09037941498248739
4ca69ab529b6434c,0.08119229762521848
ae7f2f1f1db74794,0.019871001854670084
cae90eb6d14f450f,0.02225293460212405
591250f413f748cc,0.12609385058850273
b24d38d5c5504f7f,0.10486665766324199
a19d1554f28e4f6a,0.04067777908998534
ac274cb3da6e4862,0.03896962633068689
c1b86cff99734135,0.01506984313645893
5ad04608f3744560,0.025897017448798614
3a1faef5f9a44ec2,0.021548077917397844
da6cba47c47c4689,0.024487066483854666
e609524b1fc741f6,0.04784667203419123
15c12fbd8edf428d,0.09420192677103745
cefe105c922b479b,0.028477312375110142
9a5f5d6c093c4740,0.1362458100859388
20fc9e9a5f6743af,0.030084904758307822
a683cb88e460492c,0.01526684518511082
addfea1cb03b4c97,0.1565524886528825
29ce7dd21fe04a25,0.0386241924480058
8a8ebb9d630c405b,0.03398275304429865
5456854ca0fb4705,0.05179759546831099
9691d92fd21641b6,0.007512786699657645
de1cf9d3be464254,0.7560264132269364
c9b5355d1c2b4593,0.031892389472944184
291a9ef671414b9b,0.3108548649412402
482bc49d98d848c6,0.24791191525495004
11af984faae44d37,0.020658490533469635
ea576aa64e8b4839,0.12751935120173746
cff6e06729e44586,0.04137134195746272
1e7d4aec71544b32,0.04720064778339624
07874978d5a3452c,0.016450174995700666
7250eb5524884da7,0.034149339185201834
b84b883c29814e58,0.0435941395384958
a43c939f98aa4c69,0.049649073694085985
ab546ed09af24f3a,0.6274381973746112
a81e988273a942c0,0.024608544629895916
f48eb41bb6254e5b,0.041159163642883065
aaace9dfda544ff4,0.019320842434466596
3cb239cf66db4b5b,0.020008384584925924
45da5d1a11414c0d,0.04752366740900188
f74151693fb848a8,0.03376158015669349
b95d8eb42dc74c90,0.014804111713669915
189ebdbc8cf34c8c,0.0338017216918916
22d3ca7f0fd44ae7,0.025465541809002207
f5f238356f924b8e,0.059060913941212045
4df37706408b4063,0.05633134989681612
c527673cd83c4e30,0.04827637798742454
db3e6eb927e04d06,0.07450794590267626
89b5ef00714b4058,0.04759563486314687
a9664dccaf174b7b,0.029913789885123825
d70d1655f1934555,0.024583983229759736
7dc8280dd5fc4eb0,0.9278524209526102
d269a3dbd8b545f5,0.07783179921759693
62067d239b744d22,0.02062657602726919
826ed54c84b44746,0.049728542767892556
8c8baedeef56454f,0.018954918816207388
96f24e70f95e4f4f,0.8625755076380057
fc53fe0e5e2a48a0,0.016693325263560183
df07d98fb9dc43f7,0.015780688887688122
89287f97e7424685,0.03857855772703431
12cac300ffd147c2,0.027598879421402413
0e2fe9a38d524023,0.06575421911449994
1ced50738b84426a,0.013368762665699177
2a802715394a4c36,0.412956422375031
a0c002d49fb74a76,0.03623905803271397
2d1d837fbb204aaf,0.021098550269441275
e699079faefd49ad,0.010353775544244116
68e61c213a6d4f6a,0.029960606083096124
e2ca0903a8e94ef8,0.007970908060717551
c58d1c914fa2405f,0.07949202505402511
addd8b3409684b7e,0.0673759818222368
5b0f847d28fe4a1f,0.16445719339187168
e402b38934bf4c7b,0.03350753441967337
f4eb92f4955540b1,0.060763283043359095
3f98005686b945c7,0.04028297947353915
d74c2e3fe9f6436f,0.02476525019648969
1d76746d49604650,0.4491833919505777
93ee5a0886b04d64,0.8229851357669112
20e1133c8d4b4930,0.020752910190500858
4de1a698fe494367,0.03150319755904533
78af351f67f74c76,0.0244442345651346
3bd1bcba25f24d22,0.039542421016571364
9c159c04f65740ef,0.02944976741582937
3aface2e8aa94426,0.10984675020727233
0e7c34c77fa34c65,0.7772855756759421
e20e5343a4e54b81,0.15716286419405467
4a647b344e344fa1,0.23095505765104973
36dcb7337a254935,0.047751515748435544
16a986df551a4726,0.017369702567599045
04ea48282e3a4eb8,0.08687100569555874
b7a3d39d339a4ab3,0.029292529620589713
598ebab64c0643eb,0.051080636015260306
7800180eb4cf4da8,0.05144430150895198
dd46c41bd8e94d5d,0.6305209678391753
6006fbf991774378,0.0075347239483603366
69b11fb4488b4e61,0.1026299368913971
1b4d77a338c74efe,0.32183732741144677
41a4a12165894822,0.04979624981606725
4f7903927a7b487e,0.031193602911516915
867a2ddd6ebc4a63,0.12736650036667782
803652a9619f4abc,0.12198495846003457
1d3d0fe683334d7f,0.03654430702288548
e9e856ff2e844170,0.014758468141011814
42b59e96ba2f472d,0.08144082571586038
455aa7b24d724cf7,0.1410382746349301
5b02fadcae584ee7,0.40146489697388377
4054a216716b4546,0.03356518492759975
f40ec52e2bdf4ac2,0.5592663114289379
54cb8feb6227411b,0.02996564451496676
6354da38c3874898,0.021151405073036363
ed8330fc6b04488a,0.00996620073510778
6a12a040c4db45d8,0.5699187420403048
6113a723feba450c,0.036979347805663
91773a47fd474e87,0.03282146588197573
e0d8b2b3881d4f82,0.055895797581128025
32a9fb13fbd84bbb,0.08561959606491014
ac15429eee524a86,0.030356104872204075
916bdfcfeca8467c,0.15925489891337552
9fdfec5f48c14b1b,0.7055733699224624
e86a7d94a80643eb,0.04655675591685082
50fd9938267c4505,0.877271243896443
1986952dc5e141b2,0.14628519462031433
d0cd63994836409e,0.0255624105966746
7ed9532490d94613,0.05337557726342684
b5a2df3c7e2d4d32,0.02645982596465219
3e7c3080297c4ef4,0.044975102041547546
6435896baa514861,0.30764669025314434
f044edf4d3444d18,0.20841325817281725
a0c76ceec4444079,0.13273846451910903
845093acd29b4105,0.043715815485645695
a53fbadf597046a5,0.022001453300345798
b4ccb5060f1f4f08,0.041457435416141296
70dc1b2ea2724d87,0.05379388713611062
e7a7829d00da4672,0.14063249908793987
cc3bb2d4d53e4ef9,0.04983790406986719
46c21bc6e30a412f,0.013735801945197957
aa8243684ed14c30,0.046029022044152205
603a67cc5ae74ba0,0.029457982817589424
3d965719e5614b7f,0.12170384772196785
cba7543c696941be,0.05671054123974576
4714967375dc4dd0,0.07010206773243621
27c9b72dc49b4ad5,0.022453174930207275
73592e81ab7d40b1,0.15124406050935418
3674f77a05724071,0.01890462658283355
ad1d4296dce1420a,0.03152149302385489
efc46034b80142d1,0.018819518888649227
427cf78e41a54376,0.03810713780126755
a87aac7061b942c1,0.1079825437701786
524cf68111d94f8f,0.0651895399531199
93f0d1df8b334408,0.03386220537996373
14f33d8f19154495,0.06079296763736691
64ffb679cf13400b,0.04272228725004081
2e6bdb3f5d9b49ef,0.03730393317097686
d14a57600a434321,0.09796858616103184
4046cd976ad5478b,0.015296420597549052
03807da26b9544d9,0.043460465160641656
25fce037c9114f21,0.017840109102502267
41fbd8f4280b4224,0.016595046412926417
d2db648e77234df7,0.04641511866336329
f216265e0fd941b2,0.47069004222541516
f679fe904ec44a73,0.9287864980475993
460aa7d2253d46c3,0.10458207443782785
f471fdd450db49ae,0.044178877119337476
9ba1a4053da24bf2,0.2304410088402918
6a541ac0c2f640ec,0.050921091891684166
ca0d645d67904a38,0.05822319004806655
63a248c2a334479f,0.05376732021879101
68742d42bcb6413d,0.051305270084743025
e11a63f1c7af4927,0.07161538042240478
c12971d35ad14fb3,0.12210197099805356
4235f3a69f0e42ec,0.02469291866111555
19678d509b0f4d7e,0.14979560579526194
35205830069c485a,0.03204267020486923
7d9d4e8a5fbb4047,0.012088348411436209
ab83abdfffcf40e9,0.01845979249712042
e4c3a52cbbdf4e25,0.014689645630171888
16794f0a31ff4250,0.04837103403718077
f02005513634460b,0.02587426224635065
6e4f558bf4104100,0.023671810629395662
3ac5d4b56c3f42b9,0.029033328661692857
69ea5a63b54b45fd,0.028583385749974776
873d4eb76cfa43c9,0.07758049236145399
3118a8ee8c324689,0.01655653156534307
d0539ed4658042b6,0.017010002399688823
ff35a07e620f4eee,0.01992932689680455
6319ff8db0cc47db,0.9102945292855772
8384f78488544b9d,0.017122950768481898
b9aad5e92da940a5,0.03731688542061831
79586f8122bd4867,0.0472984590626622
020fd0c4cca94bbb,0.8463231531568605
6d66f4ce1b4e4479,0.019359282958747392
debfbff175c74e64,0.028741717004236132
c03a114613b8444a,0.03460156302131747
0c3f10ad72ae4f89,0.30810482541111944
42a8b888842a4b95,0.11047964635596315
6f8f511dff0440b8,0.03393979980162672
6e89fa9747354cce,0.7432991165873611
865b42d4d595426b,0.018213186308196433
e1ecbb6634f842d4,0.026255477933421097
9162d799707e475d,0.047031371160595664
238c4b2323a34743,0.013167652787525316
b021acfa6e13458c,0.047070773798991945
07fd55f5a8b440e1,0.009433218588334976
44cc7e1beeb944a6,0.33193189390872807
e829f6f0c1a945e1,0.14459411940787942
0a88679ea0fe47d3,0.07773686487785661
0e83200addf44b50,0.9365755795659618
5727af169dca471b,0.023289235171920258
a87974a8fdc3442e,0.08024263801044382
2b42ab48dd6346a8,0.06123033322426981
8305d8e5451949a1,0.04963162095738768
c634fee288a843dc,0.05078475051399826
31d63517d5f14711,0.029148378818919664
254b37c1a3844eab,0.7657471386546615
32aab3e6a59b49b8,0.029764856525326018
89865c738aae4eef,0.061345754708321446
62bdb095c55b4514,0.03731114550549164
6853efe835f44c40,0.030894846780875118
98be3f3821ae4633,0.0552632624794633
d56698a2ba474665,0.022843313957103893
1f0ba9eaa4b6428c,0.054918120048419714
3c433ec06d954e56,0.029155240071674648
fa2349a2472749f2,0.05303425096084009
045058ceb1fd498a,0.013526545846614193
749fa63709d443c9,0.05663070753688158
54e5fd2a2eeb4ae7,0.19037268774540433
aeb710ab915c4177,0.007347887958408361
cbc5c5f7324e4112,0.041457850790236506
bf376e9ff0a84b08,0.4696361669854473
9b9f5f1cff894e71,0.03693680082997584
54ab0d8f60bb41f6,0.03276436556314017
8900391a1dcb4e2b,0.10603669418767589
9a524594b41a4ea3,0.18734083708789867
8480c181df8b4f48,0.027517141889717368
d67fb50982d546f4,0.030789217512488996
e1b25c3e3bad4cb8,0.18911889701148127
7fd378e66ca04583,0.017398240715503395
cd5ade416fe54fb5,0.025499403811514342
31ca4914b8864c2d,0.3299521281700648
d86513cd9ee54720,0.019146416247656093
016b51e4e3024d58,0.04943088386094083
e8d396f654fa4f45,0.6177642621977008
0a02f645a0a24898,0.036942066954563105
a06657a355c24e43,0.7237433320600205
6e96b4d4127042cb,0.01690714922798947
55cd3d63460e440e,0.027307628483598467
716c608531034b53,0.040997967551746464
5e80f1504c60460c,0.019132434267743696
df2ef8a015a647a2,0.021347079853501462
59a4878fdf4d450b,0.05022915291299083
dd383b0a73024c00,0.045435850366316075
a52d559ab19e4d31,0.1148321040284577
c5688de11eaf471f,0.04469904013935892
5a4af251c1fb425c,0.9513533724616167
2eea7a6b1b554877,0.38897364569857684
c549382d04df48fc,0.1396672577152365
535de8b1ad004809,0.0564357707160333
8aa233650e2345ef,0.12283561556490157
5fdb971338c4432c,0.007828695018993305
f1a796d4ab1e42a9,0.9002615651520479
8aaeff958cca41d0,0.0871487554447045
f8265c902b2a4d34,0.019096009223842393
047207f99ef44030,0.022936276278734433
5b2d63a1d2404d49,0.03945250396304038
fbf714e55c6b4198,0.06037683496938941
a2465562849c47ce,0.029371013485211046
3c797339a4604669,0.02605127765691754
b63879df38c040be,0.02412913133391865
b9b9788e0a414d9c,0.4636296998008131
49d1844ef4a74061,0.14948303130274526
3f6cb41e25da48b4,0.9244874910199508
9080c7f282d54a90,0.05804759723624962
15480fe2f4444cba,0.520043925372055
aed56050218d4e72,0.3487964093115858
70a084aca5404524,0.12839755514238987
470e65ac4efb44bb,0.6486076803478087
047735a72c094457,0.44194643882823537
229a746a4e5d4dab,0.8669852983913501
9f8629331f224d4b,0.28728798936953853
aa3a21cf50384ff9,0.035595530464640354
38b974b385804f0a,0.01848544547820593
413e983fed2240e8,0.5512604034021938
90c424753fae4795,0.02882547993421437
41c2a7d87efd44e4,0.03972455089249029
7de43004e8bf407d,0.0843762290019598
833dc6921e3d48e1,0.09766331785576927
49d8b4e297824922,0.8409579635766136
1c47e0e138194a32,0.049314738849038614
254979e63fc44efd,0.07213860621763013
8b12fa3f30894d21,0.01251500394495399
92afd1910336426f,0.03362047342800894
7b0884fec1234aae,0.026901306853949935
82efdff2dac643d5,0.018671023332363774
e41b87becaea4aeb,0.04935164947079277
b52163e914a44e48,0.015070147153164848
e26b1ab3fecc4f23,0.06308514382478378
32d25ebd4cfd429e,0.030642734915094026
b5726e1c945a47f0,0.8178009151280211
79a4643112b54b45,0.04073459958574484
dfe6fdbecd274fe6,0.03322663403585999
5d88aad2b1c5447a,0.02072504668171083
5e7e427ee633464e,0.08452925448588959
392e2d52f569489d,0.03636640681940932
a520e9bad4cc4be1,0.013155236319193218
ab0b709ffc764fa9,0.02362456958282764
1c1deb2018d04eae,0.13449224469356716
e4bb3068699b4563,0.010821910022643443
b3203d6365dd4c0d,0.01504155341052664
a65597c2ba4b4fb7,0.025002351284067283
585d3744b4fe4ef4,0.024182017495491388
a966e34a2b5d4666,0.35316697718663825
214d78e2bfb84f98,0.6413523502956942
5a15111da3db4f9f,0.052846236021522566
0431adf06cb1433d,0.019320647240765647
b3d94a8892fd4d06,0.00902470782057849
1a7215fbf1584aae,0.12146297648422108
9d20a5ac2c6e43e2,0.13047587813918632
57b093052ca44312,0.05079610459128749
df469bc811dc46ae,0.17660999209874362
7b9ce0c101c84947,0.05293602288099736
4624aca1ffd04b6c,0.010437832198285155
6e3799790b9d4cbb,0.016668700579286117
ba31e35cd2764aeb,0.38060126310860565
865825c833554141,0.06763403286345394
3500dcd9bc854d69,0.04689320882080715
4f05a8b39e3a454f,0.021627648156038747
59b0dbfdc672473f,0.04253327834517025
84f98d454c4d4f27,0.024954643862049573
fcf42f7e11b54178,0.07074152916400914
087be65e67864ba8,0.05531281763016247
50369d3f396e4476,0.030994648639060197
dc0b46e93b3d4b0b,0.28796352774691364
11be864130154794,0.2631163844831496
5b55f63d074d43b3,0.06808439509660047
28f41f22b49c4bbd,0.2183718523940672
78d6c5345a4d407b,0.02480429282056206
9069344df3144415,0.05340023716375023
ad273b4f61bd4d4e,0.01667163513211265
13dc249170564194,0.22975240850461334
02f7943c44834861,0.03211123361711773
f968362ef9984620,0.034860448669057055
6e132817cabf4f11,0.03220012557466963
8003df77fec242c9,0.016034509401452873
9a6faa8ebb8246c1,0.021926635686794656
f03a5b5e25aa46ab,0.5149735082450345
32d474d4fe6c49d8,0.05658231787258491
dbca28e3ba7a44c6,0.018790647169782165
8a411d1d4f9045af,0.14589406827896773
a4a8d252f9a74802,0.034225839997561694
2207971de90a4ed3,0.03649267495135897
eb0f3c41976d46f8,0.026086983806488172
1c17468f0a47403c,0.9121116902662477
d6776c9d444d4edd,0.7830377843182955
52347880b87c4c8e,0.026464487359243023
6e160e7ad5104bf4,0.011694518749623406
58e883acd84e4c91,0.01894911077711125
d04a18a580af4cb7,0.05831914689497344
3d8eff218e394157,0.02080626096701167
08857524f5514901,0.043364930505955426
f93aae6468ac42d2,0.03624594601697216
8b7f80a718814357,0.04007559060031092
8bfa9aa85a264b3a,0.8457531844144107
7f431af97acf4123,0.02222917807803147
4f5697f0feee42f9,0.11899380108530551
458698f1e76e40b8,0.26911698870838646
8d129a81843c4969,0.046509571852995105
6d7235eebcae48e6,0.8857349227007492
40f61b5e647d409e,0.017111137511328527
187a67da391f4929,0.05105470707867976
ce117c4e5bc54573,0.07143829973232028
50df9911efd64eaf,0.04885838539775509
fea276c94e684811,0.035710274124588326
4248a5622d5c41c2,0.035440887223518854
ff5b369bf0e647d3,0.6483290459088862
22d26b5b28594105,0.022027018110157698
9e9f4316fe454a8f,0.033670327944802465
30c8bf0bf3404811,0.01195333636068097
4e4c1851b9744723,0.02492317860114267
df721d39eea14a82,0.5665297182607703
09254115624c442f,0.03510932934827188
2d4775fdb9aa420c,0.12433743676208184
b235359d555e4326,0.05587833624940562
ee0a164b87de4143,0.06837518161317349
1613e32462414dc9,0.03276312383476688
ffc618c3934b43c0,0.10046059280024819
d1c42f86830c4b4d,0.11209905958536281
348733f93f774189,0.024017224458773117
07b113ae759f46fa,0.060565651899712615
dbfe06323ba9421a,0.08226711781486482
1da2c1f0a4374905,0.03306023975702557
1df82a80b20941e1,0.03885333803627874
5d6464adbdfb428f,0.07333402065296965
23308172559440d4,0.0191069552285097
db99d812c91f45fb,0.028117064735355975
d76743348a464dad,0.1441954575088178
17ff850b0bf545cf,0.15539369002996706
0eece33e9ab846bf,0.010591692020564406
a29ec436dd1d4339,0.013023263368489801
343222f345b04197,0.07330377236534506
5df255466abe433e,0.09680436079272162
8bbb31b909f14372,0.3803952981683213
1e2d0999ee144d62,0.019466937596204454
1eadf43c4c5c4ce0,0.1557288682531312
e70c88cec26f4e20,0.029314211019283755
d3b5ab805ae4474a,0.1983666677932263
e437a50cc39941f2,0.28234530707145444
1bbcba24b5064e90,0.01392413532941622
225be2d448b74fc8,0.02455588167413316
94d5887a22ee4350,0.045392669524658216
dc21f9df89e54eae,0.01494589163028647
ed96fe32ee6249b7,0.01867334561229042
edbeb80140ac4f42,0.5500855680350114
97465da11e8b4cc6,0.023724976739358104
149cc7a960c84e21,0.02018163125396267
9158e2f45ed5475a,0.02234461873778346
043ca7883f3442fc,0.08834365397788974
30de9a8e735a476b,0.8619383537981042
b0887fb5c7a54247,0.03177298458140794
4f4c0a1dcdc54a1c,0.06202077196390117
bdaf6852a6574c37,0.04063171633955285
d3a665cdb4c34a9f,0.06897718614870725
843daeff7be743f8,0.02316801897810181
a756633c58274794,0.017530783071141837
5b93a734338c487c,0.2758754630322066
38131e166fe04f91,0.04666164155700895
0297a5ffa2f74555,0.020220805766336048
a74791874d04424b,0.07127492299909619
c222bda7679348d7,0.0326350410941262
6154c462094c4a92,0.07573963041715485
46bf42db71694e22,0.6080735672849099
3d43c5b43f0b45ff,0.030088823555129783
5e0fd3e6d6064b6b,0.08575517688064667
689b5ba98fe34c72,0.017542616820935157
8dffc94a24e94f50,0.0400592842634472
6968ac0400e2479b,0.11657770059740971
aea532b6de764217,0.4182633468844193
a58a825841964472,0.1893975670903027
ca758b825b8b4299,0.0404636475587047
b242c92ffa8d4e0d,0.020533607252166665
3e7b107aed1e4912,0.03336742257546874
aa474d647ed94430,0.11025452079869691
d2b05f1b19334c0e,0.03607012409897617
06b375e26b5b49ae,0.22153315115527888
39e491c0f1f34cb3,0.0883812347567594
36d98ac443c24ad1,0.849684934146769
ccaffa7a7d534ae7,0.03938134365118813
2e7b9fe4605b4b7c,0.017319393256276665
376e4670323c4b0d,0.05177928692210064
f129996d31dd4703,0.035918382120038186
0676c8f201484318,0.11149990835093801
17e98741d21c4240,0.05721684943964735
e90c131235e14c70,0.023893856520612607
8a44413922ff4448,0.19822627949969604
e6fd5f61ebde4f88,0.030733612164524277
3a64d60951254332,0.06124088543286162
49af4e9c27d44a5b,0.034000662623027346
d62277ffa988406b,0.15065911415227706
a8fd2cd5f33d485c,0.29681496216719017
65511368f2ee414f,0.036379054223499796
e2e993e88e3640e4,0.01846373138136236
a8102d3c50064fb5,0.02821137284540854
78265b4ec238433c,0.01821172794350035
7ce376be342a4884,0.011978487003593215
32c8a60471e7456b,0.023950580824533052
f9ed27ba8d1e43e0,0.19054250341943138
f292cc2cee634844,0.07663596914403968
820a15b946364a49,0.02783332129090573
d67be219bfbb4b33,0.017113921894866622
b4d3ada2ed704f9f,0.0870410613393934
88ec548c98114759,0.03207340073197593
5922e454e3344260,0.028913420849738043
fe1bbc9ff0284596,0.04332294963185042
bdcbb7e7110e4ba0,0.01460635158366036
9535b92e2039471a,0.23151273200003852
c388e1327e6b4590,0.03501720941793586
4891194785324da5,0.026105954476142584
a99319fc402a42a4,0.11295263345049669
c77121b98a1f4a88,0.020802213911933407
6443c79ee49f4cc7,0.2761140870724391
37ced970458840da,0.02919666309374882
54642d6e97d64cef,0.024709819767793167
936b87b020c04775,0.04366473107124717
c452102a35cf46f3,0.1885084026550947
3c71099c74764b55,0.009773320612831182
e19a015d22ab4b43,0.18996810368374467
2631ff35f5a04e30,0.019893787477153736
6aecc75153164f6c,0.031101060584147005
4944c204e54a4732,0.08068074782011984
513cb80887be4bcc,0.02357853154719148
d9aab6f24d0a4cb7,0.03568876995774356
3b84563dc3f54e46,0.02670698447341745
d2755a47bb3c4660,0.01619659272929163
13c17321a8b640b3,0.026692900623940363
71441765776141fc,0.06974061271281609
ba595792d6a84cd3,0.01863499919906933
a7ae196bb3184c14,0.026745064439890713
e26a682f3da74614,0.23507627168338333
4581ffb5367e445d,0.04083489737950148
b5eaefb60aa246e4,0.032740315128408456
843eab1d1fba4334,0.0683253258468481
bf391e8740494c82,0.02460883311207001
ec4deece6ebe448a,0.04247982373801313
09c6fce7675447dd,0.01296585419423501
8dfe36270e414139,0.04142838868434437
fa5988516cf547cd,0.7985940425332256
82d50343dd244978,0.10402817323875968
2b8301865c4f495a,0.035792928310099725
541a6977d79b47dd,0.0604634316690548
a3f2b00c1c174d05,0.044700932685845206
4f4729e803464bbd,0.3929776038907322
3e5cc8af96a54720,0.22633753187848896
3e3201821f694f48,0.5984625943040915
5b6238cfb4d64dba,0.051268690410852746
34dbcdcfbd4e46a7,0.19567292602895942
f824c65abf5e406c,0.06857110271875393
ca7806df30944209,0.02578286221357452
601aaf3264474f36,0.057541639157296445
aa2580f666db41be,0.05037493766282479
266af3fecd304e5b,0.4916805651421677
2b23750cee9d4415,0.028486937848212924
e161f1bdc8a04c23,0.02939139094715998
969e7b7b16ab4b4f,0.0377193149409125
9dc43cc424bc4bff,0.2415861326111452
8db3a37477a24b27,0.029625783533812934
f089216fc2874793,0.5719799738557303
d8d62459731d43ef,0.5668665365941006
492b141d708b4813,0.028431709989486603
9aec303beb0b4e0b,0.025435639856596765
14b5b3355a8a4dd5,0.06640824308017848
45347210a4fd452b,0.01602596378217548
5d10295fff174788,0.010880615856358893
d673d57e84dc40e9,0.052790511005415916
4e55140953b64662,0.02401964379274333
54d039748408472c,0.012292200549186344
39b7865968fc4b03,0.03857586943730766
5ee24ac298214f8d,0.01623915075726013
15c036c85ebd44fc,0.935954068897215
097c1fb37b9a4eae,0.0610641511311296
4dc2648277024c9b,0.05691958872282825
1440cb0c77084ce4,0.023835647486240168
a60bf9ab132a41eb,0.06046012858774915
d0c24dc764154d21,0.019612013717057307
63a5492042614bfe,0.029268545817123726
f2a97a6a71734f21,0.029976235197231284
dec14aab524a44aa,0.060439950058704464
7c6868d00cc943d5,0.04992911126201567
a76f269f11e94e89,0.014682331797529476
f84ef80577dd4c3f,0.7058978540319375
af60ac6e24be4618,0.8953225217839533
02fa9a84dcf7452f,0.05234608160480279
29045f2ee57c4ae6,0.03167225484281923
d1005dbca85d47a2,0.02311243518905917
a4b1f2fe089d414f,0.11298237416940882
919b5d63a64f4ac3,0.056932568739689715
4790f2a54c234209,0.8437564820344681
00e5cb6078ee42a8,0.0944217564482407
d332fc0bb35e4683,0.09100433982587743
fb02ab4872e2492a,0.02238756857494969
652b5c7e464449b6,0.06657853911987884
c0a70e632f884a21,0.027254641918708467
9acd9fcc1e184f40,0.012028097507061221
bb77f19b1b1a4445,0.018881251676303355
020c5302c0764d99,0.05166646879225234
3a6b789cd8a84eeb,0.10985923962115214
360442057bf54e37,0.5990541441635211
358c4753a57642f7,0.8411306716163299
f24f9b54deb44384,0.6128340648565802
ced45b4c6e0e436b,0.06085419868990212
07ea59d133ea44bd,0.6694423518495449
d34febfe759a4d31,0.008591085532298778
0769d36da9fd4818,0.06951400225570224
2c2e86a4a3cd4a53,0.2532198504668737
190460726a584682,0.026950563732843547
7c18950bb99542ad,0.023838668044022
d8a58f8e9ea54f0b,0.022168992056672464
eab4f7d120b743e1,0.027992275449195192
769eae4408f4456a,0.048351959596448224
057a85e5b275491c,0.02308814722012189
e509435c712b4130,0.24361426797834246
5b703d5cdab147fc,0.024164203849598685
6c8a4afc8d434bc5,0.029814409300068345
85c84ad0f1d74f52,0.038379337680635305
ebef7bbeb2e44d24,0.08984558780890711
845764c9dff54ecb,0.033434208893803274
7854c5f577314bf6,0.06280389005787687
43c26dfdbb90497f,0.1624578925169015
96258db66dd54d84,0.7890821535156143
348de2da57eb452e,0.564601008265852
a9a073b44a594d90,0.015031213828052687
d88c65e905f84c78,0.025464752388301076
f8ddf6a1810f4d21,0.02039286220079687
094d6f51275143a0,0.06702509737487702
bf0667a9434b4379,0.04590423154961974
ef1798cda6704809,0.04084736340405119
2f20d390bbc4432e,0.026140389105723333
38f6483ba3bd4f87,0.021759996618883733
e49d6cc3d6c64923,0.024088126595871544
dddd0286a7c74ab9,0.01714950528059179
874cba6314904f8d,0.04142375837510165
9c573e85a5514b49,0.1074899408851205
bcae1a1ad70046ef,0.08816148889508323
184e8ad855b847e2,0.2210022366462578
56848f4b36af49cc,0.0306319649074348
f2d104233cbb4d9d,0.021810021392334414
ca2c101b92284993,0.08749207942533503
b39298771d354dfd,0.022627073104048136
fcd732d18af3402b,0.025810965962862614
0f1c915e02b84f78,0.04187043326331194
e116321edccb4512,0.0694049931853151
be5f999e7f444869,0.0764680172723651
71d0ce5316804998,0.013333124287525666
a41ba2f28bb94c19,0.029557720846228364
4247005f5d7e4fb0,0.0488407814750281
28544e3008b44e6a,0.011450716497944543
1a755a474d884d73,0.018455747091787898
3fa6df1994d94a48,0.5374113227796418
b96e14fdc1e3442c,0.19143230087125096
c6c2234f18d84b6e,0.0657532175566548
85541aaeb6ca4f67,0.0367027691358962
f9b8053f1fb94bbb,0.0440704293103306
9d3805e59ad54a58,0.009256824382532714
a21528ff347f4a47,0.03457152692971277
ec95987773724e14,0.018353122173782137
414db9b03846405b,0.19734802332239137
2be13ee5c6bf4a29,0.030422918130109788
ea11c893778e48e6,0.044417695595963244
ba488078396746e6,0.023009620113804138
a2c1925d2d5a4599,0.054823242337034284
137484149db54349,0.03795407048248727
3e1faa0900994372,0.5967828509394473
8f81665cae9744bd,0.16930702326400657
67d45c8885fc4819,0.05080397631239033
3bd194f9a5b54341,0.07120820780130799
4812d5f4dffd4c8c,0.010285222413320869
d118e9f5b6594a99,0.023582294104397855
f73992d2dde544cf,0.014982826487151138
a8a257c7c053463d,0.028870427400412468
ae096d2362e94d13,0.8019753979754961
d977a39288564c1f,0.4299425384460795
93ae5056596d4d1b,0.07566901292549973
6f8c3af820664831,0.8810605101549223
406f3b76e27c471c,0.4379040226801398
75177fe6a3314161,0.18828376937276253
798c878f3e7a4984,0.050328254590577146
438912f380a74e9a,0.023155585592051216
80711f5fc6a64477,0.02567117222434797
adc76f6915844fd4,0.035946619409245026
505131f28ed2435e,0.15925619727727047
15607749a2734de0,0.16053057698609605
c5dcb1d62d7b4f09,0.013900128200530553
9d4eb04774e74499,0.07426875736246442
3431356423e74890,0.008403180499100365
563e61ad175c4019,0.08559944329376612
f2f4234aeb5144c0,0.016842742485142854
c24fe571ca6540b9,0.03861417291669977
bb411271d6864070,0.05164454801775874
f9f00a9fd68e4bd6,0.026309121189285477
00fbb549d60b4cd4,0.020650586415830376
da1031343dba4716,0.10929769926014046
a7621d5b112f4dee,0.10032884894198353
355c6f7e04564f64,0.07284067633994878
5aef8ad71562418b,0.6351043513708506
27c8415875b544c0,0.01625940909036294
7bc50edf1e644ec5,0.23695463013725662
b53c7ca981a247ca,0.22757934915482977
a4ef48394fd244aa,0.04156294138333837
d89836a135e34aa0,0.04981484540432698
e07edfad46e74dcc,0.06058008313310348
ebee7b973bfa4824,0.042627406673300755
1051ddc6f6ef4e8b,0.12341806762665071
e0d639b0adbb42db,0.06423653438904128
33fd510d2836482b,0.015292851495239828
c18af7c816314e16,0.014214394183669954
ceee9e27dd9b4d1d,0.03814824962270609
7fae4783b5b046ad,0.08782068049547347
74e9c8c72f3b4921,0.40817800687256095
ffd5ddd8e6654297,0.08997721793199233
fdb5f17c97124da4,0.010096053288131634
78738e77b3a14f32,0.5584272580564195
6ecfecb7b23d4c14,0.10977053564322019
ff237369669c442d,0.05320864510853492
9944ac03aa5447c1,0.05570312766404906
31bd4c0920564105,0.01280047541949413
7716400f090345f4,0.03313759464350365
766de7bd2c7a4aa7,0.02619168539126132
fb877452b9354a84,0.013737380658808713
93430668795f4059,0.06945101415586552
239e430400ec4928,0.011709082280267045
99112dce2b3f4065,0.05614110432915733
cf39204c63b04a6f,0.9104306101742672
09322d4b7efd4b9e,0.5419705007890275
a0b2f594078b456d,0.020205417143696235
92c7e911e6264aee,0.01918731760951045
73c74c1b0c144ca7,0.3375032706995655
d71b3a7938cb4f35,0.01805805673690239
10a835088d344025,0.07432736211564055
e02de2e352c74cb2,0.04211047682671588
6d808a097e75448f,0.03666106417176437
7940ce0ab324489d,0.13710698082953707
b39e0feb91a843d0,0.05965854549519365
ef7eece6ba2c4a8d,0.10080492937969314
c90b0287cef8434f,0.027415822111769857
d6ee605b4ff04659,0.04330511310731154
ed862787acda4a0d,0.12579163796695744
509e4c6dff384244,0.6311515644690655
ac33ebadeb944f05,0.019840375611871384
f2752231e5904471,0.038495191637957574
c20dce8be6864f54,0.01680161470928982
5f4568db680045e2,0.021843461518323833
82fea78fdc33430c,0.025363807522968528
0db438939ab6453b,0.026995027138183116
75831d69152d46b4,0.04039066053782423
d6c71bd0ac784844,0.039848936446087974
8d6bf91785bb4411,0.03783087627649025
773b6d1fdac94e8c,0.0672931706029822
a3d97ecb0408452a,0.16717042281021585
c598d8007e494bdd,0.07299822224639042
05f78e28508d4d5f,0.017592108532931434
e06d5699bc4d492d,0.044489089974061174
0328cedc2def40fe,0.034648454611686655
8c37bf0a16214839,0.09985897537925001
8d7947a3b5dc42f4,0.06765079733376012
9438e75301a24245,0.02576412800772877
bce387816fbe4ff2,0.04861023638156559
84877e118f0a4213,0.30439928230777574
a3fd50afb53c4168,0.6997399215896374
ac4aff2af943499c,0.025656096583484646
e5548da4607d4eb9,0.6697415364681752
a6c8b98531a04f66,0.01875559063176218
a5a7af18e69c4c0a,0.010775507462954867
609a32ab81914d05,0.012342245123638022
1b958933af1f466e,0.026848887773759617
b8e559cb94f948c0,0.1013918610462424
88f6a5f5c6d446d5,0.06278597995688544
6f34a0ae09c14e69,0.04411715269071143
79e1c2b8e25d479f,0.061869712206895376
29df8aa76a1649cf,0.9305695259344077
4743d5a8d74c4e92,0.0546824460722247
7c5c72a31e6949b1,0.03947611025425356
3218212d01274d9e,0.0434333626004242
c778758e74f841e8,0.03824800212700423
8f808ffea7ea4816,0.04408482162009056
3cb371939c2543af,0.03114892369007475
885d099612794bbd,0.9071776787537269
cd884700c4c74d30,0.04390470054180052
d367626b73424a38,0.13490475193697998
b50d1634bb394f9b,0.03434755375861891
cadbd5a3d04f496d,0.4143719282213937
37e1f2644e2d408e,0.025543040682900347
6a5415bf4ef44fca,0.007822490811100223
0bea1a5f02434cc6,0.05588153970903177
275c277059eb4e31,0.04397599676338099
c4544786cc724a24,0.024295039310641107
1289ce7f58a84193,0.039931604346227875
b66f850791b54479,0.008775778610032873
1f57ebd0dd054ece,0.448207264329861
fdcf1687109f45b5,0.11752589369905767
8f331b80a29849b0,0.03677949620749336
9550d71ed52a48b8,0.0815685245221431
3d5951c4178b4274,0.03340807100831206
7986f408051b42d3,0.05372411583134236
571e4d4f902748bd,0.023509854274636137
83f268d5ce8241f1,0.08171762177424592
db3232b1c21f4d2c,0.045578798140857586
2feffebf19e4435d,0.21125078580548248
c8129cca67db4e44,0.021672694166724887
44351d5bd2e9478c,0.03269919277417338
de42e6ad5cd542b2,0.08223704849502698
b9616aa2c29b478a,0.027884528803160846
6f4d97f1adc04909,0.03162026444823844
e9cc34e689674e8b,0.07987420211050458
8fdcbdb32256427c,0.8565892222719154
1115458706674e6b,0.03521563971874995
3d77edff872a4963,0.17150055816790227
469e667c38d64b83,0.02434278740760143
2874f2ee92e540b3,0.17505067149242573
4105786c247c44a8,0.05279687094355018
a73b6a8eb1b24f54,0.037153504167469084
61121f311a98470b,0.3237619165005614
766c7efffe164fb5,0.015773993450788094
d1175ce5d0aa468f,0.0948491532427041
fc16a8e532c348f1,0.03962976701420626
3360932766e8428d,0.020081351070462265
9541a5d62cc54a96,0.028926336953547294
097c33d05a8945f7,0.909926011429145
d0df3342d8c84eb6,0.052344622837070184
be154cfa21454bac,0.053474027624508626
b35c2c1663b94a4a,0.02098255015678809
f75a5179ccd34017,0.02101924385395132
586132acec944f00,0.026176975397950365
6b27fd014c124946,0.03337876730945779
41c2fa6328e5495b,0.0677673371833504
f456ebddcd294f87,0.012086428309216418
ec08fdbc9ab7423e,0.08868659130126
3f621edd6f4b4141,0.022855451248795393
f72961d23e89457c,0.060728014900947244
e6958a39eea1424f,0.011344026262259652
1584e55176ed4de0,0.01526911966279429
1f1b3893206a41ec,0.025020468991930223
3cf9bf2bfa244ee8,0.03612480468907719
8f71699a7036426d,0.02894933841983142
b81579c6e6f24b6f,0.016811480305063797
278be7aab9f0494c,0.03372304537226032
f1525d21ba5e49f4,0.6049403502937045
a817b59f13ec4f53,0.26154259761054754
65b28d53b7b2484c,0.038117456156445836
c78b4b9f2d724731,0.7334572679924583
c6d58d13f903477f,0.04895317036479348
ae9eb461bf944604,0.11301701094129417
525d46e0e51b4083,0.03847031602481059
e858e8c99cb942de,0.12044999195160674
86eef72fb11a4a8e,0.16067822255322786
c1cbccd839cf46ea,0.04535672915824658
ddee911e8ffe4466,0.02755752421905845
b3e4aaa541004961,0.03487944682181141
fdfca405fc75435c,0.05505346535053261
0c02d2d4113f4c86,0.12462545667547684
de585f6c09bf4ee4,0.01740565690507001
0975891125c54b12,0.025661137531007593
921e1d208c1f4850,0.25135493084864013
26cca14c5f454af1,0.0882785718976921
ddbd2b6c4c5b47a6,0.022138186931265513
b15ed86f5fb24325,0.0658060909511757
4655545f674a4cb7,0.2160753107600511
cbc5bd521f784606,0.05800677859735683
5c9434148ecc44f4,0.01649366380624463
be7d3d57ae2e479d,0.015732609096955487
34fb76585c8c45b0,0.13190703286744276
01bc3e9d964b44e8,0.02062902659732062
9d9fa4ae33de476e,0.014637380182293217
cf6b7c4c76fc4f7b,0.029218299663950613
e7bc939e54a24bb2,0.024416848268420544
10c2824262aa44ce,0.043643123825151106
a69e557bd6cd4d11,0.02421024124498606
b326b2f6ab904cf2,0.01558261451374662
a5cacef090744502,0.025678677291101258
d683db74b27d47f6,0.0702754471423955
0328309e9ea142d8,0.040034689648309495
873fc3f7e3be4fe8,0.024712772855284355
612ae851f1634b97,0.006489869687312327
16c8302eae594068,0.1665805047664716
d858a5b878c440ed,0.8274559932092028
fd3783abc6b149ba,0.056928398508939694
8bb7a81aee2d406f,0.060990375678260635
1b50dcefa5c04083,0.023745182088583523
376ae85455344147,0.014242470315052238
730a60e09dad47ce,0.08801281103450245
8706523ce575418f,0.017141302991602877
50d10ac9918341e7,0.025828812320873383
9ea48a6e2b584ad1,0.023572475191955895
5430dce29a07464a,0.017310520831684172
617c5cb5b4da40e8,0.05441001892290322
6be240c9ee7a410e,0.036629876041749346
9f8bd2d1c3384bb0,0.02404346665521826
cb2aa071d6654a95,0.031337063715117866
b9dc2489f4d84a3e,0.8652684616656489
57e491af0827448c,0.05505351727145612
d87ae9632e3a4666,0.0431950069342012
b6eeff3fbb89416b,0.017138870278404543
5d548af41779450a,0.02456542854780879
cd53d2be0b844c3d,0.029863305704767723
604c76480ddb4f05,0.0864521868161725
0e5df491ff5a4645,0.5775038872927911
c12869442af84f35,0.6533384438794246
ad2192084ac94a30,0.09939196956880111
963c102cafab462e,0.048634033891074915
d5c97be84efa4859,0.04535548181365329
4fa1043c3f1f4d59,0.4817445292642854
2bc9b1f1c4c04c85,0.06735435267607423
e6e0f0a894714d79,0.09742629897173656
ad7cba0f33bf415f,0.05641157386087825
f6caeee7665d49e3,0.061874100971280065
d3fde40dabdd466c,0.04035620868328269
30e659dc23e64650,0.01975577418428177
f00edc566d23456f,0.018010235119276664
c8bbc7aa705a472c,0.08089009924674921
6b4ef5a0923941b1,0.06895478529395592
1b0200c3f3984d14,0.04923709887712399
1023d6fcd748495d,0.05908513386272931
611e475123314587,0.018953714607038537
d689d3a14a69428d,0.01000896190366856
205284f19ee24770,0.05588316587742466
52678e10fc3c4ecc,0.03754735444674093
e9c5691cc5db44b2,0.015962999087963427
29ede1d4b6fc4e7d,0.03489758115049035
5b2b01d31b3a4e56,0.039306007444649106
238cad0d970a4fbb,0.026533408169196054
2985435028ae41e7,0.7365594058515053
882de3fa8caf4a72,0.044828079781380856
5a2705f27ddc4081,0.18264762206461546
859fbe0142804969,0.016811615214068425
5d441b23f4e54da5,0.02824259420472795
10a8540c8e0d4a6c,0.035938572600566855
49dbcefb183f4c3b,0.013467027096752366
05babf2d16d84ed0,0.011431415816465665
8b53311e1f9a4953,0.01856798327583638
51bd952fdce7435d,0.07027277819186734
5198297808c14497,0.04978037796413099
aaf9e90c61f9432d,0.26778234705323795
12cbe1c18dbf4aa7,0.01291726966685442
d6e847ee65ab4b69,0.016879625486457238
1216d480574c4fc0,0.0210531360265954
94de82f2f5ad49f1,0.03172518335536243
bf601b01abf44773,0.08408155743853665
cbf629ce17cd4e8a,0.03124404556234251
4f780e5a35804422,0.02525481882649378
88cc963672644e97,0.06927324490729349
a2db705071cf4bc3,0.023695397937363312
7c032f4255034b31,0.007604533825704524
46628d4996184be6,0.07768541368595705
e601cfa4a79d4a3a,0.09439850566440552
77225a751a7f4601,0.08656135285684843
abbd2fd9bebc4607,0.03647011967218486
cf2cbad2786348fa,0.049037706721760506
bd6137a9c82847a4,0.009009142782056934
e6cde197a5b94df1,0.01975698875929806
b189fa7eec6741a6,0.04993624956429371
2f97d065f3654eb3,0.07175677708150671
c57ce423a0e749d5,0.0380498507759202
5b8abccad32c4e1b,0.9457246601371756
41ff365483cf4d47,0.25624313041352015
56c446860b9f44e5,0.00829663711493899
8279c31083ee4a7a,0.03564611447507704
1bce64e7206842d3,0.06627547269063983
5c7d54f341604c76,0.018602291777598444
f36aee825a834ccd,0.16575191647607806
b2d8de58850d4357,0.043519707544088466
478d08f317364873,0.0342127380806943
1163322f234f45e4,0.02972791380419808
03a891c5e0194228,0.17577572898723856
1b51c172cb9f4d34,0.05424829432128135
b1a92de75b7f4b9c,0.19463942617043167
da5f813a6b7c4db1,0.028631600671386186
b22c61664075440d,0.13212602908335977
7ee17fbc69594e96,0.059117442229021745
dd9639f47c994193,0.048528068762245614
da61ea3bcf7848b7,0.011179857241487625
eeeb765bda2642d0,0.24343812277258667
4a8723d111dc4cd9,0.914374485119515
781cf7939a0a495a,0.0169238569123957
7e2888111dcf4f81,0.040768410015785
bc959321f2de4d36,0.30031944704285846
d0bddcc97d7747a8,0.014576049476623993
da0ef286364d4bfc,0.05447819673103017
d0311388c3cf4e71,0.03531893960506653
b2b854ae0e064fd1,0.1082774788667574
141511d9829d486e,0.022850599435135836
83184bf9de1d47ec,0.07222308229116423
921b164f30884715,0.039937059323739865
1631be096a8c414e,0.032565512412324596
b16626d69ba74c77,0.04843320752197623
602e8fa7d70a49f5,0.06665771427683845
3fe379b13ea14dcf,0.3565408139441916
05f7eeba6d4e43a1,0.022805611744112685
df99e39172e04c40,0.09170023998614278
ee96fb5515804c25,0.7049283257973078
f7a856baa6b04033,0.06043692784616593
585edee913d9411c,0.055493831120458435
c96d204bc87b4dd0,0.7681427806049301
2370bd750df24de8,0.03786225934862121
e9160ab1a5b146ac,0.08114294828179096
d912f11a6c774f0e,0.03867973683265617
145c156520ff4f2a,0.07681592620467856
6483629068f74773,0.021286234024072946
162197fed7ec4516,0.05316052893306907
2bde34adbc2c49dc,0.01917317343955177
b1082d07789a4125,0.038075816293558315
b4ce96bcf5ce439a,0.045845149463272054
e512590c634b4449,0.8275517602628527
a6c9514642ec4fd2,0.028548952695675985
7628cb4dba524403,0.05092959386259135
3353355703d14a9d,0.13218854752610312
064de98121d04f45,0.04341335581002771
ba1f1c1d2cae4511,0.008516877299934547
c13a014fe8ac4e57,0.06993832059084963
aed2b5790bb7464e,0.02110255658468791
501d1f93c5474c20,0.06401555164518097
d6547cf1c6684283,0.026101791161345485
59dfaa27cbc64dd5,0.018875467260797897
c3656771f096444c,0.14767283599982517
dc95b080b0484c8f,0.05606286315483611
7a59000b1992468b,0.034508930535992834
4baa28d8108a4bd3,0.04019445109521144
6395e113fcd2475b,0.04747206638760705
e062b340c5134e33,0.017201586301017143
22e9bad17d614fc0,0.017046488780933018
2d00523144be47e9,0.06562193733099765
87e74777cb2b4eea,0.016119540803575253
286db6b1897048cc,0.04501524904671929
69f24a8cdbd74469,0.0261900157377429
7bf2eb6d7182441b,0.019095755151477982
4a21c838b3624150,0.2765055407762192
ccdf7d94d55344f4,0.10600648430109372
7f6b992fccb947f1,0.03459815241722373
5e8ca67a73d84089,0.043219828836416126
9fed2ac6ff054267,0.2960086597900438
71f572263d534e01,0.3303662631986973
5bb977129f47490f,0.0415690528059723
d3528c7653fe47df,0.025149688231951052
bc9549fa01c74ad9,0.05722378859675416
3d25c51650744623,0.11988224177813236
4d76ceb41c5b4495,0.8949676118097134
0358f5dab2ad41ad,0.017021113914269366
21d323b8a3c848e0,0.7196654067529826
dc844aae1873420e,0.7774613587326465
0f05394621d14244,0.13088352255502048
3b298242937d428c,0.01497921546709842
b9486d703bc646eb,0.10904184661471639
dbad827cfc30438e,0.03882429474997341
95802d606a59416c,0.06802409832626359
5553a4b2a98e4d7d,0.02668025328838596
07983ac857394ab2,0.4767582261649996
32b524e30f614a34,0.18973140836956873
4e8e1108d1334f9a,0.14915589204469812
b4d62a042afc4747,0.3660529749925646
0c96a81e9f1740af,0.027925937267044072
21329e3986274b0e,0.06763018300254206
30c4feb27adc4467,0.03550579713794416
5bf124a6f4ef43f1,0.01934423644852119
b56f223d408d49d7,0.03249836715335958
e6b04931107b4c15,0.024537607547235527
20fa705c32c14a83,0.01707271562733136
d61c4262617f4be8,0.06549372950225123
6b293a4d108448ee,0.3183235656587818
5cb3fb07d39a4608,0.03776264568435851
25df5d2e50674e34,0.019726257025071504
a56c9b32be2e4399,0.028973935950963415
b22d6ca5d8244f41,0.027389794849376016
5912c15de7c14da1,0.09874127403154448
76f2c31d60874a23,0.967409345833576
3b371a696e03436f,0.015190118474169095
803b72a4c2644614,0.026578476650291366
90f94c0d1b434ecf,0.07613122842029296
7335df8c16034bbd,0.04636996563656494
0803c1d115324a98,0.01507453953673361
ccca0d455ad94256,0.06038295217955333
86bfbe32cb21494f,0.0365351137883694
b87b300225d94d7b,0.04604906497478606
6200b7b9adc64fbc,0.04253600794855451
9713c2f1aff245b4,0.8875249277759089
8db25be4268b4aa3,0.1033961614740817
2e36a02344bd4882,0.019451718701753364
08b6286e2c3c4c9c,0.030622476440087025
56a08ae3b93d4220,0.09074417354078032
5539da97adaf421b,0.0650435332527944
511cd6cd2e67437d,0.020599990301881053
d7ec661eb1fa445d,0.021225456105622563
8a4f72827c37478a,0.09555329661367719
a6e5e1635f6642c7,0.5958782509266067
8285482c93984b62,0.025017928782951154
d089756833984724,0.045311360559756514
78b568dd0b9140c2,0.31417404802462917
82e7d1ea73474065,0.02899684847357864
f19e8d12fb854b27,0.02681713400685635
a0f16786f4f441ec,0.02549997154157408
975ad8c49f144947,0.027232258772973684
ca69e6f7472a4048,0.02980310284193984
43dc02515ddb46ef,0.04000983241633396
afb0155ddd2642e9,0.02436412039546677
3807e3e00a73470a,0.017184697896036525
d964c26ef733442c,0.009909934390361821
a6f746b30c934a4d,0.031216185110993788
b32963f235834d81,0.10143579687715783
b2577e2059ab4853,0.25775117770613176
1cfcd1c4278345ec,0.09462200998318505
f1e41bcb7a6e40d2,0.038981710399075505
dbc11101deeb4e45,0.016137239817712618
cb492f1d2c9941a3,0.047234668944102165
81e2f976b0cb4c55,0.025704319818900673
1437ec15d5944d11,0.0730595116750915
1c4ef826d6764b7a,0.043973753597518324
0124e9acc68a4a83,0.401650470770685
12ddafcdad004d03,0.04839411641312257
927de40231404e27,0.03941793848334098
8f4d623019ce461e,0.6526794123314705
8bd7a24f4416441a,0.6829350919502073
109f842015a34cb7,0.017706848514608155
e639be7146e24705,0.039289397752986496
c0f2933aa1b34752,0.7847140615249927
4c727939a92041bc,0.05270259232097437
5b0cccad9d66427f,0.01793101469005781
ddd4106971dd4ef5,0.03761623784599642
aae1cc0018954beb,0.8389376717168935
0adc89f28b194622,0.06264685377761423
88782ad049584e4e,0.029324793485815036
3dc3bcbda37d4cd9,0.05403023094839711
34ae13ee4ae540c7,0.042608781464520754
7082b784be1f44c0,0.0313776828341343
9dee6afc9fff445f,0.019245862084882128
643e5eba65a34a4b,0.13635188390047911
becfe077f93a4045,0.055366529434712076
1e96cf93b7704376,0.48085447007986676
a68f1297d3e04418,0.024538467003914287
1f7ec01bb54e4b7f,0.04677043378026442
315d517f68664650,0.15476420212797526
6f528368ae8c413f,0.08306328489079498
0c1a6dad092c4123,0.013359971083248373
452ef14bfd85465a,0.43072873140596235
8d69ae3b8af744e2,0.0351660302323385
81958e20ab2040a7,0.11673394382192184
026752fe631d4e5b,0.019259034314768123
22e1da395523484c,0.38099257514003637
ce7b6488118f43ab,0.01989517699201682
c7d91a5fb8d64323,0.5213577684205187
15c25656d9dc4235,0.07088001321017418
4825a47458134a6a,0.03746882710292472
5cb9c20a01f7404b,0.011317834447280453
4769c0b407474e8b,0.016261456664324367
a5b189fb91064a14,0.04060894352275464
3d657874b00c44fe,0.03259072722508775
7b1ed9c34d0c4da9,0.020475384594229734
4c941182b2f14762,0.06859906951926187
7fd135548c26449d,0.06673283310506074
72ed3e32bc0b47e8,0.8224446822372666
791f895bc9384428,0.04992031686584427
a562b3f615274261,0.05072971755795017
db11053da61a488d,0.46960548064504415
f045a68a760543cb,0.06141875953744339
d8068aa704594b2b,0.3444871939703936
2b0ee9a5837a480b,0.013935453428251036
86c3876323d64702,0.016032724973662225
cd2cf6a2f12e4c2c,0.0327273043804562
8075d742df624405,0.05192223110036209
0dd01c95fe6b4486,0.022164878070480572
61328d12a7cc4487,0.017436280472063127
dd85eb9f4d6949e3,0.3660969070042212
f640937111bb4324,0.0409625516795324
098d61348f754d5c,0.07749885173117665
3be9a64b314a42c7,0.017813594662863877
20ba8e5971ae45bf,0.021391085476128596
d8e65094463d473c,0.03564742178488445
23d0335560204a52,0.04379158380313176
cbb7996acb6f4dc2,0.04205729936857723
61300ecfcb354883,0.03821359859601798
689964de61534773,0.31126971870986464
2c22c4b008f149a7,0.3256175187264602
bcb78de0f8e74ebf,0.12832676393319492
a9c9eb27126b4e27,0.022332567307010154
edb5cb139746469a,0.5170560473761592
d93b006dd8b041e0,0.01094211879760336
ec8e745e43b24d21,0.0238556849060289
0e949c668f064c7a,0.03208491210367712
e85ee9b49c7643b0,0.020108273234833742
a646fed3c3aa48cd,0.027114779920386106
44297e42c77e46d6,0.0293925762850054
14b1af9a5bd44a1c,0.06339112180468423
cfed08b155a04262,0.052907379819464674
248e4f3114874f20,0.059685382666223405
b74c2ec0dac54777,0.028505585992332695
cccfbc9a03bc4170,0.07368166383054267
17eb6bb535624759,0.00809905911612151
6.40E+15,0.9038275566342143
72bfaff1ce284725,0.033392328482981196
8175d651fe4a47b1,0.15006271129278162
abfa557d72b74b4b,0.030596524611801144
35ed170a6c74448d,0.15754522830495685
2637e9f62ff14f8b,0.020492936096081677
07f0be0f70234487,0.11254936912739147
8deb7b6dcca14499,0.018350071697308085
d0c1d17da69642d2,0.015365067917612427
edd6db6ba02a4dc4,0.010513561780718291
3d8457ba3bba4b58,0.04638724139145195
5f22a547da5449ea,0.38237720866224456
928fdb7f614c4fae,0.4442577125076264
bca728a202694afa,0.01407869264364654
3adc7dfd38c745bc,0.24710432668001747
4b5ff063895647e0,0.012561689603488708
01a9e0c371a345e7,0.049816104581407505
dd093b4b840a4453,0.03448356508280086
53904467f7774765,0.9535030371300218
c376c4f045d544f5,0.15042537638781306
691ab246a5954291,0.13550745660187224
653461fd42434fc6,0.011941453669895883
b27ff41c67334f81,0.060918149175712366
fd4b414ac45b4916,0.022981179093514624
b166aa86395d42bd,0.5302241965523354
6275ef0d009843ec,0.03480191085733784
a6ff8f33349c4b6f,0.022653570334837444
dd34a74cc4a842b3,0.3119448397564747
3bfdd0f4423140ac,0.14631800405735762
a9d3920731ea40ba,0.04034660678250589
6570268ba4524d66,0.02617842196029419
ae271d7171d04e4c,0.047242990257359695
84dfd946bc7747c2,0.01781161606320581
47ea9b05c5174173,0.02797440020196058
42fc58f9111045e9,0.7213610701461701
d17a1336ceea4cda,0.1110423966059431
6360230053ff4add,0.04008626276635455
b570c7170e3b42ee,0.031357076818236955
b35356fd89284d8d,0.49531437922010124
3ec8f046d884433b,0.5653431562463865
18abec75126e48f5,0.08640870728481218
fc9813d642054ca1,0.023702639964604484
ca3f2999d353451c,0.008795989406946897
4035eaa68f914659,0.029989340577967448
050f1a7759f54627,0.10237666627883332
1f83ec8c85a54847,0.024205656033053052
3f4f6c610df44645,0.15782215316608822
10ffacaa5e3647f8,0.008385137252736404
c7ab3e7b3474407c,0.921271930330352
173549393b724136,0.019586889237019983
02f7ba153f494261,0.03002646838804877
a13d6ae5d55e46e0,0.033196596733581475
89db9c6730f24f55,0.0118315043111514
3734a9e884bf45a8,0.04802710706397852
0ebda28975d84777,0.156766678697582
bb92c518eb0a4b3f,0.2306342357547492
715a951dfc0249f7,0.023519086479816584
b6d545b3c17b4cc1,0.025838644923878763
af157fa6d3804735,0.11902378835461973
8c0397253a0d4204,0.13894697253950145
bc045525fd5042d8,0.01423259130262806
a509324e05324e18,0.032113452392033046
160fac9c42a44d2d,0.044197642964593976
3d91255bd80648b9,0.0864140571261263
9c5a757002784ee0,0.3196963985361788
8a620c97cbb94a49,0.04926828598106479
2855676f51f54d58,0.059222875459749136
0bb0f1961bb84078,0.025186251432488344
7f78b6e9314d44c1,0.05077400764816579
2a40990964a340b5,0.022943583360176552
8e51549a77714605,0.032576031343130266
7a0784a76bee4d62,0.031170203344184057
5c9b90e515134c4a,0.03130491972199309
66911f4632634b13,0.028035769652963293
39842cf7da1743a6,0.043118110542779295
f732f7774073485c,0.02404699249571739
fef9896639314b2f,0.032075364106810535
7cdd1362c2a942d2,0.046229209612097796
559b5e4998b04770,0.09210286449905677
15bee8be2d474197,0.030905506074818567
42bd73a59d294006,0.26564884076886014
fa9388d695b8475d,0.09013080405484658
b43812127e514de5,0.14417263371055955
2fb95807e33d42a4,0.009876661759444641
0cb3269f36f34232,0.05526383898497672
277f1910d0de4a1a,0.009979463187102027
8cf243867c054912,0.013642285799818557
b1217e54556645b7,0.17812840762235724
a096cb8413b04388,0.019162882730169188
8e4dc9e061ec433e,0.026899968100935978
d3961456c6b9454a,0.012501609921331638
8ab6c650d2d54f40,0.1068139289227974
603cac5c9a954415,0.1283316142565975
f62d9b68a11d4366,0.024999205463081754
54275a9707f04b16,0.041355886649227236
912cc31625a04c14,0.9101647283211994
ac416d8255664340,0.010968938816221562
d1b1ee78792b4554,0.024364961572450442
c99b9532165940b6,0.10724261744467109
533326a83dc149e9,0.03943397292071378
3934d9ccfbad46ea,0.03992518651226189
5b936fe0167a42d7,0.012498446696367283
aa0b5d5b88344723,0.03089045374521887
e19052dd05d946f2,0.6906077376073388
84dbdfef86794f2a,0.0361667943164439
eb0332ae698d42b8,0.03628698189481259
1a6724f285214c4e,0.5179639604609522
e27aa02ab1c840ee,0.05979764966419554
e666cc9a343f47bc,0.09168260795576746
4d0f071d890f485b,0.014577415802590154
5489b58456494715,0.008060571255528032
656de108c2cf47f6,0.037886107241733316
d83fd0a8f76e4447,0.04117047391396211
67d78f702c424766,0.055342629310390176
afda944ba75540fd,0.19046648211932676
24a7d864a172405b,0.05780972466381449
752a6006a3764aca,0.234281881696159
9b215cd100934d41,0.07318117620584375
1cead6a9b27e490d,0.9111786332504901
fa154ffe29d54683,0.037745146105072166
0443d51397014e7c,0.044094887948444274
b9e77cb8e01d4e44,0.039172780546331595
4d9a8d44354e4a04,0.9551172173231566
7d52a573f04641d0,0.03503803005439256
4a8b0414e57c4a40,0.020953941442499888
bb28fd44e8514262,0.023948094267119868
d528fecf463843db,0.05602228624421696
01ae52b79800414e,0.01856368303396803
de43529e5dbd4050,0.3325691893797205
fb1df7ba9fcc4398,0.015188667115867482
d036d03ddcce4e88,0.1234590510880759
f61123aaaa61484b,0.0414338689368406
eb125b7cc7e14d60,0.04330576017639514
aac48484c5f84273,0.036700248368287634
0ee15a51dc824117,0.09368260036422509
14a80f69cc5840ea,0.10506869057158949
ff580750a5be4f85,0.01380821947114846
2d4d9b1325cc4328,0.02491323136738684
5a3fdf7b65c54571,0.03472581066451394
e91f0e99547d44b2,0.019374683207961256
ca014502c9914823,0.011506928332550504
afd3ba4318fb4cf4,0.08963257929023555
128b136d163d451d,0.024013057738389867
81d4af7d445144e6,0.009223810750275202
f42cda776cae4bd3,0.013183171654751141
01df23414288493a,0.21813156372743783
05ae483fe3da4d73,0.18568459422848232
e3ef72990eaa4875,0.07117600540509432
c95171eeb4c24e6e,0.060548015304681034
c5bc69eb037b468b,0.5113139659704388
1005f6e8ef9b4151,0.2648421499214769
f7411a90ab944388,0.04731165816222145
826da0e74e2748a4,0.02536883124115492
0acd1697f92f468b,0.025760903043289096
fbffd0e3239e4783,0.0531379267504878
0fe3fcd95df64224,0.012264948071655936
bd1d0c0afae542fe,0.44101461864531527
9b24702bdbb2467c,0.0579909282188817
6b985aa509054128,0.029850095924282626
afeda10cb0194bb3,0.024759261179020876
0b3822363eb94369,0.37553466676125136
beee45f5702f4233,0.03260757443962076
52355c83d7024faf,0.05589472493295465
ca6ec2631ead407b,0.06737217013612656
9a4133857a1f4573,0.07786625101654507
18061801ca1340bd,0.02622754986366043
e56e4f9872534992,0.16330308621891798
c1281416de46495d,0.04220601780583537
dbd7790793c5439d,0.5573193547912016
0f459d987de14985,0.034414806484137986
f7efbf0b59b94b47,0.019117563847012162
da3428abc8444373,0.06402111678189962
107e96d0531a4eff,0.0591379605556977
33d2ff46e30441c2,0.01734380022286585
0cc2944fce944205,0.12190597181590493
3be2cd603cc847d0,0.31232003371199013
71e605d6258642ec,0.06493976845442712
30800da3652d4599,0.021541573116424014
18513a395d824e8a,0.7395989011215198
208a2411f48b49f3,0.156588109754618
b7337d18287d4ecd,0.039583449835862206
53125fe73f6a41ac,0.019851091047162265
d74e4a8476eb4fc4,0.01148628887981671
6a7365ccdb3a4afe,0.014566689764787616
09b6a82f3f594d89,0.0470654648581451
c2dee56821454a20,0.5944563646553689
ecb6100f7fc04ab7,0.018036171041516336
56bdbc20fcbc4cd1,0.0805692707301037
bee1186bdeca4d1c,0.25816650002325936
7db60115d807427b,0.0266568870913065
ae176133658a4250,0.02739426736679846
d7b0573b3360450c,0.013370388335025091
4bb12b1a7db1474e,0.027553075342707383
21778af73d1b4eda,0.022381240034660375
479722e2087947e4,0.8087073656307663
ef18f1ea9e56456b,0.05345455741771713
63f45c3612734b23,0.018683345226604215
9cd53b9c77a34788,0.15123270411461795
4f65291ae78b4236,0.009964708986322285
251a8f5462164536,0.020230115260961933
6cbb2dfb26064a9c,0.013585314579003454
22e07118a82a4be9,0.05448088063885288
fe8ccdc79cc14552,0.01428377826537221
81e1eb3dbf104615,0.024169642999141303
8da3b19065a24c19,0.022389360991097923
d0a573a8f0644082,0.01856122754726003
e23a2cb4087540b9,0.22888560233203972
a1994be5e9fe454e,0.06235340717730966
9b218cb229364a4f,0.010128721722194544
7b0bd496cad44457,0.08049640234601259
c7b26fde397244af,0.02466128298627265
eb5dd81c42734d32,0.015971918378040354
42c0c7e291454024,0.08130826052798898
112931fac35b4860,0.030291119605570127
85f049517f204ccd,0.06953787238242719
148b700b04804e9a,0.04943650414277565
f29450a9a53a4721,0.022155081765761888
d107656eed6e4e6c,0.0619563667727336
c987dea4f9b94b43,0.8785520687188638
6.16E+15,0.0235927763818121
71307945fee6431f,0.04077427491333366
0a124c8e90bc4ce6,0.7369465134488825
3a5b10e9e29a4396,0.0535294029780188
cd0b58d7544b46bf,0.020866854329205247
6f0ca414e2da4699,0.022338704412443885
48edb9feee634ecc,0.07835291745036044
b841496b335b4c46,0.07517792223167033
241d2236c7bd47ff,0.0564470032467569
35dc61ae60644dbb,0.052867301049343174
5f7d695124764686,0.040327474339453315
120e5ac2e25b4abe,0.39218625077768043
328e2abe34c3478b,0.02252789124704565
463a1b50fc8946c7,0.33437360652825515
c468fffcf18440f2,0.05074251076905449
bae1119efcb84395,0.04407786167721661
248a03821b394c7c,0.017561691051999544
c16261685d104b64,0.06126216577801351
c32d719510fd4be1,0.027273008499585676
594acbe0bb2b4ebd,0.02969543536405663
87ece43c9e1f4d0a,0.020580840652108922
c1d867ca32b04d82,0.3787490079157828
4091ac229e77452c,0.022730577423350492
29876b2141364650,0.8048710262770212
b89ea6e7497e4cb1,0.34998248532922344
d8d6e697969e49c6,0.022648578340719934
a6543f30ad434d79,0.06897084111181993
fe189e9ed32a410d,0.02105553885870572
feb6b3f83f944a17,0.028704101140234466
2e6070402d9e4adb,0.03162689095032613
0f261993f5d94db9,0.08447483258103083
3ed6df499c45419b,0.0349392197410456
31214d1a42dd4b58,0.014561407638909812
7d8c6b4102354991,0.02261496995357079
8b367f3205b447b8,0.11122210164375931
c313fb24eb844c4b,0.04363240496616039
9106314d4f214bd4,0.4048316799421922
c633938edecb4e5b,0.05502554767510034
6ebf2dbd92664b00,0.8323072319616538
1250460699184ded,0.01554533211006028
53258a28f14d4da1,0.02362748785067719
ece0e728cef449ea,0.9438084257531518
d37da56264ed4401,0.11358362977788927
abbdd2ed8b3a4165,0.019118762477209138
04b690c73f1a4236,0.03992506868621053
500ad81baef04db9,0.014201392684894235
a65fc58c08c94912,0.013315866216983264
8dd50d6bdab24603,0.17360324923776876
838e3edce0c4420a,0.10103580096479063
c36bdc25939840a9,0.5334188925822643
b35f7c1d84504943,0.023545786142900326
631de99cf7414a3c,0.2603121515821881
c02767eceb5f4ebd,0.22583362155516168
18952cd7e1b348af,0.7084781579512042
54d1c25ab0914e31,0.024055846178112298
2314d4e67b424fbb,0.04121518719861581
a7ebb6b9fb254413,0.060165537020808534
fdbb640e36da46d1,0.14102401772002293
41b736cef3db4cef,0.03205546324056181
a388babae9924365,0.05737209321499163
bcbd91496a48418e,0.31467067225752404
4cf99f69e1164c97,0.04224650763538875
ecfc34fcd26e4504,0.04538326549784198
25aee71a48d34e49,0.38132717994179127
a7127a640a6a4059,0.029873685356417296
8759c84d73ed41cb,0.9001407293227774
af83a243a0224e1c,0.020664807775287404
bff4cdda965946b5,0.02451740660235392
b620a0b1870748df,0.0339220402159804
f5036a2b449b4911,0.5280727618842478
067efa11044546b7,0.37616679136058445
513a821f9b7b4995,0.02098416398115749
cab81f5f50a341e9,0.03902193422888901
a055ee5cd7084d1c,0.07535316659942762
4e98cd5a4b3443c8,0.6975893305144043
9d53ac014cc54764,0.08378893015028047
6138d07cb7c94b57,0.12281546369787015
1bbce1dc95194992,0.020385736603683285
c31a6acb36794ba8,0.055085617994034886
95488b7d387a4bb4,0.013149429119974687
7243374c8f8e4d1b,0.02210641258742
a4181a378dd54187,0.024533850964197645
e9bca6e6ae6d4b9e,0.03757639799967381
23713d969b2f4016,0.013494792558029697
9fcf5564882a45cb,0.2954731086498429
f5081993be8d41e6,0.35085692033766697
ce71dfa70259425e,0.04300217057969039
eefc5c70a310439f,0.19005726066823544
2f1cc635c58b4f13,0.033955096096296176
16b8e27bfa9c40fd,0.03995541873574916
158dad67b9b843bc,0.03569296741080343
dac7b569392c4703,0.046572295992539814
c22bd24cb533483f,0.033695980346516906
820af2984dcb4610,0.044143086954006934
9ee7f41060f74198,0.053991618455182744
6537dd3df6b641d5,0.1896189231431354
494fac883d014f21,0.02752823922938829
0c4a2addc55148df,0.4962067632606166
61d9d39d8b1a4c68,0.016862462827279955
e5bbfd2be3534e29,0.18754616298837817
22e9bdd95d664652,0.03601953726746533
977ddce0d51744da,0.029598497779873056
9598581daf6d4a3f,0.03788331403654647
43805ffeffd54b44,0.01601583070456556
3c63f91710f2411d,0.06165533885001904
38569780bd4a42cf,0.11223694081201929
1534b8bb70204dc4,0.019010856058266377
061897fcd8564ac7,0.03945999241442262
3a710a751da74271,0.021063769371034515
43e3609ff5e84669,0.06240688218870362
af45a1a69d084853,0.9142690759859647
74ec5c4041c64359,0.04893578631085258
ba7d122c14614724,0.024255797947440462
2937b356040d4eab,0.018520027861271188
f04bba4fc79947ae,0.054648388867564436
efaf7e6ac2ef43b3,0.24794827671558822
1275c73d40ba4d1d,0.07049539163860166
395c6862881d4bac,0.013938226421251362
b80512f4e5b3441b,0.05465244108071887
5e984ca1803c4ddb,0.18013578228706115
38da6647610a4f39,0.9122249291377786
e8dd568e0c3f4ed0,0.43758463824905636
b7207b8329384a5c,0.8879668600623655
5b01fc2b7f624094,0.023194174429980886
39307fda03f54082,0.37897565882873196
a671f0b71b924c5f,0.9631327340424715
9caccb9de8ce4c6c,0.1477296392845244
368e5d0543c64330,0.3759582452790878
c11c8bf6add54257,0.0704200416507984
6845a1164b974e04,0.054155355431609854
34e21ac70c1a42f2,0.07366161577597882
196655b6a0fa4b4e,0.031481181363070466
9f4f398a807e4adb,0.04140726605103125
546a96c36b054308,0.022547254545329142
c2888dd692be4fb7,0.09008942019157565
81c89dccfd0d44b2,0.052974148924005614
71805579122e4682,0.09944416544664378
8a2afd4307ed4f86,0.03784640379700381
9d6dd3de97704e03,0.03995233089708149
0b2f189850034cef,0.8340870834034246
3e3c3cba49f24d45,0.022262096192499446
e9e38a1ad6fd477a,0.014233518510125701
8958276bab374660,0.029864035895325453
825924a8c9fd4066,0.18178294476809861
76148736a2a44ce4,0.6509320190594022
0710ce6d44bd4186,0.055505653623794324
eb862a9c23e24b17,0.008994350354125932
ef862fcdcc534828,0.8760466600799013
f7809090754d4a6f,0.5173600454825366
a93766e0171e42f5,0.02952332590246349
7ae9c64c15c8466b,0.02768783444440446
71ef806d08c2426e,0.18394475061554974
47c7e7546b23482f,0.07166693488916573
59a63fca8f7645ca,0.032195675283933065
68a026030c0a4833,0.5567805320666217
04473d3dad6345af,0.038998257655723845
550e16fed2194018,0.030814959825111992
8f55860521e34abe,0.036872428902039886
245c5ca388a24fb6,0.04474390384994806
22b534e7a850447f,0.04098676061643468
9fe6aa9db6d14277,0.043263187542112835
a5e047104eeb40f7,0.13572010999886297
a33ee37a131e4d05,0.03600558142415968
6a192dcd593f49d5,0.05754784822512686
6bbe9bd62702459b,0.05167124651570969
092da479fa074443,0.020368766026946726
b7d76867d92b49fb,0.28803837265308657
60bcffd5625942fa,0.09020245757820747
5c85ee38dfa84964,0.02901848711996418
bfcf9dc59ecc48af,0.028950396565130293
4e60cec7eff24d46,0.025804789859968362
392446af85ae4810,0.06648786945537807
cae5ea33acab4c4a,0.015987947761159985
552c9caa4f85475c,0.07554464728372468
d44b057c82bd4d22,0.11099803852860199
f8ff7c30cf2247d2,0.01267844968414844
a1885741a95147ca,0.02908701197997347
629b556e065343de,0.07747418912540469
5230019a775847b8,0.031970459997271085
97451977bb224814,0.008877658424124883
c2114f83b3744943,0.8402570766169284
2e98a7a5de5641e9,0.03438212139040552
97744f8071014621,0.23057383356645084
2562877a120e4c36,0.5849209002923059
7ad2df2cf8ce4c48,0.02345059588240108
52f31e0304394d8c,0.02623419738634044
3d13df49ffdc4872,0.05303287296543193
e4680d4956314566,0.04318708868552249
3827abfb2816405c,0.02166514592720746
a079f6eb0f7f4d78,0.023816996297669542
9d7bceb803dd4303,0.01968289996806129
115f17cad2e04622,0.012703979682086511
d3749124104b4eb0,0.1318370288722027
1435ec224aff4e79,0.012689467467160468
7b345cc1517d40cf,0.11893119467944424
b663af4799df4ac1,0.16665282280378438
c14212bbbd5a490e,0.020381211156781754
43cbc0acb4344083,0.05540905527011297
8c959108ed0942ef,0.016661274413780302
84689383496f4f6b,0.033415635588292726
53828f6f9b734b74,0.02149270650015982
5921c01914294e4c,0.024267023529361005
8cdde39a06134862,0.36413290556914363
dd1501999e7548df,0.08133391132199852
bee6db8ab6e647e2,0.014939820905295432
f25e84fdb75240f9,0.12544591001837307
854b68e97d8d4d84,0.02418933028081221
bfa178ae67d4429e,0.05977445254364475
d588ff482e32497c,0.0519402993616412
1c447e18830b4d92,0.04490713581192405
aa21ddbff34b48ae,0.020454782250254162
8e8f92b9873140a9,0.023230582937547938
b4454a92c12f42c7,0.6511853774993315
d719acce49594031,0.014612506136791764
b2fc9212f0594aae,0.9228299514448904
66f8c471f3484344,0.35222911130348195
096e8df753a84894,0.05481717561471557
02b9d6c145864c2d,0.025700748865662825
07db3843a2c944d5,0.04214527355163698
738b155ce5ab4de0,0.009988163552595858
f8f4590df59445ee,0.05662817337940125
da48b2fac8b542ab,0.031156490618336714
7ad6b6356b2e4c6b,0.03712054908454423
0e8f98ca0ce64a2e,0.0180020530166879
dffd177f62394bb9,0.13093001471755578
bb100a6dfca2485e,0.02738826604976774
c30e31548c7b490b,0.021961273747181626
b38209c7371f4e11,0.3568842813423358
78f9c436f8fd4a35,0.0722197895759186
0b057bba07194bcc,0.02478209329631001
4bf62e3745144c40,0.524619425090098
ad4b742c40df4f6b,0.03249855197681765
fe0f1e07e67d44b7,0.014497574327306745
95837188c9204947,0.7658784980047868
a6a825ff38eb4b13,0.02231250024136873
ac4f72d7a51348a0,0.08087253405717901
10172383e50a4cf3,0.05758293169735083
94352614329b47e3,0.02298909899841014
9f84a0bea24e4f3f,0.027145195058598897
54b7ab0435514a9e,0.04989824999367405
deb87c333ecb414f,0.034582850234872474
ea899ebe78a44f30,0.023061087967020763
c3ed7725ae5247d3,0.053061289517018696
2132b4bd7a51465d,0.0243979228636698
bfa9086929234c93,0.022434786916211986
13e9903e1bd64d4e,0.010393150924752612
5c1f71c097fc467c,0.02793378753358237
34804a86209e4a93,0.14842415058866207
6bedf1e9b67f4562,0.2321697469607694
8ffdd74ef1d5493a,0.0221263766241748
1dafa44f630447f8,0.019400590907916855
f0043a0e5e9c4ae9,0.8851872862090022
0a4245982066440d,0.02907624067427776
efb1e3463ff446da,0.027850736825963496
8bb578b427544ff2,0.13560663169794926
7a0695ebef0a4ea1,0.11613797675637208
6c729c2c6ffb4180,0.030191361328131883
66acea876d0a4517,0.0185242870668725
7512dec94b6343de,0.4148018146929527
065eab1dbe854c1c,0.03132477057939677
8c832ead2c124ba5,0.05755469198818806
ec2f51f9960044f5,0.012488671747843181
5ecd6b074373427b,0.9055597424301466
2e46a4d5f8064f56,0.055692788505623834
22b3eb7b88ae47bf,0.7128193554265744
24bc891e4d83434f,0.9397250256377123
422ea6b2006d4150,0.03514101628543961
5.20E+15,0.3293687598718352
5be6e434085841ab,0.01771677420089513
dba6f3d88d9b44ec,0.044245143041399884
7b15994223e247f4,0.021693958150809878
6fe2e369eeb7431b,0.08707200252649201
024270980b2b4baa,0.010228003290967066
41d1ea6bc5444558,0.030607633005280004
1c0be589b0db46e2,0.13068094102623262
44d7b67561884fc2,0.034230702772986316
8a9e0ca71b4e4a72,0.07212744732588028
e05c1891519e4e51,0.03417238386468726
bc82f92476004df4,0.013474459839159725
c2d3f2cf948b4463,0.012258521124583475
5a32e8bb68b1450e,0.06350556733953945
433263c36c0e4e69,0.03680927409424455
08e7ad51d6a8443d,0.08160683965287302
a2d50c45e3f94beb,0.007665497423583925
1874c08320554f71,0.21048490410038587
1a227809162a4c9d,0.2636295661037429
db6ecc924b9b4316,0.01984921903993264
04b17bceb9e84f98,0.01737562979601147
16c7fc74ab1648f8,0.33643617441832957
7a618b335d584412,0.007919900841193126
7bf8f5a352544833,0.009997016725160868
aa10bfed3ab54683,0.025696567216396415
bebc09e9fe79449b,0.10217620340501954
01d705a060f6463b,0.1979071064386539
c76ff94ad5ad4e0a,0.06964156232565584
74bb13792e4d44ee,0.6255627514961526
c3522dc88a424489,0.06194360947088891
2041892b6734468e,0.5165584750285903
8d9e0c6fdd3b49f0,0.09316625566641708
b914c30237e44dec,0.5408288294825037
2a2d597f7ca44f4f,0.01910729848024311
40794035c5be4a98,0.12476079218059591
95688025861a4c05,0.031607128256242026
a6da9eb52063478f,0.23345987733219659
c6b5cb976d304397,0.6955780556297123
c9837aca542c44e3,0.025261070297607442
9770eade62f54447,0.22684832398001573
9a7219e5962541dc,0.040340808190135954
138381897f3d4c97,0.2753297706774577
0717babc1dc9430e,0.07717949835479987
357179322a6140d7,0.028215293994780545
1e70dca040cc45f8,0.9305883586115943
02d6e877c476423e,0.053319968517037596
55ad3dbf8ada404a,0.042651309496601966
589976d727d940cc,0.007932381903501958
0f99acfc3b3d4444,0.0704784112628142
634666ff952b4c25,0.0339199755700876
3c04b5f431d947da,0.8178953765128887
650db9cefb81480c,0.7457097836378105
3a69a618cdfe4e39,0.2313987842613035
fd671529076b48ad,0.2014541179472451
d228ed31b19c4598,0.011935085093579184
de3109b8a5bf40e4,0.0209270660993776
070ccd00842a432e,0.21081700267830888
0d8387fca7e64e8d,0.02680823155162871
2b0bef856e7a4daf,0.2624870883266616
350cd523a9a543f3,0.028125976924666767
1dc9f3b71bd74585,0.02162231635525767
90c9a85fe2564b67,0.019945442857366602
1df75c7588944d34,0.7916845395542265
09c8f51c070b4198,0.021491326663003928
486b2cc55d0a4d86,0.7695188135243747
e9dd60c3bbd344b8,0.12899952175077983
1daa555d197b4009,0.12749072582153456
d9016629f25249a2,0.023148402013523965
6007f2c360a14cd1,0.038851733575963235
6ceee53c0bd04235,0.054378784213372236
d83dc4f8ad6a465e,0.05267305160264792
bcbfeb79f6474040,0.03690083606086146
46c48687b2c448fc,0.09455613617888578
0f984f66c80a411b,0.02505000216417988
0945a8c06c5f4a31,0.9656979664979781
1dd8d9e45f6c4923,0.030596425680003127
3e92e2955f0242a3,0.9699079666451572
720ecc65016b45af,0.7177051271628109
5cf18264a22e40d3,0.00907704868027727
aed13e7949e84e30,0.018036529744422547
0914f769bb594961,0.0233129486814549
22ac9d0978c84e03,0.3728895344154577
4c370a9c3750439e,0.1695571004093865
db3a97d416744793,0.01878046094968906
7fac3ea157b94f8f,0.03141465132929308
bf82a009813b46cf,0.09565065010254661
8a65caeca92742bc,0.09544729666339379
4464b92329224d3a,0.32556183118159393
0d95bca85ea44a40,0.024085998836946353
a45ab5f63cc24fbc,0.28675321340965726
ef0250f8240a4775,0.011511644989916098
28d116824ef04b20,0.03828793603092294
6edd25fa4f8a4e1c,0.2835571818634853
59dc2ba65574499f,0.39997816143743936
330153cb6aee4468,0.051277713276904294
7c932b9a79bd40d3,0.0134033617998781
38296fc8de144302,0.08914833909584007
66d6fe766c824076,0.03209862463971706
f94c6a5783214eb4,0.07140971841252139
55f96b1c3304428b,0.044710031245729094
e5de068a09864ef7,0.10304103907704314
c607c316a8d94f10,0.047273623290799885
a1dec586b5264395,0.32945409688824895
8de43c8e1fa84d69,0.03354820529416767
2e42a63783434de7,0.025159499581775747
d665b197093344cf,0.3105419069120923
fb127ca8c2304c77,0.9146388587610982
dc1fb2e791f74fe6,0.03913101041454465
b642e6e04cd44a40,0.851622996327265
4427528217324c1c,0.010249211329895045
aa833b57e62c4a23,0.035418275805585056
ca7ea4a211414e78,0.013898088113018226
a7956bdfbffa4329,0.030431383609780045
32207282b09b48a1,0.03996314050070543
47fea694e21143e2,0.3117366668076322
4bab77013a034845,0.284160815579782
43747c2038bb4129,0.02998274472434239
6f6bb1c4e1e14f4e,0.572124034993556
82d10b6e783e4c4c,0.054251865605851726
6a2541d66ce74698,0.054471032405835104
2dc413a39aa7417f,0.012368604466780595
03ea2c0c79394934,0.22182853275149544
d1b5d8e20349493f,0.09407667472147939
854340bad4684cc7,0.01639287788249772
142fefa3217449e8,0.022648455453651135
01c2f981e8e7401e,0.04423213935751043
b818e16f687544a7,0.16692191886554344
d4719a51a8374496,0.03175557873790062
f9c5870887874dd7,0.008406570780803924
7f411442af4349ee,0.03734701298194232
b01a0357a4f14656,0.014902720478417494
28ec1866a3804e84,0.08876819534998345
ce3ce037164e40de,0.029449775334145563
86248c73c1294f3d,0.032455559235876105
47b401ec693047a0,0.043253664872344944
bc6bec9ec46642c3,0.022318715945490238
260ca56f855c43da,0.161151546059679
8dd46103beed4386,0.05706240961538449
67cdfc1ddf234896,0.038361606584444624
26e79f26b56845a4,0.02547963655415807
9d1fe16af6d246ba,0.01546598166617379
9837bed907fd4d70,0.013630750699715893
287a12f1c08d49dd,0.034536371750194354
49f61440a699461e,0.03634405864318251
dd6fb04a300141af,0.04642809334230008
c6293f70816a4885,0.08439323637485734
c92e2f2284024431,0.05379245553310384
89c704aafabc411d,0.021390446614167717
250b24df7b6048e3,0.03947202421047802
d42411a1117547c1,0.05314841406206838
d53aadb1734b438c,0.01060950516552141
b07fce7d51684408,0.010252517557961105
f46efb39f7914bdb,0.09677500621659517
0ebb89cd78b74c46,0.4086712489321435
3418c33d958b4fb8,0.42986223612040597
20a1411fc7fd425d,0.0284633487353044
a8a6fdcd6979436b,0.02098761122705502
fd7f1d0762464a8a,0.04499083389798331
74f21939a4794ffb,0.04185444619657576
6e139305e90b4ac0,0.04743208405224021
4fa3e7bcf4be490b,0.03347640901658339
1408338109f646ea,0.03989751137686617
a6fb4fe157064c3b,0.04675479100932025
6b27308d6e0a4e57,0.05084901351715412
48f815b79d1f426a,0.03223239554371071
a4c6d5a86a704e9e,0.04421923150269803
6ea445402dd74846,0.01525983692317163
81568755e8764c86,0.6445849750944782
96b9b3a57e40404b,0.017716588640704356
f24090bb944243eb,0.03575092090883732
560bcf7956c3400e,0.043937130871362765
10c7539166d344e9,0.016334570519306583
42f3c067617e45ab,0.04849081236731599
567b225ee76a469a,0.03366005405057708
2f005397fb944166,0.10879140544222263
5b498418762f4310,0.02688763400933311
ad35446dcee643be,0.18385577166308276
d20a8af3a45f4fa9,0.07491770822885042
271f22114747416e,0.03598036791721594
ef7056111a544d6c,0.10717665074705707
f08e89b4382a4295,0.062280049918742655
bcf50fe61f9a4f91,0.013561245338788597
aa5d85971828466e,0.6896905532107604
25ebce18e1f24285,0.025295768153875953
8f95839e5d87477f,0.016698696040077204
64eac5f2d9ff443f,0.04107263686475672
4317215af34245a1,0.02447603477411802
54662b9ef7c54c0f,0.03205966271944284
bee1dc776b274c2f,0.028359727425708182
0c247751093744b3,0.07136053154785897
365ca6f5b1dd4f59,0.04850866214126309
e5b635432d5c4720,0.13987692387892067
e2a54febb8fb4704,0.07617274697137186
008e4bc44cc74a50,0.13287441661640192
af650cc474c54293,0.029525255338977364
f53594f48e5c4b65,0.022597835018461587
ba989985037842c7,0.46189290157797797
625f7d54fde140c6,0.06031535058814343
c762580de55349bd,0.0363167959014879
7de399910c734eff,0.32755474849912875
29a8e431188a467c,0.0374333073414177
b81f693490a54110,0.035133051029869355
c1fb420c93ee447b,0.02863657606915087
8eff390fcfc2437c,0.046574580775004044
8f02b9e6eea848e6,0.024455216141389666
a3452e67b6dd4c3e,0.7829855319177949
be5d660073a84d08,0.040455206013602016
d4bd50baffce47b4,0.1439036338253298
b3aff2184baf45c8,0.01232757342964859
9a1a61842c714bcb,0.025010329983793888
0a268d2720f4494a,0.010807260338436361
654ad07f9cf6428c,0.01088745517816819
d0686532f99d452c,0.12885169774041233
0329b5a2e6cc4caf,0.05820593059728298
4c95d59a95a34da9,0.17430134180347312
ec1a2631c60c4693,0.05622863629782474
54c219406ac24c48,0.049286177677814416
bae97e68d4654c2d,0.23128118281086335
9270b9a2ac254340,0.03728883222097348
fd732d77a2034e62,0.19076144916630536
3dc473926eac4ce3,0.022025640281050383
2f5dc1d83b934d73,0.9550023310168368
7a34997536a64946,0.18031577477162888
5dcdbb345b954200,0.017252548232527535
0f178f733367430d,0.012207458593753353
8544fe8017a347fb,0.03196828207609199
c1205dea001b409f,0.04807547365602229
4c23b81cea594417,0.39153400972700075
d4aacdb6c35346ff,0.07384791965782514
fb48bee6e2984252,0.8746659997369782
158918d019804597,0.0330983812086616
724ae523e6d0440d,0.631438375103583
fea85b4bb8c2476a,0.5296229942551618
da85a9e35a444dab,0.06984482293846696
bde9b9e63e8d43d3,0.013813013490094006
e1c89c6d3d2e4c6d,0.013524078418048622
acf5997e5aaa439d,0.020310916059542737
83c573abec954f55,0.01312393030191536
302fe89222ec499e,0.009533114515650287
c9c1cae6a60e4880,0.015681359775313534
8168a402c8964b86,0.04783584693668187
69e2a42c23b5491b,0.2095730151735832
d76cb21ff2da4e7b,0.015578450301107499
c18bd431929d493e,0.04883317589369225
a76c27dc3e374623,0.015266944018143224
34ac22ce9c1440bd,0.14934160527101292
72572c24857c421f,0.03539124430643999
1c19b7190c074164,0.04640882997179513
5c83c37ffd214581,0.012237872379644889
d5c235c2465b40b8,0.03183706793544406
758e463d7a3843bd,0.02762705945422177
16eeaa9388ad4c1c,0.04806526466491789
97df988d682c4a0a,0.5827790058862435
43a402420fc4403d,0.8799557117817074
12933df76d9445e2,0.028883755637513508
b4f407218eb2431b,0.5263892481272882
ced81a817baf4e55,0.020263679404562994
02aa6ead4c34483f,0.026479837106939318
e2417b5896b5480e,0.04964351609153404
c4ea9878499d4fba,0.059999863060784954
2b32fa4a93024877,0.5866594991071388
6c07c396c6094d7f,0.04472621425464913
7e218982204c4e21,0.01431284332678169
58f81c8243fd4d7e,0.021957395511962984
76af907f0cba4632,0.011365350245955872
58a7b0dbe0e247aa,0.06794737161709319
c816e5a4dfbe44fc,0.12316699895659822
11f1eaaccf7543c3,0.04701892413873264
5abc73eeb4664654,0.03323924643040734
9624aa5a55b54f34,0.02815214912109054
b5c82048ead4400e,0.012854460964907454
b447a9a5545f4986,0.01850003872796311
abf9758483a64845,0.037364716713457466
d0642beffeb141d5,0.9116463728307009
2bb4e0e09ecf4389,0.018787004176359888
a57c4250e9ff4061,0.0391050288617531
291d07cb90a9493a,0.042313833735785386
1801713079c2455b,0.07599412010087138
a5798395d1ef451d,0.04413921299302372
b1dc6f76c1634696,0.022902766738261752
07ca0d0c30f546e4,0.035402220963785834
4799bd8d3e764e07,0.03028434080904372
a07b8b09aae7413b,0.12779090544783236
2a7c51d1aca24a05,0.1267110434744846
bbec7404571f41bb,0.008943087187068674
2f96f71b08544a64,0.13009797761069058
035dfc9803314197,0.1905190622162985
ba5b7201ea484c1e,0.04052544831091508
d70a2d9c26d949be,0.018194449303253972
4f3bedd14f574808,0.026782295634725874
1f707933a9554d83,0.1051795063810607
e47bd710201847e6,0.5744684137879179
60e9788ec8d44ff9,0.021286152961476745
05f26e13d5a84911,0.030758145255970214
60d3d00c413d45b7,0.05411250387783288
cbe1e0f41842452e,0.012842249400728733
9825f7278d624467,0.027440094768615354
ff14ae02a46541de,0.02461350860939435
1cac970be8f94dec,0.062255429644085925
07bbde12b93a4725,0.07097962011469114
50d6cb1450024d9a,0.04441783735851496
89b1ffd52df74b43,0.04595145227239902
022b28dbd2504a4b,0.03472656267145064
869b9bee5a99495d,0.0307212093188907
6a2fea0995f544cf,0.009423915560345584
2743f600ec824a6d,0.02162843220250902
19907001c2ae4631,0.12598312125196745
fbda8e0933ca474b,0.02926568730979993
c521bd0d0ea5497e,0.23138237685547108
ecbf85db4d884cc5,0.03186451982179429
7c7384cb9faf407e,0.05520922255189985
74b0cc468aba4026,0.0282619580155687
6c5d77c8fa4f4202,0.017346958705117342
70ef8a0df0ad44ba,0.08719694706031086
9dc33d26f9764ad5,0.017444929655490406
d0bbef3e558f42ef,0.16481943389589876
3a0b7fa81b544cb5,0.01914493167040811
4639ded4a9b24c11,0.03588316163796404
1bcbc3153f3b4ead,0.02453843523742562
3559f273abd54ddf,0.017381299557774288
345470c14b754b2a,0.02189164598148105
1568c13c1db1464d,0.13772249703942596
e0f9bc7b122e4c0f,0.15870727350507155
96ccab73feb24133,0.31722698967403773
7c6b73bdc9d14db7,0.012206847154979591
f08ec4361dd847aa,0.016910406739169263
102f492c05fe4fec,0.029941585103372387
0ef05efe62444969,0.02953636774022248
7466ff9be31640e0,0.009717659498574973
20c9a4c1274b4801,0.18424539618613628
0e5fbc549dd44a09,0.04562571922410537
e42f872001264ba1,0.05813759190898511
fbdb72b7da52498e,0.0409799117166316
b2c3cb9b7ecc411d,0.013826418709157424
f3fffcc04dad478f,0.038544776481579175
52e4663a387c410b,0.020595919984476053
705173374b114e26,0.08699419894815659
67da9cf2a8c442bd,0.09981112609763332
f989ea948f67437b,0.06606472927689
6c6f27e0c56a422a,0.341524292904917
e1d2eccd62c04090,0.02216465443969013
c24aca146fe34147,0.041180056699178375
da52cb3860ec4f6d,0.026852840681407746
a077308cb05a4f71,0.015334712233611155
84dfb442c4854ad0,0.03942112600170973
ec9a8f9b28da4483,0.10260104670620644
6d50945c88a74729,0.016755480131928797
7d485fb6a2a742aa,0.018038127252000328
60085c14b2f04081,0.01740031409694207
d1968d06a7334637,0.054918594505504424
47b2aaf0b34d42f2,0.6390592967150786
124edb2e93d84070,0.06039441263769335
3601461212fa4f36,0.0988945675219802
731ee59d1e194255,0.13163020104897988
2a19501a86dd4722,0.2933687461342622
8e7e365f6cf547e4,0.028731826744912693
82def05053914761,0.03586111414411318
c7a56cfd9b8344b6,0.025752296777721794
f49b5fd97b4c4f0f,0.01699300753398162
022ac9e45ee34376,0.5954642350219548
d3d39978afa943af,0.008870553708062126
aa5c8b82995247be,0.2034797136733625
e719867b856e4f24,0.03885113849833459
f8c30456e88d4cc3,0.36483732854592016
3cecd9514ed1441d,0.1093816657931875
86f0ac0491524c8f,0.4475093288439207
7ecbf71bd39a428f,0.03240854439897447
7c0255f838fa4132,0.3694906539318591
9453b3cceac54d63,0.031237214624082955
a576bd5c44814e53,0.022425028596591505
8be9f7e2bba8428a,0.040451904242865946
e7bacf10ceed4a30,0.039497648015944506
7fc0620e982d4742,0.016891823537883682
154844ad11ac4f55,0.09222616526751676
78b72751aa204a55,0.0438818032623973
a4728265c5574e48,0.015737050093230072
609b3731c0d64d9a,0.10435891364991004
39bbc14501284c5d,0.03689960817234633
febb08bd502d43ac,0.05825726442460678
cdb15b31128b4a45,0.13271885679068524
3eeb7afe42fe4b55,0.031546741664959514
e96909b33dc146ef,0.01844007228265507
8574903cfdda41fe,0.09835007785538515
c4ba97ee72af4c82,0.027939002169249817
29861b986b624ec3,0.1309859051962065
1e5be21ff1ac4749,0.03449793567867728
de7f3d38065a4521,0.05081916571609881
a8ecc19489784c79,0.0400694409858546
ac54cad8c74f461a,0.07098823111066303
7b284ba38c2e41ba,0.036292781509996985
7aca0fe42ec14806,0.18663491336134558
991d63736f4a4a2d,0.014995330583648372
dc13243046db4bf8,0.3615393927911096
5ace7babcd8b4de2,0.03716736878317313
5a55f85582ed44d6,0.023617511040566468
0c575c319ced4f43,0.05360302454458173
975d1e20b4fa45e4,0.07394090135456992
159aeb111259449f,0.0147362594582053
6c63dba628484c32,0.7253115057342918
8ae3e42380b8488d,0.012820368947223573
f176719634ff4817,0.18363457511926767
2f891e58a8804b4c,0.21906455954944187
a5d6b21a2330446c,0.7186389694752389
4e9fb1add46a4c56,0.0220346676709531
baa09854f72f4bfe,0.03717661025655481
bc83d7cc323942cb,0.04162377147603028
a318f0f8cedb4441,0.12201108502535803
171b44a8c4394dfb,0.020281181527908858
f2eda9ec0c444902,0.17611262076428594
dfd80d3227aa4805,0.3873297026100968
6b93a9623dce4993,0.45126714438768606
7524575c7b724f65,0.03357213546811116
b06e0b55d65646a6,0.04766372816478335
aca64bd971e84f89,0.020179406390213282
5b252c9e376f4ad7,0.12593088552778225
be5ae57ec0b64ff0,0.09938294995312169
08569abc9259482f,0.24124530980016803
3f304141f76645e7,0.028140930554757408
a9c01bbf682644c6,0.18750797719982307
9664df24e0344f90,0.06705693828038699
6cc0fe9f09c54d3e,0.023107288530523556
b36df5ffaf3d4abe,0.015243160688952612
33987e0c177548ee,0.055391981377515685
d9b233004ded4fe9,0.0258624882276078
af40e3ed69364707,0.4604118466224999
e1a36f136a954203,0.19480919162789037
5118ab3c21ef4b34,0.025755985135494958
cd4ac78351fb454e,0.027067176692477317
dbfaf83878b947a0,0.019608892836512088
34c7f87ea98d435e,0.04561783409006544
92ddd2f97f4e4b26,0.01727413856616698
3b3906f7231c4eeb,0.19491829630379573
dfcb6d1608724bee,0.05545693444137813
2e38bef006714260,0.06921533027319224
0f6a5799d2b54058,0.09286537145883558
9f95f430e50a4897,0.028369653245038207
4ea9925a51cb42a7,0.04409283175529745
873b3ab4491444ea,0.018244222003961554
96cf8e5902294d58,0.024413969748043107
eb69fcd62d554233,0.021123246291685476
4789c441e64a4bcb,0.03550299159399371
25a9ca5a454a422e,0.06396646676245098
0e79f52fb94c41c8,0.03159608300335716
7f82c5bcaa114ac1,0.01870825500960369
11688bc393c54dc6,0.04909508054790365
c9aee686df064e3f,0.031824330305496605
c9e65b60ea2a47a7,0.04056135640171133
5598b70cd96a4ba8,0.18666957267227405
952727eead314fea,0.057637880960370313
0dbb8460d1df426a,0.03562027358172114
80e1401988b84626,0.03758549001731872
9ef3e6161f294535,0.09432957240853145
33c0ec5656b447eb,0.5112729403162337
d1022634bea940c1,0.025656479484998874
306ccdcc80ea4b3b,0.018847306391174434
bfa0d6b979b448d7,0.08363574665970777
f22e0fa703564276,0.46250726258646696
a578c4c3de254ec6,0.011088787970238056
2f1c57f36fa0475c,0.08914052516946017
2afb1e7c45704206,0.03240263671291407
211fc4d1bc1d406a,0.027422990375219346
0e0ce2f3a0e3408a,0.04187400177381061
a80a5b2c36514694,0.03847008518930522
bfa8b44477064431,0.8520957418103622
c5fffc8094ca4855,0.3391638552868371
9175b4f60db64c40,0.05351528487551906
33d46dc7aa0e4166,0.07677809177211398
34914035c8494467,0.041101262414493654
91ba821c390f4bc5,0.5658311906084238
515a9f2568774e04,0.07916128912282513
7ce2fc35990644e9,0.08878196438663921
b4bd13a807fc4c56,0.0935443861614872
0df80c1e54b047ce,0.01772796930116733
d378c22932254e50,0.011469521578748091
847e1b0a43a64483,0.03327832200631204
ad6df845bdd84fe7,0.10571721103329153
2a4989977a6f4b4d,0.19834472445435458
f00a91b535934b8c,0.18032977740817677
f218f0baf2574636,0.17228095839847846
2.02E+15,0.2055956296187981
d6c43043805a4c1e,0.035282011581593054
d79f56c0814b4323,0.03947438975676744
cde159a83b154e12,0.04732469946251465
47ee85e8bc4642cc,0.07388328547187235
b7df8b7485444c6d,0.18633354681376976
b209ed2701f24968,0.03743907201290158
98603f4eaeca4d2f,0.6259191178259957
cb4cba55c9594479,0.9608442244290958
77f17b2366d04a68,0.29952527630587755
e0b58a9db1164f8d,0.03749447294536227
09505dcbf17a4b32,0.19613731904647125
c12f1e9588bf48cf,0.03464534974221916
e5a0419a17f240b9,0.08167533326816494
ccb0d457dd2a4ce6,0.04392693250305123
210e480635bb4ac8,0.050874433033592424
311293f85118408c,0.013912935861327635
6e9a2ad0138f4400,0.7356960098141978
0c284d7f6af848d4,0.018831623427919976
9189c70b8e6a4723,0.05886506685981424
11329c8337ce417d,0.5198863992010607
b9b417e35a9b4785,0.014545465824251624
804978fd63194c55,0.04482280279033662
2bf7e00287dc4dab,0.01066841044329752
0ca764b9a8e64763,0.20016921672667154
b0d1d7d9afd14f57,0.0407121796345628
37ff41b777d5490c,0.031982060186530666
4512afc7bcb04bdb,0.09905409072855181
8c2012859cbc489e,0.25792309315144857
d410350f832e4e27,0.06579858123433498
cc3168aaedae4aa8,0.16235305016001852
fcb57a1ac6f74c2b,0.04052511089231449
8ed2829733874223,0.037996266227463715
8debc4af6d094d3c,0.025050582446431345
2fd732cac3264d4e,0.023850674861636285
0da6e9b2760e45db,0.025697086004257054
7d9e011d887645f6,0.021976620970563052
86d8c21a74134d96,0.10887787607404731
ec18c0dd9dba4ecd,0.016593264529211976
11b709b9c3f3430f,0.0148883400059034
e5282535e1ee4934,0.4263812063699313
d8649631a52a494a,0.03765438976135369
4d73541796624641,0.18779710214563677
f6cd6e43e8db443f,0.03859179302877044
d8fe834a4fb74c97,0.041243610359421944
1e24d4ec476d46b9,0.023496165592511824
493fbb76f37b4457,0.033606252673140435
26164e4c86f849c9,0.024694892718487814
32cd30b9464942f8,0.022928821228633066
07f8579e19214fc6,0.02003059665890721
ea4e8c4d08974bab,0.02391886810374693
2dbd86c916564065,0.6896023424814631
cf6c6174ebaf41ac,0.020995627390229293
29ad17662117478f,0.21458440028774844
18579614b70c4559,0.03349658597541911
bb267c0b60644e32,0.029820949711475774
d5674ad6d5914aa4,0.06528688751271941
93487f70eb4f4cf1,0.019503968351741917
32211b932b1741b8,0.03426938702263335
b3ddd79d6e7a4a8b,0.12115707923874688
7d398f96b4384acb,0.042122888072436145
e7dc41a328b34713,0.2511948390812674
fc4181268bd042f3,0.03677154824402237
ba77818adf044e15,0.3524766459567682
af78f5e4ad354f29,0.02971309473356759
865c1e405ec44c20,0.012100160989770736
e90e3dd1dd9d4394,0.020350988905044103
a480a12feaff469c,0.023815633481550122
1523f237d5db4769,0.011502881924521844
9a2034239f894e1d,0.03457817030458929
08e8a8c9e6194fe3,0.0132856108731613
2e4afc804ccd46b6,0.5876684499242315
6bcd6fd0e2094c86,0.5180236600126612
40e20630fbc64bf3,0.025732713114924387
59e9aa0167e149aa,0.9253533545195161
3471ba2412074e83,0.037634358698407894
df9e60fa02964def,0.04411626068489686
1a4e1d69fcc94986,0.5588383788093572
9c15f13bc82644a5,0.03211738962149867
1264c6a7f2854b0c,0.016828710569567078
642cba7b48b34f32,0.01245529403564167
8dca523ec4164160,0.01868585644368239
53d57d71c2914632,0.02086205873192353
099af931bfb84566,0.03662145843418285
ead9bf2092324ae6,0.011114189498744594
a9be26c003124f55,0.0208372503768264
0d597ffa51e04982,0.02458514013464011
573c47e009434138,0.02442567644527287
1f9a655ae06e40ba,0.03452425916631434
f8f10297cda647e6,0.03926427703655734
26fa0a946c004eb6,0.7249558932383644
729158cc4465414f,0.12282203059708204
8b8cfaf6403549b3,0.037042098494041206
403681e5ed274fc5,0.025630255571070275
01f70f686a234023,0.03186754741006098
2af67d718ca74655,0.050939307525680357
69d6d3b0777042c3,0.013971377322734593
a194a3523fa04ba6,0.01829655647783491
b2114ea52ed74a7c,0.03646040989468456
9d4fc342d72c45b4,0.018041681482222835
2152fb2b7f724cce,0.3147531677562263
76d5abfbb67f4f21,0.03131269683433802
a406f9ecaa4e464b,0.06746738398849128
4115aa81e3d04d33,0.7128500282600817
df7908254c3d4946,0.045483403014714416
527924f460634463,0.031227637583633283
39b7c2ea7e444f14,0.06841228225292714
7de0864b095c4aa8,0.03170598818388044
2625fbd3a45941be,0.04891668162267404
c13f7d06e9a444b7,0.043265208801678244
10bf0543651c4e36,0.04472495913651367
9fa19eee26b74cff,0.05807178152872403
51e722fbd74d44d6,0.01950145700840738
9dd17fe4ba954c48,0.09425165054514054
44f9a41ec3464d9a,0.025225279541912844
d17bc057a08c4dbf,0.05991965345123499
94c547bff19c49fc,0.2634831649848721
ef56685509ec42b6,0.6709519165618417
5f8cb7a202cc469f,0.028704227661276744
7fa836054a93448a,0.1719538932796328
e7915a58606d4bb1,0.04305697510324254
9109d17b79114d1c,0.03817696584903745
cf8b0add8735414e,0.9496472228913501
e8c4ec30347f4c57,0.05899801899899467
6df5c6f764e74926,0.09063631059880853
2c3200a834854684,0.5776635191645798
1a110762c0da4386,0.051813760118982685
33e161afc447410b,0.20355938596961934
e41e9259cf004006,0.03223403115902034
7ebf0f60c9274543,0.02361122779857499
92a3329f4f134ce0,0.0360594236005825
a8b1f7e5bc5b478f,0.09359637821698441
c0c9643f56ca4f28,0.03213598575745838
c568c773ccc549eb,0.020782220803231603
04da014949344d21,0.01630283162069256
e5a2f7b321ac428e,0.053825708320789256
b4a1a5841637462a,0.01840375833784204
881c1d3edecc41f0,0.030061167580851384
7acc9a8c58d24644,0.03841564285138792
db35059141f148fd,0.6772536900849218
9824f982c35a461b,0.03857045926172122
18990b921642414b,0.024903073506909942
6e780370647f4b87,0.140163408660778
3afe5dd9a689439c,0.4483529121694607
4b0cb5755e3645b4,0.03307183337134979
adfbb62083b840ef,0.13195708081461266
a491646bab6c40ae,0.026771536037841926
415fdba50c8f4e1f,0.05219661101360447
014bf79be13146ad,0.017037317423075043
89875e20d9924be8,0.042768231065647186
e39ac3658be74a1d,0.03415683801266845
1b560725ba0d4445,0.025488832884030782
ad6bea43af644809,0.08084981882309987
98bbbee375ae48f3,0.08099316216965398
dd164d7bf0f440be,0.05211504346720791
44f95eac343c474b,0.07583983590503725
e7088ff9bfd0435b,0.03731574286951115
3f478504c89c4bc1,0.007549070465653654
732c78cf4a704a7a,0.1481314677605074
1ec089e23c6f408b,0.16492571978731502
71017103ef864f0e,0.0117277870064024
b7b5a1700d7845d9,0.5459019449244301
707a058e12be4ff1,0.03458229721487653
73a5fe9b44214741,0.04463706980432998
ddfed890183045cb,0.014653656586556582
a8e0199e24144ff0,0.11473274766375412
cd5b9bf734b344e9,0.019012013744002326
09a023b9ca78456c,0.015202199137152133
c2037e43e95c49a6,0.05345218833569933
3ea1930f2e5a4f2e,0.19129691168523708
f5f87a11449e40ae,0.6658422708932423
e77c8b1cf19f4b61,0.034242353086943886
4798a5882c894ffe,0.16814425290926668
9f77bff55791451e,0.20200642178244482
dc2b78060e5144ff,0.02064586022437002
d33fd872a2334313,0.023788098811211474
892e9a2413bf409c,0.06372969444544707
43742d24289d4d11,0.07932501447926157
78b06abaac104bb9,0.8494701478014604
ae786b383e6447cf,0.014057078807751944
cbecea9e980148c0,0.33690546979276426
1a7646faaa0c4f83,0.019801454367965633
dbdfebb075a340ce,0.01765999774240502
7db13428157f440a,0.029361780567525964
ac945dfd59944a66,0.6406342196937007
3dfaffe9b16a4679,0.06262532359346892
ab4c91085ca442db,0.01806729439965995
35e4fd0d76e040c2,0.010154015746913677
26f1669e9aa64f14,0.011406071522525096
0e0070ee1b8e4f31,0.6317845897002761
955af5df10eb46f5,0.038061075998107353
39fc432f6c2e41aa,0.03244248852432446
c70bb383486a4b78,0.06680507404135734
c5a831dd2b05487f,0.030528385479047022
405733c21a724b5e,0.9368479394153922
25edb00e8b7441ed,0.03786491720631686
47d58dcc53f94608,0.045978085981018275
0e44cfc4fc8a473c,0.028276089506484005
bd623e5d3401485c,0.027002625748964715
b56766efa9b748cf,0.014740228848127696
cebde6c3c2184deb,0.16895140015403518
0e95cd4a09354c91,0.04704075791161259
b0402c44da314825,0.023880802736552457
79b9c0ed95324bc0,0.4247476002446299
693eb948b7a64b87,0.05032333495519835
745c4cbd12624b8d,0.028987198624733
2ee964a2409b4e43,0.10293612943124934
deb27328a77543ee,0.009078579028769324
c6b0a178dd95452c,0.060136313649620333
b6b2a101dcfb4fc1,0.11179461446687662
eaccb368473c43a9,0.7440555456740475
5b29946308f24e10,0.1684609281986253
1a21b87fbfb64efd,0.021454047783082738
b8e9e636950e4bdc,0.04692326365484478
ac8e1cfa769e42e5,0.010085735519284735
bc02421e8f6244f6,0.5558841644367052
c6c90dc0195140b1,0.015928803813244543
77bc497d89774ec1,0.06164352009326111
f00fba2996d84654,0.05343217676940713
80a24967c7f943d4,0.0332274517566884
43ca23838878448f,0.02534933758022228
b6056275d6cd451c,0.0859055512912251
0d880f67e6f445d2,0.6898680943155894
07c5c9b12fa84dbb,0.9246430370009829
dcc672af510d4e72,0.048291485516898755
f094aa94f16b4545,0.04418674173757967
3c37fccbd6d34837,0.0379414541165412
587175bc702d460e,0.6778641864304472
0ef22b75a361420f,0.0375570329526482
210b2861844f4a9c,0.09355472553272362
72d0e938459d479f,0.0908523038614396
29675e76087b4b35,0.13930899408287353
42dbb6bfc3cd4aaf,0.22835091610798078
708a0af110bf40bf,0.061140423030431934
02dc162683474e81,0.0399115706178354
1485a034e6a24c47,0.2423280512146
4bb124e60b4a4391,0.06908090637496893
27b1d7f5487548a7,0.12502198325878966
6d6c14b3c0854d20,0.047465172668784875
5a3313660e394163,0.46389649982944536
c87654a13f5b4691,0.6071725708960829
fd1b4bd6cbf24712,0.01267450724216725
047319cd057b49e5,0.021634035110190575
5cc6c0ac41484735,0.03307567057956638
b07bfb14a64d4b96,0.02324396054316002
6f64ad5e396a4bec,0.021989412668983598
e8365859b5c04b3c,0.011329616958967377
491351267a434611,0.02755966276211113
719ccd147c024835,0.09419960503786845
e5013ca24d524a02,0.34735453795037785
a26575d3ddd54ccc,0.13820742277340356
a1aa87c28268419c,0.11770750758970408
33a1781b667d4270,0.009866442280383553
3dd7de4a4cc74c39,0.026102849012267386
427c5a42db90463f,0.019162369472487263
2fee8d105b064ab3,0.0375660813304481
e2e5b54eb6be4c86,0.018078087708766382
5a6a6aeeb4e44c98,0.19439508610740536
c77660f558c94fb1,0.02765685723886686
8e373a096c3245cc,0.5197905832730874
ba5aeee011c8408d,0.019963040526666056
637878090edd4b9e,0.06791630966552062
0381fbf8d8034ea1,0.039540956983284116
b06a1339ea26487b,0.01913610861111941
5daf996b4a8141d3,0.10137683041861227
bf8e1ec1aed74695,0.35998361457005423
c0033f6115e24e63,0.04956263860711466
fa981f6ead1a430a,0.023770715038012775
70c657f84f684447,0.02677911119988837
5957ce02f83648ef,0.7471747797528514
a12eadf3484a4c92,0.08025033995030063
4aa8fa8ddb824168,0.07001309611476339
9a0dcd45d6af4063,0.02956012769191089
473716f3765b450e,0.031038843717982656
3572b5fae9c844a5,0.012749171870700782
6bb99c9db0df47c5,0.0650547308544488
efbc14df00f34af2,0.025260006431463384
d8ca363c52b34b47,0.16406655663400388
2e94b479bc544627,0.030466623566980842
e2d694e7a89944df,0.20617768247864796
7fa65939f57e4640,0.14002487288555782
f898adf991e04e99,0.04387780460512906
caebc4abdc2445b6,0.020109804858684598
e5cbc809bfe244a9,0.12948902309582505
940df9d43d6744f4,0.015242381339914627
02b5646fd87a4069,0.5792080950178342
21027d0181874e64,0.07545905544919226
181b6d4b82eb40b2,0.05942133469878806
6f8bbbb900bc4d97,0.034766768104865876
b6464af4c2444f24,0.023782673698366473
089cbb6e24f64508,0.015637916275622915
edf31276d3ad4f5e,0.0287255040003501
39dad3292f834952,0.5945359143265792
8bf40ff1de464b08,0.5909996491677283
9047ac5c8d24497b,0.6040265663282907
ce8b4ca460014828,0.07914012648523074
8ded0cd8c1e54aa2,0.754569088577674
942913bb1cf84e8b,0.06145873130690882
768f008de55b4eb4,0.028678023863250145
c7f8276aa5884394,0.021705973943707945
0f5ada86521348dc,0.22837758235257896
23caa5c623ff47fb,0.024688333304615367
b5fee79bc4ba487c,0.02910616529704397
8dcd77f1aa8245eb,0.063046885623952
cdbdefda347e48a1,0.019539889034033052
ef7dc2a8f9d14875,0.4857961302718546
dbf9af134718476c,0.029295830308169644
2a1f501eaebf4cfb,0.02280801730962309
547f63adf09b423f,0.07615422858983792
e40d73b062d94916,0.032345978754670365
2e6f5971a8ad4816,0.016693160572416068
ba573caf7b124536,0.048626820815981533
16bba7f19c4d4f32,0.014927089639230761
68e1f669ec354297,0.44424531129496636
a327ebe6e8ba4be2,0.02135407369623502
17beeb79976d4289,0.07646006365501426
d6cb5f8fb67d439b,0.043496356425804295
d3c099fdb9344adc,0.03089060091594175
1effe03097144083,0.019474838460989952
ee79123da10b4199,0.025849375248024893
da22aeff39df47ad,0.03985945006417259
7a0c96fbfeb840e5,0.018396502303772523
dc995ca56d7144be,0.0799690844277249
7020fff2edd04539,0.011182884660310272
b1f43e7e0a1e4f5c,0.014855365185781544
6e9ceae98635477d,0.2686021541869581
2a853a177e524141,0.01735277927855975
2de781fdb0d5480a,0.05364726634383166
5f107fcae3494870,0.04590443302172009
0406402d2d9345a6,0.04627386126003892
df28cbd7cb5f4709,0.072908047347618
ec5da9f780314815,0.06891114280295528
f46e3651a03b4e22,0.026273950230954794
fc995688e6fa47d3,0.01201762849968558
4bbfb85aee4f4fac,0.0777723132292812
999f7275771b4b20,0.11935666815323472
5ee900e030a045d6,0.11057849267713737
bb3fb0542b6c4e56,0.024774441662279312
a00ac6b631484f2c,0.05645209672541809
cbf3506410104ba2,0.03501180186170768
8a19e551fe82417a,0.1547291874304277
42958942a19b4ee4,0.13089782577504827
2cdf1f243db54df6,0.06436665733127571
91a61ab9e4004c99,0.049450535913028296
fac36adee3fc4d0d,0.02275802174900472
a2c2ddc86b32449c,0.016979129006667176
3c4ed06d81834ef3,0.03971617160590232
732f35aaf6ad42c7,0.015256442111286728
7111a79bf90d4e44,0.03942078354563823
09c08063866d49b3,0.024412678004370088
f878c98d9adf4fd5,0.017064162184499087
5d6a9f4987714dd1,0.05770189640905996
eeda423ab97b4474,0.04283229571615994
fcf1df6793024daa,0.019510971245691233
0902c0fd4ad7411b,0.017859366020065416
b99d541c30944066,0.009608084364787333
11675d8411e14d65,0.01646449452897355
52a9bd8590f44743,0.024026254156231497
f6731abd14b04f7a,0.014927369670969668
bd81cc7178454be4,0.07551801378870601
17c4df06844d4ba3,0.13374649854554552
4ba848c53ed14ade,0.04604183656431446
c4a7e271062a4dd0,0.013688756082085215
b1cac385a7af452d,0.13776701373025396
032ad59d29cd4e44,0.10620899867937794
7be08eac44d84e74,0.2844088872554241
751fe7949d4d469a,0.031513623512418903
fb1e16890d7d42cb,0.05145957728643491
d0046e9bee4e44b0,0.07838276717359025
f582a052b2ad46d7,0.01768046445105669
268209ce08da49c6,0.12306979943031786
397a27b7aa994469,0.03842483476057563
8647ff95d9524d2f,0.048947522056513315
99138e73880e4535,0.05028354523245737
92ed64efd44846d4,0.05955853241829008
d5a91ff36c684605,0.026873927762152795
2a8517e4e24d405f,0.7348617196724069
b512c04c2f2e4df1,0.1784893158576427
cf14f43dda8743db,0.027404115729287404
518c9e34d635488c,0.023411503338039173
94a93410358e433c,0.02131452714028011
2706dfd8e0f34d44,0.02649474274297014
1daf4751196e46e1,0.11409095254849377
27190c440fd44168,0.044986616601325656
7e3a72b89e274c1c,0.046655309432088767
38a5c170d4d24aad,0.019602024122358994
a4979560e9954914,0.02153952104666749
755b276ee2924c95,0.0328698785857711
e7baa6a2f8f84e87,0.045798567863008066
759e1fa0b45241a7,0.03439130911294635
b130e3bca500483b,0.026056147449216006
49fc01b884c04951,0.8390645881241688
e300425ca3c042ee,0.040008852527555476
e3c98ed85f414dfa,0.061481008169299065
2eb3bf5a050c4708,0.07662127413858455
7656c9515ded4db1,0.0977073900939277
711124d094cd450d,0.024247827217437824
33365252153d4a2f,0.01871810981751808
081491aed26f44ed,0.018686063229070057
0c132d2cb452464e,0.12148419580029393
7de07b42750a4a99,0.06035943205469598
35aa7504124a4c0e,0.009209043296004816
763f639f66f14aab,0.4840213587442143
20c9de9cefdc4f1b,0.03947132752477235
4ad0c41d52a1433a,0.13727438603806494
b05fa9e56c3d410f,0.046125305302044534
309ce4f9aebc4554,0.3058664746328567
50a5be31b9d44e15,0.011048424159922646
0ac9fd48f8594f9e,0.014449872925982465
fb7bd5b0f57343e9,0.05359933899254086
8d72ac3b2df94370,0.31866047915812956
6ba11867c93648c3,0.03227634042933307
ce51f35e0a394892,0.0243448543403283
538894f35afc4c59,0.029902523320980385
8c0eec13403f4149,0.040460237627893705
375c5897aac64959,0.6698610411541833
495f4742c6e24329,0.030800806114691114
dc5cf5f412434906,0.70780314883764
2f548e95ebe94135,0.06774523562793575
e3ed73d3fd034873,0.03190784242708345
fae16bc8d5de4f4a,0.14059932516364182
33c4d0c25a4a4c84,0.025822854856103812
3f40863de1574dd8,0.03363695123823568
86f469582dc6451a,0.10763881340378079
434584fe3d684e2c,0.030118170739327536
42d4bb5f9a1e4880,0.39862226336555
ad561d9beb05414c,0.07100803271931748
f2619a4058f44aaf,0.05312090691047659
c2b974233b31464e,0.02351583082281658
dc7e90543b1349d9,0.031205853194171334
aeeb2552ceef434b,0.07929990851107585
e90f1896e3734338,0.05532701007137726
7afab8255ba04e12,0.037048074586866084
ef4e445fceed46b3,0.5204265381307455
497a2af5ef47425a,0.025558086056209094
0b2229a1b33c40c8,0.022367955184837314
fdea1f604deb44de,0.05565682152495821
fe8ed00c85224835,0.012149922535474197
c7e30a05e5ea4730,0.1968762113044531
9d6bf93252834725,0.02025543915388705
c9d4fbb038504a47,0.35860437857193045
cf3ed76db48b40f3,0.6596054843807644
afee6ad7ec404a7b,0.04772778202430328
009450c456c54e7c,0.03592964571386296
6e33b1682444464b,0.017675154632818452
9043c8800a974b26,0.01575827001890288
4b900b8b0be1428f,0.036114682670380586
cfbd2ad27fa74027,0.05504484081919492
bc4943f3a45c4d60,0.01658548873338244
6e62503b32c8443d,0.3416348662116028
1cc98685e26d4e8a,0.026776546492138165
86b83ce6419444aa,0.01879735295348372
29b01ce677074f26,0.1773128192864683
f1891696af9e450f,0.009940316807738978
17273d61e1fc4594,0.009733114496162923
daadb3a1a8c04ecb,0.014638701019874167
3411d76702ca4b1a,0.035570771431026826
f66dafe5a7844d93,0.9156921994045198
943ccaa70d0047c3,0.47363796591949525
d998e158ed0049d2,0.02427492976998766
0583d0bd0bd94cc9,0.04732056181300666
dffa0aa90dba4439,0.03180367997310836
59fb598fd1ac4a12,0.45144175987994684
c855516cdf994323,0.02746935329259099
c55b56ea4898404a,0.02333500290536649
7c8cf44927914b16,0.24971827799148444
c93000ad10944e14,0.03528751696331358
e988642b83ba4162,0.02275140296572497
f00e7796da094de5,0.07790619230635176
27cfbc30a9864df6,0.09320957361809898
ae5c8e5fc4764c9d,0.025327886409406232
a8c0bf979a7649f1,0.21233068576876243
454b198ed8164baf,0.0606679407295783
6d8c7a06a22b4d8c,0.029105939245819158
ed36e1581a2d4296,0.47896143231473765
9869c94b58ba4146,0.017828932327539147
dc08779562884239,0.7527285835375166
f912ee16c0e6444e,0.03961104314962603
5a32ce16c34c4ec6,0.015124282880204606
9acc3e772770452f,0.041113007194309575
278f56df1274452a,0.062285687778541356
c89118922acd4416,0.03913675924959962
1a8e45d234ce408d,0.0695808940640931
3e8e7c5341e3412b,0.08120540394120591
ded61560938b4c70,0.04313289419482604
6de57742e2cd4975,0.02073635742321239
d623846d30bf425e,0.5395163348001792
a5bba3c2cc2946e4,0.027567736303790807
5c38452c636a482e,0.07686338469903269
c11bece1ed444a40,0.021338982460609647
db974f688b134a65,0.02903510079735676
047500b2af794e62,0.008431165937336907
730a481a8b244191,0.29624884741865765
5b05907440ea4ca4,0.039754037663609285
0948ffd2eaf44c8f,0.01748574923772418
453c502712144c8d,0.02293785759436471
bbd9ee15956544ec,0.06323439714799109
a148b3299b6844e6,0.2896901893234018
561246187b2b4d1e,0.04594260991682689
d3d756ab814f4889,0.1937948518851428
92b5bb16bcdd4b94,0.035752165830953954
be33d84907f84110,0.14233199592544826
ad730433856d424b,0.023215449833043873
1f56446b231f42fe,0.2067538476484389
28c41ea47bde4321,0.054411242259807924
7cdc5d77a0fe4d4e,0.024496331985592056
1007a0df421b4109,0.00969698326385532
ad1c6eba814e4a66,0.03640858565125214
af5d9ebad7374396,0.0335259903829702
1280cc46570b4b8b,0.09419016265147512
a5ffdd22221b42ad,0.017003667498879386
b2f15a1bfcaa4c8b,0.055874666267473595
665a01333da24f7c,0.021571571020303264
168e863124b04a62,0.02645259596440881
92a21ec1560a4128,0.02131985659177778
3da465ee21de4755,0.039674803623478444
1ead274f0ecf453b,0.03577599643970338
914d4a55ea9c4e7b,0.026288959639885322
d47b0da7873149f8,0.04274267616680837
638c6b7db8784e2c,0.07497060050211135
eb1e9ed0d2564f9e,0.10162515689022589
53a19a0717784b1b,0.04463725687458625
0774f45121e1427a,0.16382103731148395
a9122af0954f40fb,0.022448021462910694
1506928ddc7d476d,0.10215899193308124
f69cadb215484b42,0.9097852668324696
d0e6f4cd41a24d56,0.7917367878326139
9fac528a028c45fd,0.10728905568738283
9c2839cac9bc4f21,0.028969177406609398
9a387ddd7b164a73,0.11582863834354115
2fa3d6facba64310,0.8881740152061894
4000106fa9924e9d,0.03224401986517856
298c54267bda4c43,0.07830263654174864
b0f7603a7e0647b3,0.23329544265045604
13b01e28627d447d,0.22292022433794045
a1dfc17dc1934a9e,0.02993252596670463
632f1fe427ce4761,0.9444307887121953
594e04be768c4912,0.1220350869923527
49ec6b6bc5664473,0.042486575359668634
ae7f332bdeac4cac,0.03120938144734454
3503dd097c1144ba,0.01313252284265308
6d0d0b2ce4e04812,0.05506899956279189
a088cb1bec7547fa,0.03098431949078006
105e617c37a24efb,0.029806050073770064
73ef79901de44e80,0.824306254059319
c45a824a209b4400,0.04288825540131976
d800110246674524,0.012027668449200996
6332400a0fb74836,0.030288827632857774
896951cc46154395,0.05438744304128669
2505a18db6b94499,0.12721969702447136
446a53778b0141d0,0.013115775932067465
c2e82bd9e7184440,0.8064226625187858
9d27a2cdf0574105,0.4839358467211909
6f5d97a9344e4116,0.03748114798551279
0a940da67afd4700,0.0754378150185905
da0db9f853a94db3,0.010857656392434347
3579fe99c725415b,0.12638084080190676
f1e8a0adc5b34702,0.009592839967279939
51c2a8b920534ba4,0.02867605783000653
73f7cbea58e0494b,0.0197791806254603
0f98bbd27f1d4f19,0.4234973477852126
14685c82ba124572,0.13610498163820853
d10c22f430ac45ae,0.24727373081204215
9c34877dc85149cc,0.6643097293915414
a67f92004e1348c6,0.6060236990501457
9c3ebf969bb9412e,0.04085747801549806
b158e5c57c95416a,0.04244507948708152
dc31dda6623d4fb7,0.14234727381892495
f821877e591e430a,0.027763790064607986
4cbc01e47bfb48a2,0.021488404043183227
663349001300427b,0.03714782194582098
e7e9e84f24ad4f3e,0.2740076746653698
64438187e75e4881,0.11943103951637901
23e88b3092b14fd9,0.5679924440146701
af92272968634610,0.0286412433149059
43df3ba80b5c4cb3,0.05250239369770064
85ac7b183a744be8,0.061716464271476715
1fa0933596544590,0.027966252808283187
1a24f12d5d7c46b0,0.024171767059548103
c27a1d0efefe4c6d,0.08198090123660519
8d3df1ba39aa4334,0.021587955228592293
edac3cd2e1e143dc,0.0799489625721779
3b1582cb6f6541fe,0.02221870549839143
7bba4744ef4c4c8a,0.01685434688581318
e4277221c5264f06,0.012783042569638761
d4b21e3664fd4a00,0.05361447788828161
2730a5f2223b4e2b,0.027515343928245884
ec750b5aae9043a5,0.08314015988390662
cb47ed393b794d6b,0.3044832333315145
27927efbebcd4138,0.029784875574440445
bc4d36c3f79b47fb,0.4838691799480014
975ff070e5664cbd,0.05183266807654592
cd7fb3e8a8a24086,0.23071949841566464
764d2080e0df4647,0.022709047902360398
3ffc200ab35240a9,0.059277829529188794
1c76d76fe79545d9,0.015579010756953615
55d5f2da45114a11,0.053557667904206685
df89b4a320ec487c,0.02766243615094536
92ae4bea89264d48,0.018146794720129665
f8448b139fbb4e78,0.022259164661283064
701f62615f62441b,0.046436512208808664
473245329a7444fc,0.06389937593326614
e40bb3c74a6c4b60,0.026984903462540906
ebc867a3a5e24052,0.21899763744681197
0e6111652f4b4905,0.628925430627132
bee5b2b4e9214352,0.07250167899997073
d02b7bf67ac74ef7,0.04614835332772331
665f5ab749704fbc,0.03039900441417929
0a3703f1d57843dd,0.027703235376191005
ed6dca4241134c5d,0.049991140583576496
573be458f7414823,0.010789529709013836
0fb04cf7eddc4186,0.020850123638160724
9e9904eaa9704861,0.06526136973374298
7dc2f68756bd49d2,0.02444146566723495
ae8ba6bd89ca45ea,0.015643989784340822
1c560418f64e4b70,0.05517680090593545
545abd496d5d4fef,0.09768331521230503
bc44a9e08cbc47d3,0.03406959942940672
61ff6c5b19744862,0.030709718222052745
8384c12f287e422e,0.011731353595720948
2a22a064a0b94100,0.07273063004891644
de43990eb34641ea,0.2440082271516671
bdbaed638f03457d,0.049181070238559575
c03b595f7e9d4fd6,0.05545092331435462
a3627ef83f63462d,0.019273182137552906
10ebd7a54f28477f,0.1325646657976764
d374b8be4b1244a0,0.5824745879184585
cfe7f96b5a564a3d,0.09292714517601904
1690a38015a640da,0.12234262855828595
61a2495ab8a04c3f,0.0356219355418332
87e7c7d8df414d8d,0.11068648452690617
bcddbbf5b7ad4dae,0.4903722821099542
17fbd4502ee445fe,0.9615179396305462
6fc1a90972ed4069,0.5790114080704776
9d2b3ac375db4f9e,0.047910860123398846
af84f367f30442af,0.056451056101123866
8dcd7b8094dc4d7b,0.029821840875572415
fa170787581540fa,0.028528332787607674
a8f50e774f0c4c38,0.9693540632916047
eec23c4e196d4440,0.05000251454864922
4a8d13f173ae446d,0.21922861093744847
c1242b2b42104104,0.07225587863325127
5a4fe30d4e8d4916,0.015009760198732885
296b414705e54210,0.03357371492865395
4e1099381f4141f2,0.034836335523028464
38d21b9516e84b59,0.028386749070341964
4f709dc5ed7b45b2,0.015595900173491647
b1422184a73942fb,0.031832193725455
439a5b336e664fa3,0.7075995468193415
aaf80fceb4424c07,0.39041847111137457
ef526ec8cc724292,0.016088687729622787
a1dbd487ad724910,0.06106518832626329
cec0b9f2a2f14ff7,0.18802060646011365
4d5d4b376aee4c96,0.029286259982944186
29ba1598e1c24d27,0.017578747305215095
0ecd20c6e9e44e7e,0.04156964841602077
390436b5addf48a1,0.021856301683326727
cabf5dfd83644ee0,0.052499392749767546
ac834ee3e1ba4595,0.02751295800852253
4543131cf5dc4619,0.0432506987732862
34086c8c93ce47ac,0.05103984296080366
b6d8d4a11b954a1b,0.014264132072981767
796963a7cb634c7a,0.03993334627828847
a80b82483d854f6f,0.140860806100621
be8b73fbfc9d4b1f,0.05830595766561454
d55e95f7a7164895,0.01995105437253734
8fbe230bc16a4fe5,0.03265257345069457
05e6691f3ef14527,0.02400632489142989
e1f7d8a5a772467e,0.15703070692575577
9a3608ec667a4234,0.024420797729078722
fc52d228e7e84488,0.07486407818867649
e83fa63435604032,0.03171131932554044
094cf2b965854e22,0.020534784858211568
bb16fa1a9fe14cb7,0.47180278507470036
64cc0017d60b43d2,0.11661256993921798
5573d6e2dfd846f1,0.026121538467739937
3fff2444b28a4efc,0.05505245023174674
1de3d708d0314955,0.03237481325901319
5610311744c54f08,0.023026803214359716
8603b7abf7484748,0.030324117094665946
6a8bc1e72fb945e8,0.02690804461348713
af19bc9d7725461d,0.04399805906185404
bb716692c5e148ef,0.09088711288477473
9590df15a52544ea,0.02639544523879314
b6698890e36c4fe5,0.13538588772969645
d571d692e4b94833,0.02030241532076955
15a464758126404e,0.029573619784250455
aba01ed28f65465b,0.043284276490213346
9480b2c1280c4d11,0.04816350110657377
b8d9174b06b34fdd,0.08121009366103246
8859d59dbaa3460d,0.024898643988422797
dc520d44b25945a2,0.013712292515132016
4db9c8b833b4433a,0.023617036907010027
35fb2b7e6a5e42cb,0.26778666357034053
cbe1c9b74484480a,0.06217630632530872
0e3397ec91fe44f5,0.12207676824254717
0ab9b19a64974463,0.10716090295960982
98c893a661b248a2,0.7285840604519572
1c8946a8a6fd423d,0.9370483199801078
9e8bdcd942d64f8c,0.05686101832715666
02316350b4594701,0.031501225962640156
a47886b54c3a46fb,0.109715162003543
aeba7216d4c5425e,0.04445115939213466
2fb4130bc1aa42c7,0.024816898739892675
96d4e4f1a94642c4,0.08077256646652192
b042ef79c133426d,0.05871966229411414
a14ecc9a68654c76,0.049584926287077696
eeb347f28c624872,0.047950056275046546
6c0d5a51d68d4d21,0.8168712774246423
d006f548293743da,0.9775288665721149
902902aa2daf4610,0.015932509384085743
e8936b6f55ee4277,0.023890382574420922
1afd0796c037465a,0.09663978886738665
924ce447ef6b47f4,0.0533790292079811
51f1dad5554f4a51,0.07149597547063472
c6780c1911fe40a3,0.00973553435267607
223a2bf49126443b,0.05227304137305089
38d9501f30e54338,0.10231349146879806
04423112f5a54ed3,0.025535695559942517
14131ee79f55442d,0.0454976155780898
35d0aada04b84ca2,0.021806663066359797
c4fb2c76c3dd4ea1,0.008947038609397698
ec1a8109bca44c99,0.03971847517980557
a8972f4098934400,0.11119839423009517
17985fcfedeb4599,0.014579400654390498
c7082b7cdfdb404d,0.5786308613058443
9ae0032f47734625,0.04902161006139724
4deb8d223e464fcf,0.956418765137007
9eba0cdcd4a54ccd,0.0267426715216336
397677ccc69e4dea,0.09007021897134938
5b1a0b60a27d407a,0.7631474138144932
76cb3d94e55443f8,0.03354559074534011
79c90b7396274e95,0.920723957538456
41a3b73a94b047c2,0.0541388872978573
30733c67d5204506,0.03339148295286361
d6eaea17f72d4ac6,0.053845650010712384
8fe6cebe4222440e,0.02345921298825465
d108806e02014fe9,0.024906803602379443
423488e83a5c47b3,0.038733012019785976
a75ab36e305141b3,0.09970502452227228
88a0210c571448fc,0.025195506033327503
13be227ad5964440,0.01725781113955977
81b2245e63c14b0c,0.07433965989720637
5b22454bc8f14b34,0.016798140545247163
e26ed252c0394023,0.06053612232387477
d226bf2b5650436a,0.04934713415864012
8624d139e4804e3c,0.04265644790070552
af0eddabdbf844ce,0.06411025794580155
29b45b6af67a4ce8,0.013950791275065
e2d78e40a0164c8b,0.15500291150959827
cf535ab001c14db4,0.01588013082326614
c63a69df27a44bc2,0.022822990562978034
d084ea26c8bc4aad,0.023939675609400378
2d71cd2d36384b61,0.05686013247049648
1d763b0e736b4297,0.04162337212515295
08529628855b4209,0.5598778424503149
1464dad7c2184595,0.0341819575759193
c7434be488cb46ea,0.02243812100770771
992e0360274848bb,0.03985593316574469
65c76071d8c241db,0.2923596653284999
698484a8184c477f,0.013107118677297015
a8fed69151bb4f21,0.023478132014768317
949c0ec60dfe4117,0.05036947576128381
46bfcfcc388948da,0.05802810533449783
c76c07c5c6f74e24,0.017556012466622133
4f8939a6ce644df1,0.26135364047754023
85bb31af8ff04f89,0.1062632135926009
80e4eb89a7eb471b,0.01606832798024814
de9cac67bf3b4ac5,0.04272583861995688
7dcdbafdaac74de0,0.03429999134521581
12291e0faf274cd7,0.02172352225276939
681d08de52904c42,0.015317961285257415
c72613d0a36d45e7,0.032442597795952884
7ee531b076504115,0.2113900768417467
9f7c23e8c0df45e1,0.09547741741508885
579b9e2650fe43c6,0.5352904136609193
68f5e3745cbf41c1,0.020388779321926793
d23f871f8e5c4915,0.11386403802520637
aeedcbec2c624a9d,0.07912752194229937
5cb255efa7d54045,0.03043790394671847
d40d5f052eec4a9c,0.02258404354220535
0c4924b3b90e441e,0.022318138121770734
5778a3dcc0f24ee3,0.12417658782282279
54aa8414638d409f,0.026657211465198383
9575c3d992cd4a81,0.5055209692240622
0b60423591bf4134,0.24496690319549286
2025be30df46449e,0.024600756603112266
f16b1a4a5a254358,0.039372977996918974
f2946737041f4fd4,0.28300479870085765
c4419d372e6940d8,0.03809016517120944
91a936304f054f58,0.40366080748980443
425242262af54f96,0.026367059202873678
0db273becf754d80,0.023995693245481044
766fd3494f234ab4,0.025170615957233855
d2225043c86845e7,0.03320391385575242
c0a8267cd0be463d,0.026331516167782752
70425cf165324156,0.01872662600624526
9b8b03170cc54c0e,0.031051460579318745
e192ce9641034ba5,0.00943948634204313
142afa1f1cf64f5e,0.04128992238926528
5240c74461054178,0.01108404279435293
ac1c7a0bb7f34c77,0.03254914939517475
b80065a19fee4aa9,0.023458208076110307
a7e67059b7004e5f,0.01869523492242378
cdb6e41df80e4aa8,0.08818782152562724
aaa9125a75694ff3,0.27725673852639066
4f55486a2f3e4be6,0.8624824055597673
14c6b5ca77be469d,0.4545521940591398
d8e96abda2a443ed,0.0524681360755633
bd6c4dc10c904afd,0.19145285143236995
8e8ae839fa2a4739,0.025139668491416228
e58fbddde58f4624,0.010658487392359585
f2c732ea4e984f45,0.16550362697801188
3029286503014d2c,0.0637426690396988
76ce698307824f7a,0.08258287554696558
7241ac143a204744,0.03638008684174311
e1b9fb44b41541e7,0.07738522153721655
ea7c36f2b7014333,0.01904047234571747
256fb851083443b8,0.0822280763037671
cb5d6d7622d549c9,0.8736656112673927
0e9ee226dedb43b9,0.03280301060434218
81824d0edb0f4c02,0.029528152575945255
65a07b464e7648d2,0.11305301431783117
faefef8069a84a52,0.37154211778234647
03da0757c4704014,0.11773593300997434
c142add7924a4b1d,0.015174261835668354
56fc899733614af9,0.040164574965142176
414c350dd7c64851,0.047041505411887646
71c6f4bce2364461,0.01164774851611689
4b26ec63dd6d4d0b,0.039601658474103366
07168c93af154d1b,0.01890312647206849
2468bbcd4f614235,0.3393115990762633
2be963c64fec47a8,0.07127951752236855
c4553dd66fec4f39,0.021037132175748655
80b7160b9952474c,0.022391275418911782
754cdd30a40e42fa,0.32848995998813313
1142d933971e4399,0.018100433801831777
1bba6ee7a6db4ede,0.021916899640164633
0818db807ea24444,0.848315973704263
8b4a0843f62f4328,0.01660501230244876
4cfe181790f842b8,0.08037368213798413
d86b96ba4479479e,0.026218205729065507
3aa9003d54734ea6,0.3220626951666678
aec1eecb671d4542,0.027529802284617315
d2b56a7f825641e5,0.007376751535544424
f56b38e4c2314070,0.2789979919727374
b92ad94512434539,0.031415952715195844
01d689615ed14d24,0.019168477158041874
4d5aeb0a2a094af4,0.035001796723275844
4829ff25ce6c4e0b,0.19178703326273644
fbc87b5419d64197,0.11516179054624283
af35124d11364cbf,0.029771514141519163
201dd624c4cb44f4,0.7628845244705289
87f5025be31c4ac5,0.6350687716432277
08459a8c0d984293,0.049900520700837364
7ef28d7e64b74cfd,0.01751933440412353
b9a255865d474ad6,0.00845799817199439
9c9e11e211564d68,0.04704943901959701
bc11a8c494974805,0.08866925304706971
c1e299b1f587452f,0.01972913929928069
761c304601ed4c72,0.01863177873268628
b77451b8e18d4850,0.017478715201094747
9e45d3a0f09541fb,0.012686576311615058
c8d8f54f6b364657,0.04805158975069963
c575bfcfdbb34367,0.014026575755907891
33710f07e2ae4463,0.0368509300166091
9b8944ae80204e58,0.01364241433310789
183cfdc251a84b17,0.02737201987108396
7fc6c43c3a334017,0.04520492144396786
10221c39265d4eda,0.041716007287698156
8663ed8a2df548df,0.12778378657250755
66d40d31806b4ad0,0.03881043850797657
a58b9a4319a948c3,0.039187641933875764
6dbd74b5f37b43ac,0.0197379290455763
6b06d659bd6d4211,0.016326761546705572
c498831f159f4471,0.10219665101195093
7505aaeb761a4a12,0.18405133821047243
4a282f071cf049b8,0.07729303803069201
843db056874c4943,0.022012842715525595
0128997764f44fd8,0.05216469424627031
3240893def4e4c91,0.05608740622058134
cb6f95a8fd7b4dd1,0.6011896226866962
58aab81689d14874,0.4199482527837102
3977bdd13aa74d86,0.03308142159239576
5a8e5bd879304640,0.05436342760830959
f6190b7a097143a2,0.6386907885154822
35e06a1cf88a41a3,0.39579603116687523
f57a410ef5e74686,0.007823032367331681
36d0eff7d2724beb,0.6322289212993174
5d7393a1572b440f,0.04379175518869385
79852108771445f6,0.8697804945891516
c185ebf4428e4961,0.38842198496255664
c04470a60a36434d,0.035764813225021605
01c0496f7b164ad4,0.0114486153086303
7b253316c5104e6b,0.014804111713669915
35efa3e844494029,0.07435529122359025
e77ed5c8352f4417,0.08606927053500904
66c4e37afae449ec,0.10319774164830968
395c9744f2ed460a,0.021725240870309106
e6d3e2dea16a46ac,0.028346510844245377
c2d2075abe4a47aa,0.01663632957487691
b39bb39a479540a2,0.015651385818005546
61b3408403314245,0.01545017909627384
91d47225c8c54a03,0.040769178894507443
35093c2f80424532,0.42955301171835625
c23a6b26cc0444e1,0.48545725200826473
e211a8ce9a8240f2,0.046178329210702446
2a46ebdfdb2f41a7,0.011425483182519191
fa15fe61ff2b4386,0.07810165047054544
18c225ca14604cf2,0.09539904983088358
df2c6122d7284d21,0.015855822249540068
b2084d13db4d49ed,0.08474937555172571
8d5b5eedc2264a6a,0.049679585347511546
6cf1a2e649e84d09,0.04256788940827809
58ef5aa1cdf64e6a,0.032609567838444875
fca35b0788344511,0.22304013542271872
ed206dc9584049d5,0.12914284861949982
605336be685749a4,0.02190788453981949
7bb25d7b21084f3f,0.8176728054090457
c05c2563655e4ff9,0.03039631528220793
f23ab03008d74bd9,0.0687666802765836
bb185fe8a4e344af,0.05156358818049526
f63bb66631374e20,0.40404676807063983
e0c6afa7bfd04043,0.0524381042152904
14dfe94317e94116,0.7092905486411535
b14cd92c21d14008,0.0196823704166858
4457a929375448c7,0.013676153233782639
65aafb2b90ca4212,0.01396432330808819
2f0de3407ea4450d,0.04452914035079121
5bf203a4ec264e8e,0.04990809264594771
f95ae3c6f2994753,0.024136825400075994
9c3eb07b5be94d41,0.05866968578180307
6838e8bbe9fc4ae4,0.021539380397662886
d45082c4350d400a,0.11196273084395295
7b445b47c02b4e9e,0.14118946863142706
45d9f1031bee407e,0.21262987735400216
9c2014b90b774d8e,0.039277489107711575
8edadd8218424267,0.046165151614853066
ca90ac634e394ec6,0.4794721591571106
ebf3a6966e794647,0.19935773922824093
111f3ebaa8604ac1,0.037400680945893564
7e1516564e3d4d23,0.05546967293660978
5cc9741bddb343ea,0.019461491968538976
22309beebd224679,0.05456258115239452
8dbc47e3790b4c75,0.11774821093662571
2dbf611111e54a73,0.642960015409723
43d2c91faca8420a,0.12552438340560534
f15075492ac848df,0.05682715489942395
09b9668339734b37,0.6121656012100816
3e99b713240e4a01,0.04182944064167147
0a81082ce0e64f95,0.866376073164027
733fd22fff514488,0.01724747448296778
8bb0e420aa5a48d9,0.025914523706096954
9c7650bb97b14921,0.015126036964476952
7813497dd1d84eff,0.09591076398128742
f8fe4eef32034b61,0.08973207938874891
27669d3dfce14efc,0.047710927525777345
8b927350f2444168,0.012728734765649693
2bcedb57b87e4715,0.013192279399112605
f73630ca7adf4236,0.049271733454213
ac3566049c10417e,0.007878645752078552
09ce9f2db2a5481a,0.9641358332234123
8e19033accd5433b,0.7195088729772435
7ebdfb1ee94049ca,0.012480350765760026
c46820e3c96d49e7,0.019563227035663475
97e76c580f354907,0.02656822067857951
069d20365f334b1e,0.08621118222943218
c1c18cc92af443c7,0.060839312251562985
94a1f7dc99064267,0.1171575381627615
92e525c27c0f4e04,0.017519578639353467
ff03639d509f42bd,0.3814540652224042
d611855367dc4944,0.052336720464397433
71a7177deacf4e88,0.9453088652679258
886f657809df40c9,0.0805442214429505
4e05b5392d074c90,0.4156680968557206
b2b5f7ffa553493d,0.08439456759041272
a95aef074c2d43b9,0.062021993532212535
7682303a76484121,0.01726640651790845
53540a96ec224fa4,0.014500745117412029
48754339142b4ffd,0.07174794846465223
783937aa2c724c63,0.0364126848074149
b31d159cc91f4095,0.043470767649902466
2e573adb69664982,0.8443642476852311
977300b097934cf5,0.05747995624392884
15513bb03ce84a00,0.04109825264061164
494fa461575f45f3,0.07180563909966042
313580b0ddae4c32,0.017513485438758636
d40b468cedd94e84,0.06501463167015381
76ec957d769f4e3f,0.2456565779145891
d38673b4c5ee48dd,0.03564575184203736
588b2021f7e74203,0.02419360084327963
4e18227466bb4b0a,0.15187588347222078
6e216d505ecf4ae1,0.08153035370925799
ae760055a2ed4f6e,0.058353369008830445
641119fb3ee14201,0.03588505937147254
424b77f4fd4b4270,0.23764709901127962
f758eed1b5114e72,0.10715127821420731
f537f57b6b77404a,0.14756813674791097
d29b097ff8b340ec,0.026294237339113312
0bfe1dd8f2c844fe,0.5106023982280677
550ec98d7deb44c4,0.11162420164613392
9e89df04fc2c483f,0.19560948336723136
7af1b4ad22234c33,0.026957299301135756
9aa32a376dbe4966,0.12317085830324644
6e0ded35f19f4da2,0.048179939582599605
bd711edb2cf34d7b,0.050278124667165046
cebbd028dd2d4f84,0.06438806832301765
94a0877307c14f90,0.03679382218397097
f2f37116aa7e4a85,0.009516159942920214
57790d6513a1429c,0.03131178869031697
066f9ffc0656479c,0.050067978822251204
16ac0a34b2a448d8,0.049146708650543484
08ecf5c242aa4e2c,0.05915689610318542
2dec02d1d1cc4851,0.023685165408947568
e5adb9f88b9846cc,0.1280559761069267
9941331bd34545fd,0.12080016048917959
149dd825a5794db7,0.030091300490271495
58e4168f4f124f7a,0.10934071319618484
090dabdd30954aca,0.0636402317833297
d9faf1c77c0e4b31,0.03289871886194657
2cc89a96a0c248d1,0.0742230423635429
80bbcb0e3a4b41ea,0.03763064795654782
d5ebcc4010fa483d,0.22562249195973064
00b51d3cd75a4516,0.01424587748152295
da39bb27186d40d8,0.11748925119520855
a452b17f58ab4aa8,0.2114598041549376
070489114f9d41f4,0.03798684988610677
37c5b9f5366e4074,0.2484094549351755
2d189b57b4764f24,0.07617628377150591
2368a57e8c3d43a6,0.0644083145373879
b1d8704e5abb48e4,0.02727405693982351
0ad1993f09d44471,0.027424195708354672
134c2bbb2db34766,0.08607283822232525
6893d540840548a1,0.023072796099818264
feece496bec841ab,0.0537547812363293
076bd250f2e84392,0.049534979414168345
f66b673321c54fbd,0.28768643373300334
896c6eefe6f548ed,0.16335389973489692
c74137e24941447a,0.07317361389097994
8ed113525854438b,0.022782755412194745
9391b69ad48640b9,0.015243066576638922
57aed580cab34985,0.04616129116391819
90c8993a6dc049fa,0.07134631705356262
aca7d4c2e48e4fc4,0.16354782992077435
166f023cb2bf49b0,0.07973052715968335
646ce879ea6f4ffe,0.025227932670890053
416eff44a9a04b0a,0.03363833536641497
6dfd7c41f1c74a98,0.4386944435400405
a176be5bcf1a4b70,0.1720616797509254
b9a8ea98b8db440b,0.13345117036261261
1a0c3f33fb684113,0.015336541278221889
e932a431d3bb466f,0.014683066677036529
95005e96761a4a29,0.025804104835775978
5a1d2ce9f476480f,0.05517441135276148
1cfa4c9ebe494a60,0.013137835986929419
6b3fecfe99424ffb,0.3051878669193459
636f2674c0c1443d,0.24122255723999325
993f068b360947af,0.022782125975806942
e60c253418e041fa,0.08871361335367582
d3e5237b1b954fbd,0.043927957909718804
f5a8dba89f344204,0.24992562447212352
65ff588eedcd4f39,0.5426432580194497
44888c7955224eb7,0.01912364055732957
62c04df6c4ed423a,0.05727873282412164
3bebb8b032614691,0.03307085904770714
339fb4a8409d4465,0.028176472795056817
e6ce167cbd134e4c,0.04674951902208161
fe7befc9f5e24627,0.009093346981443965
1cb295ec40434261,0.13426575034429858
92b4fb919cf64a64,0.08003726988630286
56905622399a46d1,0.02620690233989505
6b8cb443d9c046e0,0.0390380651810956
55abb25e5be0413f,0.2651416014094807
476e788493c64c47,0.01946613105576003
0118b09ea01b40d8,0.09596930301064906
57fab9ec46f94cf6,0.05072160259942939
f284c632adfd47e5,0.01837504452799106
a0f3f0b1a6d2461c,0.0277645217932051
cad17f17e7cb45f5,0.08648012524158516
c7479cc7f32c40a4,0.9565840583626581
0b8c1ff3fa0849c2,0.07668405416187432
3c15004039144eea,0.03247887081719665
119543805d134f28,0.07216680405607107
8f0e754aebc043a2,0.09626037320247247
143adfb3bb2447b1,0.024439567923395904
a585deeccd524883,0.04729019201050446
24fe3b4504374a40,0.011212352744286794
68e5452a67204860,0.03085918595739582
5bc70b07ba054c59,0.29248610172662426
cae8adfba52b46e1,0.017472286219096515
3eb1feee1baf4499,0.05280957757045285
5de350252b3b439d,0.5542773910316534
4802e548ed514e9b,0.07254676582085084
3dcc09e2dbb64447,0.3882867011769074
342eb3e8c62c45d9,0.58245822943643
6516bf5f11a74cda,0.050706496587061445
e20df1eb1af14196,0.011748289096772885
ad355d84974748bd,0.0524382210630571
9d5dc86b0fcd4517,0.9681705958897675
b0ae2c53cc2843ac,0.05222434612568598
047776e177024082,0.9140028887031164
01358e83cf534a9e,0.03826456343716646
c0ad8df100ae4248,0.03978210497242095
7e1a1f8729c7497c,0.03666283290487342
55655c8997784e5f,0.021656865370049173
a768d1dceff1480f,0.04257211155412171
c86f181c828d47ef,0.01223532480294261
93156fc365d2492a,0.026601395050515973
cf793ff772a44b5c,0.48369437406087845
ab4f3607e5494de0,0.04986962641870144
0b678a89ce424d9a,0.06249524464008342
45e93e716db84131,0.16262690216646888
2ac10bc836eb4b62,0.3358776782749816
dbcd9fc0833e47c9,0.09934773197464822
62d8773337f14a4c,0.07999497059389206
190fa691dfb3481a,0.8179580769699852
234d66d0ee804174,0.1140431174931295
56e9ee0f1cf048cb,0.04296722382895433
f42af1a5a69449d7,0.11648533175597073
cf652961eae74ffe,0.6344876767069764
6fabf6138ab64f3d,0.036940184910870026
a4f6d15b7dcf4318,0.16117691691279817
e126f068925d4662,0.02898251077228443
3413b90a90854b09,0.031361384404798597
72c568e0374c4264,0.021901681702468277
750edf1441cd4e30,0.028727335274116084
89360df449874161,0.030263694788617353
9bd2647079b943d0,0.459854133121139
7ef0ad1105a34dc0,0.04055137766228102
695794de079f4a7c,0.1646252113447097
9.31E+15,0.2731009149178325
68a7a309a8f84952,0.21076828159881744
abd7932214fd40c1,0.1689821786263253
b9b6d39178f4499b,0.008447615429991851
e9d5596672b54a0c,0.1732821694916691
938bd6b5248d41d7,0.2217244513442016
78fe87e65ee449ed,0.008841402578826768
c130c72ce2984afb,0.10360344791831586
106404cf8ae443cb,0.03286156723978807
57ae713bc6774407,0.009610940864005263
d3d90c5fda3a4c76,0.010013969908261172
29615d2a1fd64486,0.6606637001707916
54e79ad5ea8e4882,0.02725675136687522
8ef2befb77874f35,0.9265910948818753
1d41de0c380e41bc,0.04954752615165914
885705e45f3f4368,0.015982604018693256
888ae4e775b74330,0.04141356130311481
539bd69cd8324693,0.03398323210058825
0fb557f41f2f4762,0.049114547610665554
cdd38523bd4b44c1,0.044033371052214484
136a1660e2584f9a,0.044055675491786045
2294ddb27ffb47d6,0.034094662041751156
54eb38691f234c71,0.04496129117255539
5f554422ec014ed8,0.0364267188707185
df81e4449ca4492a,0.052982208736833555
c7a90d0478794990,0.027392333750672637
e3072af656db4590,0.07194829598650565
856e5338e7324dab,0.747535122690891
73e4a28d57d44a6b,0.6233538793642033
dd3e090804d1498e,0.010221583872898248
568660560c724558,0.017111031130345483
7f4dc4008be146c2,0.4589455982509252
a58fb30fa643400c,0.04337448583031489
d9fac2e336c246e2,0.08235226701268676
48ca1019649a45d7,0.026484418647525813
9d39a3b5928f4b21,0.14438156043593908
4319c2bc99d04d88,0.0656068319660373
61b28354cab14781,0.03340834350771633
365ecadc2fb94905,0.006388117664079753
7994176d42da4990,0.05764030286461804
eff6345cce664a04,0.022113951012244948
ea75d82ad9d34894,0.04851398816089207
e6a962ed8d554ecd,0.04723580666706269
5a0ea5336d424062,0.0330646197828343
ba9060285e71410c,0.9092173524423736
c8c84f5a941d4d8d,0.008602022998685982
9cbfae73aa8d49e1,0.9338306570522134
bc035e3d6fac46d5,0.031364741110120414
c8c7cfa46c55408d,0.06995940441343398
4c6e669e9e404018,0.008486644079756607
399a7f5b18e04683,0.10150480910859058
60973a08c6064a42,0.010899515287817414
8882fd64faa64fb2,0.04829159606541648
d54a1220f076453f,0.15443270662474437
84dac9b469cf4fe3,0.03587842998485023
31005501f3c745a3,0.045737827797005595
018e908603b04834,0.2802695894705095
6234fb57234a4ba1,0.05767982599943228
ab7ab47fcc8a467d,0.02336226093304348
4056d27dd9e14bbe,0.3464643827181068
8e728079dce84a5f,0.045102244579057316
20ae2d4e357741ff,0.039084262592173555
1ecdd901b78841ba,0.033792084277914754
9021e38f8a1a4107,0.936606662920355
5d4148f1ca3d4a5d,0.03005379151355092
835f2e4c8b434726,0.05573811424157129
94e371d7e77f4889,0.030624110814098538
4a4cc78702ed489c,0.012052472433748095
dc0cdd01f6f84dcc,0.01890032613183369
ba751c98772e48e8,0.03794015689679257
7844b2428f434a3f,0.037838423518574096
8bba8fd6d2e44013,0.014120311534345214
dceef1d350324ddf,0.06026681768519032
376ce05ac0664bd1,0.27905743252253135
d0c8f3721be7468f,0.05192618393033479
bd6bc725fe144615,0.03923675762528887
65c8c7fb961d42a3,0.028439479142432843
351728febf0a4750,0.22995649920648323
61111891b42b4953,0.026762721160729846
ab943013b0bf42e6,0.029243133348472845
9d8e515c67344a89,0.7566592923650106
2db5d384c0ca42c4,0.03084069026554896
d717a582a4774861,0.024728421911483542
7bd555edb82e438d,0.033394055796927724
7f41aaa41d8c4972,0.02140475757260888
0a083cd4d3694d94,0.25834416759571016
328ca3c11abf412c,0.0487678713192521
8fc57931990643c7,0.01280250495931352
2d323d4be31340eb,0.35391874456411304
4ded504c889a43fd,0.02983050736652824
5f067b732cb64df2,0.015341077609538387
bfcaedc2acdd471f,0.045828629031817544
c64293f840cb4030,0.024794016025903216
71554da8f8da4efe,0.027455841497908907
ee6a6d38aa7748f8,0.04633886031395028
8976ec624e674587,0.27452601505045277
b9ef1da0e62e4d42,0.09070336595360909
02c5ec5476e94cad,0.07481933008213766
67368096bbc645e8,0.010850172405949484
2fbba484246b49ba,0.8961793895320402
0a25fdbb1ad54c5d,0.08655088115314782
5788851376f8428e,0.04083923164579481
033af049870643b1,0.014232030838244591
85168d61a1e9416e,0.18691242453988335
638f850d97254955,0.025087114704123288
ce8b1fc92c124509,0.06220131081944558
88ab65e282874fbe,0.03155784159512855
5c93b081e0034456,0.05164141985943328
cf38194e2fe14941,0.5300129070687027
2bf2d0f4e72d41e5,0.049468253620657474
2d1df37e17ad4d4d,0.2862971674566556
fdd82c325db840ec,0.06365500574891547
a7d3252631d441b2,0.03524083486265017
136cc3e1d6ca4c53,0.9079827895577779
c575b5ce5f8d4f4d,0.03821171162889437
20233905445441ba,0.028345393124502412
5a00fb0d62544092,0.020374902117454678
d72437cf2ca44ff0,0.018509690494367955
d08613d0a5354867,0.10620359145130376
7132986489b4447f,0.05336948574025939
a570a6b7adff4d5f,0.033710462106134056
5a447ae628b64b64,0.015562512289011107
f13a56faa548404e,0.03070898686403902
1316fcd5165b4231,0.09661343053873643
f515e976a856498a,0.08653175171891661
b723b10a7d5b48e7,0.04010423964718467
0ad9a6de77ea45ca,0.014709540632766421
599227b60a9a441b,0.018887269549601335
517c1963b8bc4ee3,0.3310331309124294
ce90b336dc7b41a0,0.015533872696380813
8dca63b67b3049b3,0.26327775755515304
0e0f3e00e6444100,0.018399683698850887
eda7d6ae869c4203,0.020890795080370065
9aab7eb7c92b42c2,0.028462827379047945
54d79bbdad654867,0.5940246196232235
dd4536fdb2ce4c40,0.20895438572773592
93fbdeb2740942de,0.023923623225396925
5ef6812c145146c8,0.7987205042165403
3062cbf86b644a20,0.027816578249168018
2b295ef9d9574c23,0.022435881397475606
92a7dcdc27b74f57,0.02525822860870743
eda0dc82109c422f,0.19956353880003372
3aad06777f694a5f,0.34989554880389523
b4b40a01a94e4690,0.04110475390253763
8eb68b696ebf4173,0.30489411725414506
927d1d7cfba04bd7,0.08349856335707528
df06579f5c914121,0.017497365280745497
d5e7f0eedfd74364,0.3701252271329673
51f9d35c06384384,0.08702238611361748
739f8476e75a4027,0.042005121036272755
58c4a49ad9b54a7d,0.07190325240868947
cb97fa032d244eeb,0.025846486580416782
e3e01f3112c64352,0.4137564893788472
f42f473d7fcd409d,0.020309263354496045
67e09a98f8274bf4,0.02815422175577833
d768bab0c9454928,0.036209626346402166
39472477e3f14ae2,0.5669210294954357
633c18bc85a44f7b,0.059250052293706355
57cb7e99948a40fc,0.03750933316539003
3a909c832b3a4c03,0.031603185384548406
f09f5b7ed3714ff4,0.23941066145639628
9fe9a49e95cb4bda,0.6203324562565362
33fbc6c6fc924d45,0.045432557013538474
dcccb567eeb44dac,0.042194548096521164
290fed7273754764,0.03537871979626862
2627e397d2b94ec1,0.7878263757468906
69e0299f06a145b6,0.02485300922955543
acb7b6e774754a16,0.40354190113138894
2876228bdbb44214,0.019901397738655867
e37b94614ba345c9,0.21519427927499243
ffa4e48c8381401a,0.024881628087827047
daf9ef67af054fab,0.09295854954614406
ae5e8622bdca4f5e,0.037215574759474145
fa3d5add18a34f7e,0.2943816171286199
bd0d7c5f45044b75,0.16362375300299967
abc1e2f6784c4cad,0.025558803681812903
78c1e7c3c01641e9,0.04564407407019771
99caa63b5a654236,0.09110627104032251
b32a79bbf4374e21,0.017043870491009597
48b3b3ac3c05449e,0.02366747598361036
1595d648c880495b,0.02171815545681663
5f8f14d7ab5b4a10,0.02468772720551476
0828c93c0578483b,0.028308084255953055
1a58a712cd2f4066,0.06845536580909115
cd7ac4692f2e4341,0.04825933500485974
b8a8fe5dc9094f44,0.031280668534956216
3eba5dc46a2e4e9f,0.03800226566241436
ace73d1b744f418a,0.02164127390175197
1867f35b19e64fa1,0.019104309634352352
d7a40f463cae4429,0.02621797413967068
38a5f79105f14009,0.9107081150220411
7110cfb54f3e43d4,0.02578582110439459
69b67de9c5e64311,0.021105575577320016
ab89d075fc374d4c,0.017305794182648666
65e98f916f3b4b8c,0.29154862150982436
63194ad331d74857,0.026114736033300206
e716ff11fafc433b,0.04508856390247674
96a87fbdc86f4ab4,0.09656970861543424
e3717650dbb349bb,0.2000637462753998
6f32afc2782548b3,0.03469459875090466
fcfe1546afc44011,0.018342665774811133
8a31ca100105462a,0.04133026041228212
6c55c602bfde428c,0.24580896506094935
27a7d8180fb34662,0.05855328798644458
c45ac08116164f85,0.24426706369089574
163c00eedd7e484d,0.04391347998719045
8af833c1af644115,0.07977319922434348
10bb7c9523644057,0.35988760593335956
31cc30fafa814635,0.02391813289898994
0225098974794d32,0.047198147404984236
7ff80357dfab40a5,0.039648480644714455
d8fb6c9e4d494da6,0.05478215444591165
e97d7d5e0fef409e,0.02062620798161593
1d88164c60b34079,0.066932319976339
7.22E+14,0.01871920509088874
fc52ebd53a5b4f52,0.14520088684626586
3b6ae29c51674cb5,0.052049494456623234
2b7f5fb7b2464ee2,0.08762159307840482
8b91e7daf2394ec3,0.058186888827299145
9d4e5f086d2a4758,0.050997565466367314
bb311e177edd4d11,0.05213816805660039
ce9009ab362241e4,0.0271661089863142
dbc1ed0a06b9479e,0.013814043960537582
c1589e7b6a424c55,0.24600554285175785
ad6457777f824676,0.9014125214829768
9099bf7f55cc4047,0.05810316561698663
de937393758145c2,0.016616229600767543
9f1814196a3741eb,0.021136847542143143
aeffa75c3112455d,0.06103175632584642
ec834b7a074c41a4,0.04091968816379263
b249c6fa37644d33,0.02506336283205272
49ba7feb75d44693,0.22159642121771275
0f619043fc444543,0.0494262933453164
d4c3e9b8644c4832,0.03904202201605057
d2627b28743f4806,0.06494493633042855
1280d21e1048455b,0.032999710148884275
077b6de52a19477e,0.4674001339927839
951bb37cdf6e43fc,0.06235074072887127
6ee4aced121a4534,0.009046390203369633
3bff51ec31df4648,0.05730570026556758
b4dea2ae3c3b40c6,0.029667044848414655
cacb35b8190d4aa9,0.013744042045631627
41bd0d91d89e4cf5,0.03350183096080063
06ebae14e6754789,0.05421691547314559
a5771f96f559438b,0.0540912671950126
cb9100b9a09b4bb7,0.07432046449890953
8005fc3322c44042,0.02671062379072181
d936d4663c614918,0.008747723664161034
a6d817883dcf4d81,0.030304971789582615
6bf337fecf254b35,0.16351698686538935
5f8ae9065d774f2b,0.016615440121065854
4fb5741bcd8246c1,0.02155341923836097
72c3dcded7274592,0.0689470452491639
b57f2c8eea7843c5,0.024725643823227613
b7285e627cd64dec,0.03405498883307343
6eddb057aaa24c4d,0.04602444168451339
5d9840e6e1d1428d,0.5969918720792015
52aad02ea2fd4eaa,0.05106844706843415
cfb3246dfbe645d1,0.011327205693810521
43c4f5e50927482a,0.02538109286729955
62cb1a7e0bcb4f95,0.09012838410283144
ca56e87e3df24e48,0.09518796071618281
bd2f7503b6e648d0,0.03516471562177259
74bcb60b8e244a14,0.060212299154039015
ee4b388901f94d05,0.06712549982303144
a644216d04d245bb,0.057408801311208714
9e8b70f27b0b4dad,0.02659425621711911
fe7764042de04568,0.03718611178051179
fa44eb82dec04234,0.024114415576799827
11daba99e1414e44,0.036603985319733474
cdf79050ba4141ae,0.01495569927429965
09c58c59e2274ffa,0.6408325701877031
d9547b51f18440fc,0.14040233756606918
2bbbf5fde3844b5e,0.12459840960904392
71a18a6a1aa34761,0.02637376801489743
6b46c46485ee499c,0.0263012317363176
4caba7b545f04694,0.011134045803754728
ea71a23c8f764da6,0.04496620848914112
2b9ddc53f52b4824,0.03107873116664982
2d972a3524be4f1a,0.13348320930118449
19eb4f850f9a466a,0.03330181866243194
6b5fd6d7e4cd4c53,0.02863152698291545
857cd6be73904031,0.28929854931255145
695d33b6c3424b57,0.020328945156205917
a82a51028f464d1c,0.010441896506785347
9d7fa523f2544eed,0.039203916937971525
a42cb785867741c1,0.05222011630574136
12cae9e3f19e4b99,0.010264374834993676
7cba3ffe3f5b4470,0.03184388702821937
810d98fa615f449f,0.015008603457474835
31e789ac29ab4057,0.02861387879431971
e6ca06f039f94711,0.027430234739460817
a06b4ebebd74440f,0.029859032246504724
a5273df6d3ac4f83,0.10191055178203245
93a5caf0e8f54265,0.07314159836750903
66cc9a55d1a8458a,0.0332736849111792
474abf9069134a12,0.07160728511546084
e5072604e1314883,0.02380871196757306
99998cf22ec54492,0.27043908568267977
4993b58eb0604350,0.03177192460780039
83b9564fdd01408e,0.04348832240641136
8954d37ec1434af8,0.0095988602900809
bfaf65884ae84b4c,0.09785106516149567
3c734e866d444ad1,0.0899159061728914
1f57657b4c39459e,0.03058698777966466
eaa4ee546da64e2b,0.06101027956834535
9d38b6ec00054cee,0.0091513761199646
8e5bb04c47404252,0.09164449812942038
44e02323034845ba,0.08101970554228341
0b5deb72ccb042af,0.2536907445336138
4fa2548d4d1947d4,0.06916526718006452
1bf154cdc29241a8,0.033161831771335935
d11f77d361874143,0.020380968508333104
eb9d26d8010645e9,0.016450895109759823
4ef8fc68481a45a1,0.11596751464849961
a4a0081218764489,0.13998814423713132
cd9a7a13a867494d,0.8197456387169737
a841484bbf654612,0.03337870373832811
eea8d6073ecc4b38,0.4510987338412943
ea495546443446b3,0.12618563971404945
ad1c1bd351924d89,0.029716379888430827
f29066df46d54bc3,0.02851227500422345
f0586c491e8b45ed,0.04689042030656704
9b2d0fe872e944d1,0.018413516013731264
df2d2e0c98554f9a,0.014641629515010662
a36c2aacb5604b73,0.03996556155554999
89de1f5a878141e8,0.06169500829237484
db6c5495052e473f,0.00764928207348122
d8af48630b5b482d,0.019506904133996427
2a6b48ea5c754bba,0.03737958800116654
b60d5a0db4ca4e93,0.13563316496412645
19760bc4bcbf417a,0.0615719089004106
9ed1d3e557f64b72,0.055274663827114545
0c9857fb755143fa,0.31552805988825855
bb6f478c19e14c29,0.0317746358725668
38ea259dc6994bd7,0.20938314172954325
4bb08ea724304009,0.05871107402797589
9b05a15bd3bc49f4,0.018863852629374837
8382ce6593b74fa6,0.953111078234245
ec655dda598c48c0,0.0232361583784225
8594642b5d7a4aa3,0.07696585905920947
8e4e5c9cf0ff4d27,0.02264423029004662
b0cf773c5cd5412c,0.9384573604442281
458c83f0be6c4463,0.9189534800816466
2af23cd9077845e5,0.9800148500528654
bfe7a1312040473a,0.5797610516053348
c86642fb681e4f8d,0.817579856364933
93155d58167747a0,0.9293379708930146
64f2bb1ba2ba4ea1,0.9401827710691089
2461dbd6314a4355,0.9597914923339322
c398c1c19f9447ee,0.9811826978618224
2e10d3b78283456d,0.2634208018455203
433ce916b9e04dee,0.9878701698561041
81e69cfb37d34643,0.8019206025735939
cd9d8de101594b6c,0.9809864377994952
7fec67290ac643f6,0.9744299350381727
febeeefbebcf472f,0.9923536354998536
3a0514527868441f,0.366633464537348
2b1b8df53a744d8b,0.9813523476153604
ffed551770ec49b1,0.9917534482707498
4cd57bcefbc5478d,0.9523463664538203
e685768880d44f79,0.8087393417819937
9afbb3cbe3f4483e,0.9435742951098554
39770e40418c457c,0.9950787971613776
da6da3ac588e4f1f,0.9884686048812987
d25772397e2e4e00,0.9367398459188575
a0dbb3bacacf4b05,0.988255421680407
47e59564f9d0479d,0.9896387453333201
8b0b39e909084f99,0.9910079657881878
fff8c7dd52674a7b,0.9750833281954329
ad38685c1c844e3e,0.6405870569963437
285ea24164c4477c,0.9345145225721495
4674722c56bf4228,0.45388002403169236
44da26156614419f,0.7938954399077818
cb8697e801b6455d,0.6595195316065036
7186b501183048fe,0.7117955937762452
8ad4491dad2e4bea,0.5576250221317417
2c25262efb274f9e,0.9941136957222003
eaa4047153594830,0.9518090007271811
ede7659d96d645bc,0.9429683285474809
d951df78dfdc4496,0.9468154760952082
26f496b42dba4235,0.8392156575484735
47c197ede1f94ca2,0.7524374520588297
fc7554d989e74e4e,0.9915820690333972
7d4348ce0fd443a0,0.9844151863967058
1a6b680778f647dc,0.9717465748348537
a30ed2d939b248df,0.9375682930319591
45d6717c03434db7,0.826364720495555
ea45a172b622451a,0.15043220775448035
a2af17006fc94aae,0.3584363323507748
cead5dc795a149a6,0.7056848260783604
9fab0b53d4ef46d9,0.054302975909875095
9de9ea38be8841b0,0.9789480457122913
3e80ef2e33094a8b,0.9822179732416736
c4e77861f5244468,0.632293904870332
34444c24785546d2,0.7449045614053833
cc0f45c9e26f46e8,0.8086135028966709
4b88d8d05b014766,0.6254429854418067
3778c5efd6854d9f,0.1747986339921086
a791122e9d574936,0.9597398684478291
b3d2b0c783a4492c,0.9855622630975868
c96992e3e7dd4474,0.9704330483519025
407974410c7b483a,0.9913012425465665
4d97455c003446fe,0.9862731116891101
cc84705e277843a6,0.6620756233983924
efb8e71174ef4290,0.6995963263910155
eb8bce2d71d643d8,0.9571182008823909
585b7fda0f174aa4,0.9478966265459505
3570162838c24f38,0.8619998261493965
bd47ab2dee7d4a95,0.9299337044644289
ea55422cfb824194,0.9838178831705701
ddcc993ec93148e7,0.7792616027549523
969c525f2fe14328,0.07988546475201577
a9594a669d684925,0.8211510607156726
8078ce54cf964000,0.8042051160302739
8daf685937de4d58,0.9822140397976369
9e78605aeace4f01,0.869418276731432
48a67132fa1341db,0.9951528848434881
74cb6d9546574774,0.941009871799458
0c2098707db644d1,0.9770609579164325
57838afa8d0e488b,0.9551466629704561
563b164011044eb2,0.4696906288226949
a43e2173643f4f92,0.23544981089326383
c8a967863af443cf,0.550008826698649
4383387ed74e4891,0.9923639899834884
ad9b7099655a4f63,0.9890160617566479
a2beed94556140e7,0.9905674680989416
de5fb1bb0e6e4df5,0.022347732967824496
da7921c8d0b44bff,0.9639031146646374
09659fb5571d4f79,0.4444620784519218
5f0a6677cae34900,0.9807747178866905
7e9801ab48d3482a,0.14919602712435964
3e535d1b0a8b4ff0,0.6166448999016851
1c75c7a8e5a14011,0.979564787037393
3359386dfb9f4f3b,0.9734741320288466
d2ba218a888b4019,0.10326369365528543
9a763a636e8a4c5f,0.27008344384725075
5680d7c35c8b4bbf,0.061777086335476204
259ca4796fce49ec,0.7495931232940253
fb8d4eb17bac4a23,0.9715480855022713
e62a1814d5464ef8,0.9824733896057841
fb6f06649c9644d2,0.6206701243408074
dec3c4705d554899,0.9942511701216666
5e8862a5c6d74665,0.7915659188242568
c97dde19da68487e,0.9800742900586454
088deb26444f4196,0.9836482806460468
cfc5766dfae64aeb,0.27669519359885414
d56b41687a1046bd,0.995854970465928
329ab5ea742a48fa,0.3580936074713179
ad1a4e2a61074694,0.9750242973992453
b1e369c985a3475f,0.9402602426687755
c3c7ed74da3f44ae,0.24869748869448954
f24b0a9c7fb84e0a,0.18266972212654023
ccb514fa11f249a6,0.6695045636429352
eb832a6b1a3945bb,0.8113228454352548
4a5d19180f024f61,0.26865403767888585
94b2c8939d3c4fb0,0.2825563238023398
4b161402539648ea,0.993479876875133
eef53b6b4b3545a2,0.9483779661524748
fa6c004d558c4a58,0.977676692358074
838d4cc876874cc0,0.14765480842424603
57b638fec731485d,0.986571340015207
e6e413699fcf4497,0.8764351607699314
696afed412c94fc3,0.9940580544947248
ab4d547b5dc94dc0,0.8917159707674968
658077f35a4140a1,0.9165607686737433
480f43b1af834720,0.8368992464375384
1758323b32914d3f,0.364034701434948
4085ad3d0cbf4020,0.9648388202887993
0176e597db6e4c21,0.9884287712963191
4da4e69cb25b4d43,0.971040878570512
4191d5fc62634ae7,0.9593763740144048
f1c99ee8ed754af5,0.7770143385078135
5476d13a3bc04b36,0.9675014016687851
a47479b056564170,0.8284245625921288
d57c863a391848a8,0.9888940297738478
3026b14d6aaa4852,0.989245609601271
173869f5f0e94424,0.8930987973758407
6d125da4d3b84894,0.9948080799346665
3ad8ef655a6c49f1,0.7077069471053296
2ba852c1b0884336,0.7380722818944422
54cd84c67c0e4177,0.9848168504898039
ce07b4334b694b84,0.9914747891250204
2bb1a9c5a44e4fc6,0.6937169987101676
5cc78e9219954355,0.6364224592116505
337a1e2ed8e64752,0.9357667665008549
1bb963ba68b342bb,0.9917834579007542
80c49ea883994a3b,0.07579956826665903
59f688ba7f95408a,0.9818376752117253
a721a9cefc324e46,0.9451532150800377
f4760d95465a40df,0.05657586760823609
fb3ed12890664009,0.9274288540426909
37e60a8ae3454847,0.3938456884344526
c6cce7aa093e41a7,0.6472245027823421
4391c1ab56f74d29,0.5845667873005883
c7cac12f53d04f67,0.8690552768722954
6a0eef8b75134afc,0.9854569174045743
8a126e22b1284e5e,0.8134858651103396
7a6c7c536625400d,0.990640995010555
73c1dbfb41004d5f,0.9963520094873667
4e1a8676559e4c26,0.9875071150611081
9dbece63bf74434b,0.8553783657017815
44b6c461eb37454d,0.9793417381241948
6e392261dab84530,0.9907525294323897
8828e47647dc4faf,0.9615666401616881
0b9b25f4e6dc489d,0.9732103976004138
e84307ffb2454323,0.9845305010455754
d856cff17a5a4334,0.989039185633732
b13f2a7b242c4ccb,0.9518554939587529
9b9210e908144f25,0.9939090139112119
9ed3f3c30c214c2b,0.9892923311529854
8deb54eba6d94661,0.9846959943187829
97cd2a7376364203,0.9251847356719647
96b050a307ea43c0,0.8962068701074954
ada1a633858141fb,0.9898474744325906
36129c9415a74a4f,0.8754787324140578
f463bde70364403d,0.9638097598234644
076aa8a2fa5e4aac,0.987435408325322
0c4696fe235a4894,0.8183868730684194
1635a71b1f2448ab,0.8806379406647791
10e6f0b4915c41d8,0.9549821018865415
931c17e59708480f,0.9727879106822381
b600defab3a6473c,0.995022502272073
b20ed907b0984912,0.993695471937255
7deed2e9d3a2473a,0.9867992101106957
cef35e43457042cd,0.6742634483045175
da3beb4a5cd34ce1,0.9867693992802596
d048fdeafff54b1f,0.9551771972345862
fd6e4e05b98e4a13,0.8897755764614594
851c3ba5224e4a2e,0.984677466758819
57a07684277a4be5,0.993766669601483
87890b85fb7545ae,0.7745879335379267
35efac051e144b2b,0.9946715250354341
4c2da5f1f8054d7d,0.9916148374296597
e0e14c10334848fd,0.9329881647878718
e69909ed336b4132,0.7657048355805945
d20ec12e0d90481b,0.9731087358310253
0e8a0154346d41db,0.9847222974200424
2e3bcba31aaa4d4e,0.7688122948928019
01c5dfebdfc44e4d,0.9930825966931662
5793df22f6434a0c,0.9708391433477515
b05a3fb33a7c461b,0.989217565432979
c0ec4a8250a0437c,0.9886201861704178
c99e83fca9ba4bb3,0.7865708057938515
8e6cbada928e496a,0.978604570227596
98caeba32a23418f,0.9800479979773684
deb7211de276430e,0.984974870493503
b7af77ca58ac4beb,0.925234779889401
40807f1492c446a6,0.9837407033034673
0827a2bf2dc94d57,0.9793590143295485
62810db55da04581,0.9805894472580071
b4315ba552a64638,0.9601313386183149
d82a94fa881c4b30,0.9211353411623163
ba325d1962b84f07,0.9937751634269603
6b027b616c564556,0.9939983474297286
806a7f643fe94620,0.8680575190520786
09cdfcf1877c4294,0.6050826797379338
5ee5eb13e1a14a0b,0.9894258974126989
365e88c481294a47,0.9955299019153964
5737a7a504784f9a,0.976789077392547
e3c303bc2be6456c,0.9873650085612568
a3145b29ae6e442e,0.9939879354534329
4480054745dd4d57,0.9913588280464165
e4220691d283451c,0.9840023012635566
a12eea894479427c,0.3981147547048858
c97aa4432b764e24,0.9559391458299942
65d8951ae3364f95,0.9902644182219211
57c6f91764124c58,0.992262601637559
d30812b9df4742a3,0.971754851141115
2f56ff303b464924,0.9774640632408971
198c671611b24ed8,0.980202782538256
73bb9d7485094f09,0.9371450201302682
43d65e15b81a460e,0.9555072567700067
fc5a20ffaf2a4953,0.9934031139069741
6502ed2b7ea646fa,0.9254380252567816
977d80214111402d,0.9746726472616283
1302af39f6eb42e8,0.988677655823888
a0b31a5441dd4a6b,0.9772139956487953
9d85b8959c094f21,0.30088878256328033
f70b4453011e4dfa,0.9672704480974812
e805bc6e31db4eb0,0.9933907963711526
895a900426c44650,0.9812311831168813
85173e32b7d9457d,0.9874991767131094
e316c275093e4dda,0.9772705249805209
ff8366e03d014e9d,0.9699157395709799
69f16988d46f4ff0,0.9890141903330052
c704255a5dcd420f,0.992699007452418
3370f45330f7440f,0.8082099968317522
36cbb2d7b8a444b0,0.9401001938842167
cc34ba8ee0054ee7,0.950707979083375
8ff49128a6f841c0,0.9334840231960675
b9544c9006f34061,0.8215473042207527
36243e6f71dd4e22,0.9918302117345348
206fe9ee04094fc8,0.9937434517384001
93b6cbd646164983,0.9451022394945656
e16e6257de204cc0,0.9912547303706714
699b1e44f7af41ad,0.9453801925137253
dd45225fa03f4695,0.995622341144885
326a4c84886f4afe,0.9863625620666057
386c1dba0e91417a,0.9951821039640297
5c53ae612f0e4b8b,0.9587676145324473
f1c75e78d0d74a3e,0.48230504145465486
893a94785f19470d,0.991683883836318
487275d4b4ea4bc2,0.9857348551201548
ed58115d85644955,0.986459128579218
1446e3ac0bd74af4,0.9731318210215723
883ec598f7154eb9,0.9783865285206448
fbdad187faa24713,0.9650890440429851
bb5c16f77bde46cd,0.9061578489353582
c858778338d24667,0.9767996765181017
34f02085b2b14d92,0.6824259847581384
24ecd2e17b0a4895,0.9887906925849588
9458c7f1cba643f5,0.9531191646906718
0455334d55dc43d3,0.9782175421317844
8213e89691c147a7,0.9872337514314842
b0c1a4b0ca9b47df,0.9806492579548276
4ed293fa4959495c,0.9827229977265157
f678f4db80584656,0.9875934587883556
eb3f9af069084800,0.8532331179569657
9a2eef84de104c11,0.895817669367139
736ae308fad64e84,0.9905778534855537
f7ea5824314d40b5,0.9825567271239273
cb856ca4be374fda,0.9286264292147954
c76788370401457f,0.9910075093970818
96d9a299771b48cf,0.9905244318444177
3fa82b0b999f41d8,0.9896030131306309
a6ad5309c47a41e2,0.3307897412469126
b8dee8cf37204a79,0.7829251948735643
42bf39669c4d4e27,0.9656426558213352
208d97a0e5964dc4,0.7109563553228732
6490efa51894415a,0.4639191657047522
3afe77d086214f0a,0.8471509017295803
7f95028a90ed4459,0.9849420563625643
9c11533de6164778,0.9752358401241162
1ed7faf1dc9743e3,0.8489805741386526
ef1278a5786445b3,0.798544627572434
26e5296216694b55,0.9540648390714919
f64a102720294ab0,0.9934095647072609
28e6b58870634271,0.98225417027347
6ee4aa0ceee7496b,0.6871693005674298
3b51556756c14b7c,0.7965736170547816
8aefb53ab73a43b0,0.9240604829313442
40ae23eb079c469e,0.9011010859654679
9967d7de1be1464a,0.9422637138545495
0a8b560d5acc460e,0.9885111993881832
1ace26f2aaa24d20,0.9391803576314279
dc82f663bdc04fe8,0.941673811779496
1d0f108b716c4b62,0.47705939003502645
36fcfad25c474b1b,0.9745120898091846
7a1e30d59a4542d9,0.9817964687293088
bdaeaabdcca042b0,0.9665062567105552
641d9a5756064774,0.9497756052436154
504a94e91449497e,0.5281614827076426
42ce6cd120ca47fa,0.23173890764617475
a475eb01b0bd4e10,0.8243084896673827
0129a68dab1447f5,0.17118712611742137
a67b0c453741433e,0.9646825291993958
ca448875902e47c3,0.9643923437101396
4d109aea7deb4443,0.9914469848986206
2aef3b26e9b7441d,0.9901928552829748
7ee540df2dae47d8,0.9320744218551509
f3e2ff82093847c9,0.8841576733793419
ad20faba653548c8,0.9929901744839725
96e8f886fbb4455f,0.8547699658156352
19bbbb0b6ffc4672,0.9709347249794789
a4234d662ae742e8,0.8144312566332275
f9a7ef7847a54637,0.7472403099100785
5cb9468071374014,0.9535599036395144
55492281a29048cb,0.9712248527605695
8f7f898bf87c4bd5,0.8728626275450679
c514adc756904115,0.9947813005729925
df0f148e37a84b64,0.979513954507863
011a7f9b1cad416a,0.9593177719864739
2ab927317d6f4469,0.8679934597370851
281cb3be71ad4d0f,0.9905061193366438
a333b3531d334b4c,0.8678262372955334
448488b999a74c12,0.9811070925841211
161915249e3d4dbb,0.991314402043186
e8a037b5a6eb47e5,0.7765750189506069
53b71e1423314c27,0.9923331556763338
df87eba7e6dd4161,0.965238123887902
92f8cc3f54c54e8e,0.9755864423255065
26e412e92d35490e,0.9325241973137028
29d5adb62f074b02,0.9930846587285009
1e0b5ca90b314994,0.9738668267677454
e654bbac04744a9c,0.986040110912463
2c59c4e153e84213,0.9867124792310772
34be4968b6f7480d,0.9899038015360473
0cd7f41c21ce41a5,0.90285284575573
4bb9884497d64deb,0.9951205903991168
82ff4c56d2f44163,0.9410125907488901
0014bd54ea894f83,0.990431436936998
3a99b299306c4573,0.9939840663401629
e2e601c073114992,0.9817336265604786
6203ae0d9aa2417a,0.9013029555353503
8f673af7b9b04c36,0.965292660702929
7950561e4bda4f81,0.990540160271155
7d4d1ecaf6ba426e,0.9878819732622173
f349fbcef56746b7,0.9808115414802666
190bcc9f8a094d6f,0.9578482682439373
c24368edbcbe4a9c,0.9815386184110168
71b4cc6b94654e2c,0.9707389973221611
ba6bc61a039d4e31,0.8287410807460256
5bb06821a0de40ee,0.9853541442443214
7728836cc5734e81,0.9501235244315511
30b102af05d64b2d,0.8198117489224158
0d9ced7209ec4072,0.9700041155828585
094424b51cd04db1,0.9844569917494006
3b6ff2561bed4ea3,0.6755751380877415
a04534b347994938,0.6982412361880777
0f74c9f3a2984148,0.988882804882028
f8933209cf2544d3,0.9599061489100611
7bf4dddfeb0041e2,0.9837946527824076
91b74dca6bc747f4,0.9919027727778236
f86944dc50bd4aea,0.9939741444088362
3326405c1a8a4d5d,0.9743867614772149
af4f0df942b14c37,0.9900787208695723
24ffa18c362c4f51,0.9788014122487894
03845cd8d4784904,0.99490340148301
fb9031875f2d4af3,0.9078446645246185
8e37b71ca3ea47c2,0.9651102506695619
824f517b41434df3,0.9600147102279216
3f685ce6b3694104,0.582660918299917
58f7d058c5f84cbe,0.36234488197073456
40c01fb07db74c21,0.9251898843999428
2fe3dc62a2464590,0.842516972935224
06475c6badbd448e,0.9931185952813214
4ea79524784e4060,0.9848224253490292
1f4601d2966c4862,0.9934791579304912
74a6c066e3ae4722,0.9929208434612098
3bb7a47644924cdd,0.9777451021981036
7d835050efd64226,0.22260562618922952
2a85280b017741ae,0.9733009257329502
a7f8fef2f0614f2f,0.9725180512879241
c2b94c7448324d87,0.9461011742381504
868709564f4540f7,0.9771349993459125
176d6688613e4521,0.9692172636350058
c87f1141e16246af,0.991804196671658
644849aa32cd4e94,0.9432157212920996
f4ec3d2198d1404b,0.9858230436284344
321075a98f6249d7,0.8570487918735606
03f3f614dc524d91,0.9806617349605176
7de0aa3e265540cc,0.9867418149072542
6afea9cafb4a4c42,0.9874989374371784
45b353e3e9a644f0,0.988765508378601
76350a037cd34ebb,0.9253887131272898
d0fbb43f791b4341,0.9769964153522117
b0d9159cb8c24f4d,0.9822073477341263
a0da97ca48824815,0.9736071824998286
6d193ea191d149b9,0.9510552141589856
1dccbfca4a26491a,0.9889655111389434
40ec896fabb24934,0.9949139181823622
fd5222e5ab82484d,0.9910673408467892
5817e0abc7784e82,0.9125724332490709
dce91e1302ae46fc,0.9618752405564347
671d2ef79c294f31,0.9727109837125212
7324552bb9344006,0.8937474128810383
38e9a985cc7b43d2,0.9938110302595649
047d68655d1f476e,0.9841810386349741
e01bac2069084d0b,0.98636179075068
141f93c442d44495,0.9845994931035877
dbe5589c8ba2441e,0.9776782489413843
b3cb6e495caf4883,0.9949463532359448
2ec7d157d6c74ead,0.9897933213440411
b44901d23c6d4ee3,0.9933712686484719
2acfc29768cc46c1,0.9922366854006412
5ab5bc051c074fa7,0.9479995352383005
f4354c5f26744336,0.9954766950531809
3f93c9f9b35e47d5,0.9691357324169461
312ddea5d9d34145,0.6145052604408219
b35ce07e6330496f,0.9551948282686643
ba544a6a7cc4442a,0.9196873723171896
b4953f66dcb54832,0.9897791348381656
fef483b229414d47,0.9631689403252004
fbb490d29d2e47fb,0.980355191631272
3ab5e7f1d0f041e3,0.9925854167167524
dd49867de6064069,0.9889598670483448
2077ca177b97430b,0.9398375218927452
f9d49d8e2f124a7a,0.9731836074099434
308076dddf664562,0.9561940967886082
cad86840b6bb4d7d,0.9617483583443762
ac5886b95f104885,0.9896817878835229
5054a831515c48f4,0.9411299250720147
3ac3b43d2ae343b3,0.13937812480654904
9feba712f9f441dd,0.9940348380555151
d6ef426d59384237,0.9409977084407413
cc1c5db6f6024c4c,0.982971369917901
8fb27eb458f443a0,0.9605380745125414
035d8042a6b34117,0.9829939722676567
7f3a949a67434128,0.988744494576801
b85b79f9611c4517,0.9927915228798074
95d72713b52e418b,0.941216960913213
68899e739eb5494d,0.9712648424456235
fbb3d07dc40d4597,0.9943017344488796
3d3c388413ae4ede,0.960452805279368
7c523e30ceac4d6e,0.8769803753198475
a510c50e06364bd2,0.9634524105561347
95297166e6db42dc,0.991877413570538
50e14b6525eb458f,0.8031017955359923
e9937cdfa148461c,0.36549821865038423
4f4b9fc44adb4c9e,0.9823313351119125
882d4d540ffd49cc,0.9879914737861897
07900e5de5c84de5,0.990756137668263
b72db3961dd14d7b,0.5811799017819235
b384a22c05974ece,0.9759594407862948
da927ed9e7e943d2,0.9498369563463465
e188647b66524ed8,0.22802899566032084
b1cf7f477f644b93,0.9662810679027911
d57d52ca4ecb4aed,0.9868708771305468
429d517f38ea4897,0.9655096825358406
5a3509c4db3e420a,0.9915923852605097
ce689add33ad48b0,0.9893130567044828
451d31fb598a46dd,0.4351083289524259
a787014736504e5e,0.9935164436522363
bf4572fce3214f3f,0.9626847350602645
a3cd15b811f34165,0.9935018149575245
7daee6f70f454dd8,0.8893356325794226
614877e699624e54,0.9649741921409726
c61b666db0e04e14,0.9490652389996974
93d7c4cf393b40bb,0.9314691125739261
b73567059f2449ac,0.9742611967791281
b7b55786bca5496e,0.5873755637477963
a3151a45dd6a44c2,0.9112368898769898
b33d9dad0d6c44a0,0.1253816924239814
330faa7b37ba48c5,0.952227094490276
8a780303cff143aa,0.9775562134003302
a0f7d8c1b5174779,0.9481504451794505
132368c8ad5f4694,0.9204314872501277
8654765ae7854e9e,0.9634836627765943
225002eb43b14644,0.9450290459125883
af3e1acbad1d4aff,0.9647133000791861
078957f719cd4347,0.965251605837298
bbd9524e38e1478d,0.9913611165319317
b3c260dd9b8e434c,0.9691957165417644
081d724bae9a4767,0.9775071648207284
eb9c95186f024e9e,0.9815494667019852
15d95db232ae4a40,0.9803387720174637
68f30cc5e72b4f89,0.9413533070148123
9d2a0c90d8ab424d,0.9784368067208067
b9d378390c044b53,0.9936275322986299
51e5d3c495f4425e,0.9825674302018838
4f691e1402534ec5,0.9918161883651099
6907cbda9a714457,0.9430174331962904
db0d094ed1984502,0.9943148771454897
76f49f5c4b794d04,0.9710533003083828
911c48fa997c467b,0.9898261617835328
1245dba2056544df,0.9480914456636194
8445c6eb7dc14aad,0.9204081967220631
e4e19115adde4b1d,0.8353763727032286
330a6f67fb504117,0.9790998582748258
e1a6bb9522fc4fe9,0.6195226537109796
3beee2c1563f4eb5,0.9714755005952334
1046739ec32b4679,0.9774738711881394
9ed0c74fcd774135,0.9070785453858766
31d57aa631874518,0.9720095160425088
02e6933f5aad40f4,0.9338031826473985
ab1e177d7948411a,0.345676426056273
ce1178c5484e44d2,0.9945479185475197
59906bcb00db4421,0.9696488645888705
bfd06dc304544ee9,0.9646859312809728
a6b43cd7c7d34f15,0.987703460198696
8942149ea8ec424d,0.981563501577693
b2632e15957c4396,0.9952615126424285
58935adce0ae4df0,0.9851366331202621
bfde0a16337d448a,0.5020458744036318
f5852876853d468f,0.9796412554471947
e41975d675e14c9f,0.9720611875853382
ce43053ebcdb4081,0.9791414765800941
5dc3b68593034dae,0.9677815591896097
aae3b26541884363,0.9254857163827829
a90fb699640747e7,0.9890170022217418
255d865edb294fa3,0.5738397935556622
3958ac6d55064fbf,0.9700506102664729
f7d55e57d5214186,0.954977476813448
e63e1c0151754183,0.9268744568196159
e4f49dcb67e44b23,0.9824597226898295
4a329112c37c45e7,0.9954519226486042
b27ab0dabb3b48d7,0.9731067726499445
0e38d67c915a45da,0.9872725040983733
634ee434cfc3468e,0.9692534775029159
673c7079493e429c,0.9869131014068285
5c61147a16284c6e,0.9201099632400751
d6a4a45f1af44570,0.9723278915352351
3791feb19bf142d5,0.9726472225001649
1d5e211859de4534,0.9780578686958818
17de6f3536b9427f,0.9088114634456451
7c31fb01e6e048e0,0.9725522956064898
f8e4a52042ab4142,0.9738731619056263
ebaf1dd843e848ed,0.989686054078344
7dad5762574f4c0e,0.9952302767551746
2ff39d5ed40d407b,0.9900956909451748
bff03addd99f4975,0.7511956326975208
b324fb50456341a5,0.9243713639993366
b6d54282c0444ff6,0.919573064891517
b502fe1fe2464a94,0.9722725841706659
2c2ec6f2c5064cd4,0.9078253067692013
0aad4786efc14ead,0.9655921670468878
d008cce570a84e34,0.9005723538972232
b248c4f014b44447,0.9722987029382475
5970f8e244834349,0.9795035779103258
105b2ee9f9b34883,0.9935173978089867
0349444d18d94f14,0.7049810252807537
20f68fafc79c4468,0.9491397612911333
3677229982bc4f3e,0.9592956712906162
5335890229c3499d,0.40317233456883705
9c22b30bf0724d6f,0.5080224627943765
acaf45a55b084e52,0.9390707270962462
0a5413caa9ea411c,0.9666178642592337
22f6f7a1e6d346d5,0.978734142431484
0e86a92793f1413b,0.9654531450120226
60da39f925954fe3,0.5418708401162279
d82416c540fd4293,0.445020598696762
17fb641dd29b495a,0.9233953917782156
19e57bb8ca104b72,0.9573971060854948
6d67592a94964972,0.885331417494044
f2538ca8f5ed42b6,0.9824072446298295
689abb16b9ec4261,0.9871788959447487
51f7a97c27dc49b5,0.929498420610475
6330c07a1b4d4943,0.9642160577505792
4395cf5ee6814a43,0.9576464752948188
4cc74dd00e2742bd,0.9044562476894491
52e98532e09a489b,0.98581496736471
f32495d582664c64,0.9937643310293109
a3670132c3234a2b,0.9784850986120579
963ef4f312554ff2,0.828649799249364
2387a5a9b2794c4f,0.9638713066438859
eca5c2173e0d44d5,0.9936933663600456
92e33cb40b86432d,0.9962851353017201
6c3ca95aa60b4440,0.9913850972790851
3659408b26b34adc,0.864858062593844
72e1e6ec3911401a,0.9909041066805366
8ca5702586fb4f54,0.9946906535760757
be09ad0472164bd7,0.9925153316649531
65c675b1af8540a6,0.9890233723223198
1be8ebe7b2d74376,0.9834095531028476
d1044dae8b4746a9,0.9755622689684534
92b928a665fc4102,0.99440436092311
b43108a4ca4f469f,0.8167680601103076
933f2d6cd4504a68,0.9903576555799386
a62a5dd54ca9413f,0.9794384143509192
a9538e49dcfb44a9,0.9696415572894432
a9b4075b021b479e,0.7683032443834128
c4d14d74bb9241c5,0.9504347092402823
bd4da9eb9daa4f34,0.9866646975790543
1facec5a33264b95,0.9938282039166515
20563ddf582d4522,0.8893275474928597
51a13b8074bf4809,0.9953350851781163
94f32b52bb8640aa,0.9697027284549001
80140ddfeed04824,0.9866308780705131
69c590ad414e4485,0.9691414749312376
aa621ae28a5744fc,0.9402035969624329
0af7ed9dd1b04fe5,0.9540200910145102
28f01835c74f4897,0.9231652164699783
a0c0b0b745824e08,0.9938248123630643
bbbe147363c34483,0.8148775234404584
7f75a24bd2bc4e7a,0.8632074675174823
31a1386f42c14779,0.9163087459211814
8c52ae0fecb64486,0.42043998583164727
14422089c1cc462d,0.9715902205755785
a7ef25f1ac844f49,0.9813740175995015
0ed2b903ee2646ea,0.9580903024445199
10428bd5997142d4,0.9918802545245823
7ff233f64ae94313,0.9643655255067918
c6f65bd180704705,0.8995934275228272
65cacf25f699406b,0.9891620711339968
d74bf036ccdb4931,0.9920842294793296
06c97c81f1dc4074,0.9611352985992079
45a8ce005de7495d,0.8642096879906586
fd1336dabeda4e48,0.9915508368660089
b9a2602d3726409d,0.994455877959702
ef30fffcd7394d5e,0.9786256885822489
a0942d70d5e74b90,0.4451978631828261
4373d3bef4a4494d,0.9851105354079716
54f1329456e44d7e,0.9950323372458223
c1e7f9c6a61d4c51,0.9400298765183749
8630914f47b84ac6,0.9888069766568239
f061a207f36a4ae4,0.9928485358771628
b40b54519fcb49ae,0.9326585583778145
68297a11321c4768,0.9939613315484038
3bb67c46da594ec3,0.9948278295228048
0db8fb14a91e40a9,0.9691573616139483
58b8ce085fb44a31,0.9906450406647211
6aefc5b492194782,0.9853627556566223
4c8d9aa09a8f456f,0.974045292823439
a734abb703f04bf4,0.5534158743762532
7e11a4a7ce3145b3,0.9854867825212059
56f83e37864c4306,0.9922008748698659
06e13ca2b4604867,0.940894364178904
982bf33606784d90,0.6836772406321046
58f9d9478ce845c3,0.9487972034329847
d3f530f91856485b,0.9941120955106362
efc8e4434cd8434d,0.9889193081812409
b4b90ccfc3b642bf,0.8678886518941968
48c93dfb8eba4d33,0.9835316491925801
01f4746a817d4e90,0.9740297260305395
17819fdf04c5437f,0.8862648098703746
bf84073129cd4c88,0.8591300923106925
f5f9b1b441a44dd4,0.838595031489606
fc38cbaf5e734e24,0.711026015188531
93295e97fdfd4ff4,0.8824272330844307
8e98af2a55384ef6,0.9847270513977378
05818ba7aefa42ac,0.8499252466892425
37f97b6f5acd4765,0.9748532943768415
da6a6b3631544ba2,0.98879490397322
0e09833685494374,0.945016682095242
f7980ef8b4ca4c39,0.8440447942892998
c409fc10c41e4ed3,0.9434632613765052
b80e6bbe002f4401,0.9854898944419757
bea1acb7a85c44a2,0.8237115965562308
dca8a68aa04a4bf6,0.9776556056522032
94dd78447ccf4167,0.9907156448518435
01ef5813f07f40bb,0.7864163248965892
d657d7e6b32d4673,0.9934084415462753
9c0c39a757d744e7,0.923911639094303
da765aa63dad4610,0.9118947863433144
d43fc13971d641d5,0.6997357360593417
ac84ea30dfca4f93,0.9916693776883925
a1ec7618304747ac,0.9932447122097925
5aa173c56d6f418a,0.875230250875533
bff17dbdd4704e97,0.9845755181673349
b027e67537484633,0.7622300664138332
6abec175a80e46c1,0.863624714471283
f688124b89404e30,0.9836018755051207
fcf2d88e0d5f4736,0.9815710681816588
0910fbaac7ba4ea2,0.692493500335141
e34e7a53be054ffd,0.9034002427331778
6e3b18ac8c8c4be3,0.9854087774679783
001dc8d9da4f4433,0.8638102650576018
a093585651294578,0.9651764606865431
000ba5967ee740f5,0.9513591459459583
1f62a8bddf044259,0.6630340720038331
cc533393b6774f38,0.9760575684624249
92efbb2fd7e14a32,0.970654591484904
59e8f7a202ab4fe0,0.9881062053998345
40a49c1ebd9e4177,0.9050648643264839
6a090709858b49bc,0.9903594632541146
81cd9cdc88cf4c72,0.9555317623349652
4073c70496e34cfb,0.9910318261126028
f64634b4d2a749da,0.9606268398644037
60050784eeab4e49,0.9927467954042928
c8c3e577d8f344a6,0.2787304624485531
facbed128bb54d36,0.9715694563587984
c373747e6a93484f,0.9782879645577399
8725748031b74dce,0.9496618169695104
ff67fb8f6f434378,0.9544197356789674
2ab85e49ebf845cb,0.9872101178471627
ce17aad2a53f4176,0.9368835863073122
17f879a9a56b4a28,0.9936828448140481
9c659cbd0ab146fd,0.9481722402353299
566ce7bb84b542af,0.9952513267500993
a448847fdbb44c9b,0.9685321985964979
c51f6ceb3c22430d,0.8010397348727224
0785240efce84289,0.9915012495211091
865cedaed3f5400a,0.9822965553259045
b1afb13717824295,0.9262699853880042
2563acf775e5488d,0.9797302488928039
5609d230c9874333,0.9815666651864925
ead2ec9394bc4411,0.93379068811033
fa2e4b6ff56a46ed,0.9720331340188977
6c1ca66509464f1b,0.9041940976382469
4b966e0b85074319,0.9904980214708884
3fc0ee64cb694392,0.46079082376358665
4d8f2b0424a64d64,0.9768853228041895
38669577be3b4cfd,0.8538604433396115
d998425efe4047a7,0.8817050936449281
4fd6c3a941f041aa,0.9890552361037542
a7576f666503470a,0.9928188084900562
81ae527adfe54b1f,0.9199568362891515
321eb8a331674a71,0.9905092707810124
cea39e1b47cb46f0,0.9642427375245595
56288ec780a34231,0.9814960506812961
7f2057d8e78c4953,0.9936020509787247
113b8f7b121b47f0,0.9966385036206711
ea84796ae2c74ddb,0.9463022793433356
b3f76ed9ebbb41df,0.902480251801973
c4664c1cef7d415f,0.947884763672268
c59191fd09b14175,0.9758672578012941
67ec9af8e71e4522,0.9931342943374041
80b4257e36344614,0.9898384037236558
0f125bf315fa4c37,0.9794694432550566
61d43022dae44ae6,0.8392650169699405
a0676ed4e15f4a97,0.7256083525880429
d014d266502e4349,0.9882262636187729
16dfe1e765a240b0,0.9906063333563336
44ef8f445e174340,0.8441036625495585
60640da148d94a9f,0.9904758235045202
0d1cffa9dcba402c,0.9410397620716958
76b16bf96c8a442a,0.9536749462312318
55ba06d202284121,0.9824716649854871
0e53dd927a3b4577,0.9799832430793373
97927ec3a0254943,0.990388352458387
d13e73eb50754fa4,0.9829468772906738
94689be5bc4247ac,0.9507939255970506
56df6a2430854a3f,0.9752778222349348
edbfc360bc8c4876,0.9836848957518255
f6ab092871524326,0.9864413111189576
b67e28c9fb8e4b6d,0.9930342737377961
ff9273932b424d2e,0.9707149995832646
d0ec4a40698d4cb4,0.9657982594041169
4507432e683e47aa,0.9848669275105222
81e69240b5c941a8,0.9556549032676352
cab9b2a0a7374997,0.9759101238600628
0a4c290091524ed1,0.9947848505383912
1e394b7d5bca4556,0.8698472420739854
7e1290f1517b4c67,0.34252203016292365
73d28ea859b144a1,0.940626863819535
33c79a18738e4ad8,0.9918381272692521
8d7047a7ff8843ff,0.9804837233125385
c7e9108ea528463a,0.971640353664904
8f277d41a902421a,0.9872488433384217
f0a12b1c39f74e4c,0.9917395989568684
8a26195b347942a7,0.9895326548709192
8499291ae42e44ac,0.6691687051806069
c5709872749748a7,0.9767670694887132
b186ab2e184d42b3,0.3825095832171114
df4629048a0a47c3,0.9655953020348772
9439539b860548be,0.9791970307340749
a00302d8cac440e1,0.9870625496200229
612a0b34eb2a4af2,0.9820567119424979
9b8c45101f3f4b51,0.990419919187711
0bd52741fee44384,0.8873495135779909
6f318d3105cf4bf4,0.9314450708099302
f434a69d85c444f5,0.9904475266264582
5bfddf4e71ca4748,0.9899243749516037
88d0ec8619a74419,0.9936610690169868
6986e6e4cae949a5,0.931857861476297
10c1a2fd38fc42c3,0.9957648254735675
9786f866e79d472f,0.9849570350288998
1337196161814a5c,0.9912313016033364
0410eccf0a4f4d63,0.9924842966392223
a90cb54127864e3e,0.9031964521979507
9cd3ba8a0eb8468e,0.9935285730260711
d7b8b296554647a7,0.9661766611674496
503776aa78b64595,0.9719603380331661
e28d633d07ef4e9a,0.9810860260216947
812311dbf62e47c9,0.9946085973454201
78f97b6c07b24d79,0.9834367134820763
ccbd5be92a8b47b9,0.9034884362732244
09951028b4174a52,0.5891534135838252
34197482fb334861,0.9415719036512138
65986361e6524e6c,0.9652392751853448
5d248dad8d254245,0.9771477364361602
96ea3c4df2434c9f,0.9248408382939493
3c6981fc11874b9f,0.9871190210646571
f2e98a664adb4237,0.9948395729291073
7fec74f4754c4adc,0.9881296008166862
7590ebc337064ad7,0.9555268948255122
9ad24261794a4b73,0.8512657211421274
382d5e8c585d47af,0.9491635500951009
2c8cd0d4335c4ed7,0.9726383440779938
0c0216b9450d4309,0.9723477222794126
c7d7eba88af543ff,0.9070160661707835
048f6b3c29434bc3,0.9950619444121911
174f4153efe14953,0.9881605888364678
babb227916a74d0b,0.776808461028329
1db4be365b314563,0.9790321795970598
fcf12d915f2b498e,0.9717662477240673
e4a23215fa9b4335,0.9619096047480825
8a64db46c6854f90,0.9922379567464796
afd8d18beba74579,0.4826445679199898
ba04cc365fad43f3,0.9507936073243428
26cc2f45d7e94861,0.9583251511235547
aa373c33fef140bc,0.9884647839182096
2fe16d71b09c4089,0.9951402183746201
c8bb15727c274062,0.9855829850192859
9c5df8d7d6a24b68,0.9361771241082211
50f02dc0888f49f3,0.6839880349367958
96e2d303af084b17,0.9827933834222004
e83bc84931c9408e,0.9896764126514345
259616bce00344b8,0.9861205566748825
07074ad7e4024cf1,0.9770592928772643
f777c8dbaa13485d,0.9482242804983354
708b8caff37144c4,0.9884315464266887
f8fc0be7ed4240dc,0.9909378587561092
f82638adc7bc4a4f,0.9894756972125128
9ff60dfaebc246d8,0.9706711654979335
3f458437c3ba4e2d,0.9714415149822694
b4bf668a35634911,0.6396043562409394
3c8c7856e31b48c2,0.9883249610101504
9a108875ddcc4b05,0.9441607327996484
f9455fe2b98b4244,0.9550894858305972
c429d04ccbbe4baa,0.9938924731125868
f4cd80f3959441d0,0.987511033047016
38d3593885ae43d9,0.5818103102386374
d00d85c94dcf4208,0.993906610297189
d717b8f4bcde40bc,0.9819577080015808
3f4b6609ae9b464f,0.9871222440272682
c356f1d85aac4a79,0.923269934954347
ac5fc1adb9ba4a96,0.9295024022424674
edea83025c3345b0,0.9911025941835406
9f71ef6ac034433d,0.968431599350768
469d8291b2754cd6,0.7644737478673258
84c7c39428d64997,0.9918161883651099
ec97b5a0cd9e4085,0.9921898853301648
79ebe28eb8c14540,0.979613926986654
1427e19f727b4d33,0.9749638262514795
9dd64b951cfe4c63,0.978155847571394
d30047bd84934421,0.986077768231412
89b3488f4d2a4f94,0.932674235247686
9dd0ecfa9b694877,0.9920089581635854
e83f2995e98443bf,0.9801230785431885
9b8bd006151a4083,0.9908986384356426
f9cca0b838f5487c,0.8185770331841121
1b73961830ae4e75,0.9904074641466684
a489d00be5524fe7,0.980084545314107
f480098c8b204b5c,0.9834445434478534
ca4c31098652461d,0.9855161594762121
488df74c94804588,0.9934844990896753
ac51904230bc4435,0.9793595731955325
42141931d53b46c4,0.9948704572928886
67e85d06b93d4620,0.9878221746738735
02f9b9e39be249b1,0.9794741002413083
bf342624d8fd4b8d,0.9884550777316594
f714d1f08ad54f90,0.9710399237180413
938b4e2ae2694b24,0.9921474396620305
5978c8dc290c4cab,0.9882230325056998
9e4751c6f7ee4056,0.9721424431747543
d5b06cad6b4d4fd3,0.9005297538913191
6e4db596c33941a4,0.9104728870235862
66fa4b0a2b7f47fb,0.9865935683507618
3a049f4e015549f5,0.9430082247558138
c9f00f382afb4a5f,0.96110565331633
2056e71de72e4748,0.97388789637252
fc1bf1335aa74429,0.9264614101372125
94ae1ffcc8ee4e31,0.973534119876755
3844128563d142d7,0.9893727042492202
518bc26860bf4828,0.9636335808661523
828cdf77d1a445ad,0.9935352111159104
5224d0d980954ab6,0.9611326410997092
329fac841e314e43,0.07843451513118481
008716d72cbc4fdf,0.933701708284657
4b550a3cf5524490,0.4363183392189379
5d2d616823274f76,0.9811736079579788
345f49fefe31495b,0.9656442440106099
b391cb6bc83240ee,0.9082028065686039
b381d9a543a04f86,0.9846968025014522
b0fa34483f62429e,0.9794764691889503
99414fdf9e264ed8,0.4339451078489948
f6f79be62b6b4a9a,0.9020289195277543
a751f0c23d374752,0.9939887076250461
587874f53d394a56,0.9290754197654593
692e69cfca474185,0.9693091318156515
91d0cca7c7c94c85,0.9427412766118503
b200f19f19c34e8f,0.9186766938242414
e56bd71a84054b04,0.7444786257863341
00c1750dcaa548eb,0.9701116207204039
1f619ce309384a73,0.7011333355047564
d33ff56a5db84cc6,0.993469952667507
a1a430fc76344367,0.9861761667638221
b616d53bf8cc4fd7,0.9824838105769714
06e7d44ddccc44d8,0.8993733359809248
96578e0fee6142b4,0.9766323048697002
c7ff8842a18c4e98,0.9858253276920304
868ab176d1a64d3f,0.1250330997389691
fc20f8e283ec479c,0.41934879637627603
c854874789c64e0c,0.9882884707459899
fd5c869f558741ff,0.8946388220818973
bebc0486c59e4aa5,0.7632576913185423
b2c09beec5d74da2,0.9480169325333309
b6d1512add8f452c,0.9440997515866212
b3b4371634f84fbf,0.8733662269728522
b3986c430179445c,0.994607980884149
e190d400e7614ee3,0.7009411704076153
ecf9663957ab416f,0.9795819451846342
fe6e92474e994751,0.9893592116343498
fbd278587dfd45ac,0.9703164570266969
5c9758aeed8f4b04,0.9910775565206462
adfbb94bb2884d5a,0.9935269594694601
c94447c90978439b,0.9547472289522249
47574fce20a34d50,0.9930268803840423
4e337bf5bd2f42ff,0.9889455175514181
ee980a3ccba84b3b,0.9883507521324113
9e2ac1d4d2bd48c1,0.9245314845917451
066fdb15376b4cf6,0.9944976948689133
240f2006aaf54c60,0.9900906011287596
ba3037f70f984cf2,0.9689588779135626
0fc26bd0bb8946d9,0.9745065529295829
4a18e761a549430e,0.9909484265618268
fa600176c1a8462a,0.8399845008810344
d78447ccb8444620,0.9947552374689218
15ab778ae7b9451f,0.994024700481799
6bedc676b7bb45c9,0.9545849658001634
6997ee368a474681,0.9801308295157073
dee71eb335314ee5,0.9226887734284143
20d43777409f45c1,0.9814760028252524
4f19e9216ab744ab,0.9906258625166734
997e4d55a995456e,0.9781171232738373
e91dbc45d9274e95,0.9847358188128211
5a1a957b81e6467a,0.6729795011417375
5986b875f5724c7d,0.7142021835077277
4a678011e3394aed,0.7288094921946253
25df83f5db774e19,0.5148533709641974
cf67a1f26d964661,0.9873527041301026
dd0b4bd14e6a49ab,0.9875533862506153
0d004ef9e9684e27,0.9797518303889629
859311c0da6e45f9,0.9738769703804102
674843dae9724299,0.9694774694791448
3c36ee45826f496b,0.9925463093684199
02481c0a68134f7e,0.9709677146421958
90b1908967cc4ef2,0.9926421391379469
2703121c264f43a7,0.974502319504753
41bf33a024884ceb,0.9791347766008913
533c4ca476d94104,0.9825925383661789
ed166a2987454453,0.7658324986895855
8ce92b3f1eed4c5d,0.9523712437037799
4f513a7e5e0f46da,0.9602997963718561
47c28577990f42d0,0.9421573007288808
f9125dcfce9e4b87,0.9948134973282203
e3d1b3e035f74fea,0.9554546293300337
6e24481c70f34045,0.9889745028501489
1ce304ae720e4993,0.9856640187587432
286a7bef0f8d48bf,0.9966199908148387
2c55d00578834a4a,0.8482071089881469
ed34ba9b55eb4136,0.946719101386195
459ea22ea28941ec,0.9877488398665466
510d5cf460f54022,0.8864417287559242
3ff0316d031849a0,0.8536094138855196
b0f4ba08347b49b3,0.9208746385820212
abcd174885de42bd,0.9916859415387942
c5d611da18a84ee2,0.7008635807293897
64353e838c814cac,0.9887919533968565
c5a0c8c1c55242ab,0.8709235929248322
9f258d7160904ba3,0.9888610324334213
d30160a2888b465d,0.9970532380603903
42cb438de68648e3,0.9405049409645547
dfd62b77fc5c451f,0.9902638748925836
e21cbe9bb99742e4,0.9683458103174762
51a8c2e602ec4460,0.9894990718942962
07449b61ecd8484b,0.9610669511086212
aeab7220645a4253,0.9895511084950648
d44fab65189e456a,0.9638798935123306
38a95742e15b4c51,0.9937681402015365
95873066c1574291,0.9918988661422887
2a2ecbb48ea741bf,0.9756381925593514
5.08E+15,0.9688399473971815
02708c4433f54b5f,0.9526879897559029
5c53777bbffd4b12,0.992539883833987
c6d0aff10a4f4b76,0.9859799351264339
2fa52aaed1fb467a,0.9949911573322506
32b70df53f4a4b8f,0.9779604900887348
6db37e5e215d4651,0.8902874423546938
a2be6ee505524a95,0.9841654503658512
00675eb54d89469d,0.9684516849280109
d3df4fe9997e4cf0,0.9928516199559754
85f9491f86bc4c3a,0.993028123444972
f6b67c370f974381,0.9747576150916378
2e38d318155b4d7c,0.9916948718139278
3d8bbf46760947f4,0.988591337120622
00d47f0c5bd64e18,0.9869371962620906
4af5b88d35d546a4,0.978978889066342
cf5c0565fda74efc,0.9640555196580382
6bfcd8ea2e444c69,0.9793688060286438
e44377a0ff094830,0.9898148409576326
71db0b26685e439d,0.9657734010837803
fad5af9fae8149e7,0.9261042545327911
c74c18a9ab6c4acc,0.8966267899224052
9c82c74820914eff,0.985567618870272
0abde4e6a4bf4d9a,0.9573202491902311
e0558851d9dd4c9e,0.7879761735960158
4378b7bd35454983,0.9565035965363722
cdc59ff825674f70,0.8017346272962346
ee1908f9e1254fec,0.9391672314403159
26541fc3f6b64fc5,0.9938792209128527
72c8a73059cd4ace,0.9866855216504019
eb3480d51e0b47a3,0.9922665969401565
c796526960154c8a,0.963659718646354
8cd9efb6ba0f479d,0.6012977520761826
43070e123d9a4ef0,0.9789018074248578
6c1b09322b4d4bf8,0.9605483247918185
c8e5f9d6bc9746bf,0.9761147140900807
32dbc66ab47d45a5,0.9905006043674982
5cbabf06ce3f4c9a,0.47680850727016555
0883a78ef5a04c79,0.9380893491261062
fc03662bda6e4374,0.9570295158476965
0a2fc8eea9f64250,0.8515668947430447
5b6babb70e874a06,0.9941991494749078
ca93972f076e44d8,0.9900469292480836
d27238baf2ff4d7d,0.9912714108720643
720c0280854d41db,0.8903917653412016
9b9870d556d34c52,0.9076244577023429
a809034c4f8c4cc5,0.9716028762634696
a6e21006c83b4eea,0.1524849746480488
28dd40d2345e47b5,0.9639757719659455
afe626e60dea4dd0,0.9731563503754502
b75721081da547f1,0.9526033630550275
05566f64555b4f00,0.9437240096882704
e861797676b2486c,0.788752157845602
f59be1d3b1ff4ffb,0.9310551916938714
829ed9e12d064ddc,0.9876795462667086
7ef8701deabc4b0b,0.6269347793178934
e363a1b9235849a1,0.9792903508329834
29a38f63d182444b,0.9746493386896045
b53ca64fb7e6412f,0.9620660392506875
a6ee3fef8a4c4046,0.9764559829213081
59d7a67d6bcb4158,0.9652513454204199
98c5c94331d74be5,0.9612723523448752
e9921097807f4d18,0.7397245084034372
0d4cc850907d4a74,0.9899506452677841
9374a76dc7bb4c51,0.9799905402698894
bc8dd475a2e544f8,0.874621932755525
4ac7946b40364598,0.7991224566066575
58ce69dd19254706,0.991861437023178
b51fb0119e654dc4,0.9107222473708644
56063ee6fab54dab,0.9936335324925615
37fd5faef081487a,0.9103991136686116
047d3cfb99b04a7c,0.9138773452862109
1a60d1f403b046b9,0.9909812324989901
776a45650b9f4f4a,0.08862182699356883
205dbd7d67e344fc,0.9365051748244232
32f2c8a4069e42da,0.9879881057782812
3207e7884d9540c3,0.9844455122599317
d03c1c4bbb724b0d,0.993526535345541
69eafafad5cb47ba,0.9930596216303972
6cccb7142ac04542,0.8822909500228878
9b1441d5ff144836,0.04714762138241531
75b17b01e6764f20,0.9876283805720549
14aef57c68d44d6e,0.9713869708057965
681a417cd42642af,0.9739955169386011
d1b37b28a8954837,0.9930013070039339
00680aecbd1e4b7d,0.21879905424861518
34c474bbea6a44c0,0.9955516865696927
f12d3c46a64349e1,0.9746692214661575
073f388858a14976,0.7183927546722992
2705f0a2ebb44428,0.9370593366753728
1f7ad93c7f744bef,0.981980315402583
0e49cb0171c6413b,0.986124407682011
9f2dba0947b34e8d,0.9731655045089072
e73e77bf3e2d4b77,0.9912922082212713
39acff360a40425d,0.9864535740012567
a2149a323c4140eb,0.9748385060579701
3e7978f0b051441a,0.9910267565807604
c8e4a981647b4459,0.9951763208607544
af4e8c369dae4825,0.9199959419475107
90e63b5fd84844b5,0.7973406448840907
c7ff6ac9d19f4dbe,0.9934667537817645
f8fbc38eab234b4f,0.8337530059512293
2eb064ea67f84551,0.9898308439921564
c9da8b29ec5c4b45,0.9723458356815649
5e969ab93b63459c,0.9852430128639875
331a0b993eb64f11,0.9944179803714135
d78a6c09a5b844e9,0.9870497319018863
56f541e4444247f1,0.991347196166861
692ed31b1aa94fa0,0.8927096055560982
d72f04ebaa30459e,0.9612076427561765
8400edeaa2824972,0.9938036193298799
d5f33148f61f465a,0.954829038178439
d70953dc29c144fe,0.9863596819508093
9cc425b73a284287,0.9932893287214559
1d673b95a33240c1,0.9805601727302617
2ac4aaabfdca4f2c,0.9647486548530704
39f0e864163941b4,0.9841993575193392
8c8aba8acc0443fc,0.9902727072283704
b779a83153794d94,0.9459317311048796
62d12628673b455d,0.9466068178184418
889ae51c71ae400b,0.9703790532406431
3a5f260cc8fb4e7a,0.9942741197926726
24dd0a96ace54dd4,0.9786041691274665
69a5cddbad4b4301,0.42900066620407956
d34113c8f42c4dee,0.9925634193021292
9880c78e00b24ed9,0.9556033853729066
bd8510831eef40fb,0.9957038711403227
f2849201c4fa4610,0.9531247573100051
97ddae31765a45fd,0.9903171126366426
14e774f3a6f44a82,0.9656396743155191
d195476c5d0746dd,0.986239421895369
f8c78d4b83f3445c,0.9588601547140672
c8d2686ca7f44d88,0.9497009129238508
ef731c3a52124683,0.9937726803009967
c3e8fba401b5414b,0.9326971237652639
eaada7e9ba4c4bdb,0.9932098944634223
7af814e6f2aa4c1d,0.74208537849194
d2e1619a066b4f6a,0.895467657686725
3d5e9a56656244bd,0.6515601611418872
d820d9f1e343420c,0.922962675944369
a60b619e789e4cd0,0.3955470451639872
c40a89d3e4d04e39,0.974179730582658
765a184f4a044642,0.9953762879369312
3dfe0f4bbc9f478a,0.9840273785978058
4ec30870dd6b4de8,0.9824857694238673
aeb6070ec3e64c0b,0.9386997555674341
0b1139fc7ce641c3,0.9644798819347027
6dec5bd8286e47a3,0.9856246795013286
a9715eb33ca448fc,0.9716585616936024
bce403f3469b4bc6,0.9907360002648392
66569db799034778,0.9914575178405632
805a7b9510384e62,0.9540623279947884
83aa2b56d44648f6,0.9667431481632157
2f5db55f4d0c4a74,0.9945466875356166
f53838f893ef4d63,0.9640917993743633
be435002d14345aa,0.9940592611350197
356f04a41b5f47a2,0.9342127712426791
2ea282b5223144cf,0.9025105748843856
2e682079a68248b3,0.9732595905072717
fd14969b45424584,0.9208156600590561
176b7a53d6ba4030,0.7905208735613307
a796ea61627f40ef,0.9071125898589827
5174fb256ad94ff5,0.905785591715771
4341292ecdf34370,0.9828810457454271
439ce5b28efc4db7,0.9931012365051288
d21d2f56f06f420c,0.9058461731716057
ff1ecf5f5d504754,0.9913326200162252
87c08cfbd06f4c28,0.9904269890012374
fe3b48bac3524a6c,0.9758346862891301
009990e6bb7f479c,0.9916585318955793
4c9391df3ce94fd3,0.9576207619516296
29fb582686ca45fa,0.9642974379572825
1e182d6d6a354622,0.9198574576785233
59ad9ccd98c24b7a,0.9856864947440016
5bdeb1436fdf47ee,0.9907129787622091
7947ad57baa94d50,0.5766795985026821
59cc15dd3b3540cc,0.24216582323846314
342767b7fec94376,0.9956101438212878
0f6a1a8f801047bb,0.8186275766981781
5318da5fe4f64b07,0.5593781057737174
b32bfe4f1d4f4a66,0.7831966384581162
f1f9616b9e544682,0.9945284553241114
5ca5b69b788a4c15,0.9581234931762037
94b37dac4c2947ee,0.995335555501704
7e1c563b219b453c,0.9940937581450269
fdf6686cb6c74fa0,0.9017472380164875
75be0c579fbd4d32,0.9905928119919182
b07e452233174327,0.978071008697389
2cbfe9543c51406b,0.9958139923902966
da8b4fbd0e3c462a,0.9776505335429819
495ec9a5fb15474f,0.9209845782421997
6eb6530474df4533,0.9940606039475611
fce63179e65d48dc,0.933519765936642
ba366890ccc1440f,0.905505301244513
d5a5f2545d624daa,0.9717090284263028
960e831cd5674587,0.9624614320035892
611573a6b42644e6,0.9708268938444578
d3f059f5b0e44c4d,0.9902746783736418
76030f592bce4a99,0.9186093747657692
96b31028cee44a86,0.9553963405871867
0f82ee805b70460c,0.9937105159851305
5d9b052e09384046,0.9942423383088508
2490e4d85fe44411,0.9886461237440013
f2ece816b7d24c6b,0.9103804151146315
bbe69a21e2dc4a3e,0.9401500766566115
d8ba376e5a774a1d,0.943321801245291
caf880bddb7641f4,0.9693816784708712
6a798d381fa64058,0.9662857234653874
b2436cebd56c431d,0.8838834675194865
35fe8ce62f8f41ec,0.9543027005940014
0a64b25961f2459b,0.7860441611338929
da13479128854b9c,0.7860748639740675
6dc3e6a25a6b4b79,0.9659859096991233
c6ad7884b00e47b7,0.945027769756438
0ff47d0ebd2a4635,0.927173331627705
01eecac5118f4400,0.9261150165000286
7dda601970794997,0.9725814058244288
d2d8b991e57240c3,0.9815327740453311
62404bef58964bbf,0.9526492803695257
0c8b49cdde784385,0.9814535277803855
fa78f3793a824c12,0.9766995353486809
436eb2958c54407d,0.7370344446996107
d81c8a63376e499b,0.9935734437072234
fd4ca21010654995,0.9676217100582933
45310dc76b23444b,0.9827300954157158
6366075046ea46ef,0.9569189726535365
0c9aa3a1c53f48f2,0.9958886345269411
3632a368b032443f,0.9868549188849082
3ac27551b447441d,0.7540825768111591
0cbe0c5382814794,0.9893265233639076
c5ad5393bd3848ff,0.9517753847468994
9a96dee6873e49b2,0.8086998447760834
d5c6daaa40c946cd,0.21605451039683507
41f3643aae4b4160,0.8309374997437955
1e3d968eb3ee443e,0.985719379780889
92f5984d72be4e46,0.9910199295020823
7be207c2d7bc4bff,0.9691517645015363
ee0214f42d694f79,0.9669527596653291
ee6f6e6ba0f74cb1,0.9409658876361883
cd38278924d8468a,0.9572199910217376
d2e791745d994b06,0.9910228379689935
f33e4e58275743d8,0.9912588271747932
bf5404ae6fd84b93,0.8614383103296938
5507095e54564586,0.9874443409607503
c48ea2167a8d46d2,0.9050224606154629
258a615c111448e4,0.8957813045484929
023f368796b543a7,0.9734453974235155
b080dce694b84855,0.8427398023240885
29fe55e0f988428f,0.8526002585796535
b82de012696f4eed,0.9854322148161427
a46dadf36bf0403a,0.9794403632093853
983d2b7e95e24eb4,0.9020753561719961
a13cfd277b5247e1,0.9908534795901133
307e68a534474a19,0.8673213322181276
615afc14a43c47fe,0.06541822355872717
d052d22d00464918,0.6048076037766869
c79cab7fc2364933,0.4351746878633699
f8f8604599ca4118,0.9810418371141145
7fa9896c0c4e4df3,0.9568194611974002
60809847b0524be9,0.963073624096684
9916e4af090b402b,0.9863466090745302
6f1fc66a47e84cfd,0.9167787269655493
152e8bbf87044e03,0.9888153834507719
54659c521c294384,0.9832054224897406
3842d76437b840a4,0.9955045760663237
49a5107e2e4b4d70,0.9921250487453184
79e64eb77a65487d,0.8593274051362307
7aca60e29d6542e8,0.907269857472049
cceedfff725a466e,0.9338268680883862
6ee18967b43f445c,0.9921543181450329
3721328c43004518,0.8197644317433328
66f0c1b9198a4f7f,0.34623416715725197
4f3c90cf53ff4d56,0.9806112014084647
a1e1c750b11141dd,0.9949371891097656
280cdaeda35c4cdd,0.9707830476501531
7721c9b3b1394398,0.9764642266152513
db9916a5e150488d,0.9955348624951427
0fc1483806ea4271,0.9115931428020918
17d01920ae7b4b07,0.2870881591301505
1b36f4a8601b41b7,0.9943238472475964
b084e728f30842dd,0.9626502159850847
eb95cd5759f2409a,0.7880986961461443
4e4b253c072d4c26,0.9947242594244706
0c7ad4b9052449b8,0.5890229003760499
b0268cb45ae7479f,0.9655278486835359
b6fec34a1e73428d,0.9931615957411258
862fdd7a60e64a8f,0.9925854668239976
14cf8196a84d4e48,0.984101208503394
131145c82e2a46d7,0.542300381031547
aaac61632f0a4cdd,0.3883775495570264
2f64ce1d82ca4d50,0.9328502320775005
c620968157104666,0.8936446966734447
98e9a34d74f04393,0.9694829584389767
e87ddde7faca4c30,0.9824323458576707
a0c11c270d7a445c,0.9714664651088295
548c1856323342d3,0.8481197885492524
c9a5b06f9f924e59,0.9918097777672532
6e3b5d044d1140f3,0.9740552177972459
bcb167260eaa4826,0.9800532203519714
8411f9c2f7c049a1,0.9932921769204389
13e07114a5e948d0,0.797466160429751
c2ead70cfa234e0a,0.9327381008521423
7cc3021708e04d7f,0.9013695322344489
748a5062893a487a,0.9762884893369943
442f57dee7ba4a51,0.5419756905159449
e31e77f764ae41b5,0.9084978634555843
d566774ffbbc421e,0.9680303497288921
0c3184f6973d40b4,0.9515096886179538
eca7dd78fdc44e4c,0.9542839341268661
e6b1d4f46c554896,0.9713346438540098
5525dec470ee44af,0.9801004684036243
bb9e8382e25d4f7b,0.9419752661277544
5640071b727e48f1,0.9951766093936328
fbd24f8b92d947a6,0.9638274469148083
82b0829c54944418,0.7574973374493753
7d6a260998d6418f,0.9951547615707976
571b0fb01a7945fa,0.9287922582170438
2dad53950de14530,0.9187011810986467
efb946af5dee4aee,0.9876511001146439
89c1c14b3d8d430c,0.6509439113903956
3badc0cccc8f4b31,0.7643380474824185
29b9aa3931314b9f,0.9447229232530825
ebf9d97478fc46c8,0.9886157776196626
2ffebe1b77f942d1,0.9931743481552198
0d2640a463084d00,0.9692495418618723
fc613477929c4b83,0.9832177578055672
ad371e25fa924d6e,0.9087795736981089
f6ca0795b8a34ddc,0.9852754652492693
7bb1959382dd4a8c,0.9373603631526507
86c07e48956e481a,0.9676663138024745
2f715c0523754468,0.9861152390353538
a5da4bf7f90443e3,0.9386890735423574
ca656eed01a44b54,0.9872706342689487
f1878857eb0148b3,0.9872600333664255
6cf0790fbc2c4035,0.8972320238960545
4ad3c739e70c4693,0.7092273694282747
98c982d0993e4c09,0.9873139144514704
6c75c4ce5bfb4238,0.8007340285227869
9e489e6d34d144ad,0.9883732947281525
531fc2514e2a481e,0.9785548770328887
6c84551ae4384808,0.6822580965671806
0816faa765ad441f,0.9923448563663275
b6d81503a86b4a10,0.9850589283182115
08c41ced49d442e4,0.46883710718562577
b00857ee8bc84d50,0.9555536126746762
a58d2bf89ed741b3,0.9555760619372192
ed374cb7cc514f67,0.9927530896648415
1a644873cf0e4514,0.976939749956761
0c3ee4c5813e4a26,0.897402457884569
b83104c402d94716,0.9824906686441416
e935ed8584b449f5,0.9093604950115022
3b8f632eafe7419b,0.8926623490448213
d2e21c93fe9a42e2,0.9131787761674094
c3474f96ad5f4ec1,0.970313441412714
8c6ec805e24342eb,0.9924953294047629
e133081fa168471f,0.974237244433857
3e7775623c244a86,0.9944944570987326
b0c9ac700bb64283,0.9751296527388691
d3ad022f70a64ca9,0.8449301625549153
9469eaf932be4d56,0.9764421962052285
94bfbe9c9f5f47f8,0.9943176075049518
a70472051560470d,0.9887944461347141
b2d504343f254e26,0.974497367317008
63d965279eeb494b,0.99028063837264
de2ac552e9294b14,0.9942377470690094
4aacb541361c438e,0.97607209937302
4c726b80690f4f46,0.731183483776513
ae66de79394e45a7,0.9443768875569093
fdf5312da9ed4bbc,0.9848399801931963
cca6ae73b0d04965,0.9197956673710692
ebc10d19894541c9,0.9055789931143327
ce90763c141546a2,0.9876449602357967
c1397616be5d4bb9,0.978468755188835
789dba0635d04101,0.9546138532803647
3d93f744c9c346af,0.3829265058213848
19a20b833cae4e40,0.9924389667995241
81fdc6b6e63742c0,0.4765534704833251
631ebc50a29d4dcd,0.9741523036049404
99fef0e4ff794c8c,0.9825695889919238
d83b098ec73241df,0.8962772100889882
bbabc6428d2f4e0e,0.9758483973284948
aef186649e394353,0.10515777087344765
6d209d9956c243fc,0.9631499293410777
85522fbc25324784,0.677235794504101
66393f1c12f84c49,0.9593323517563483
0663badab6474e75,0.9755128839213801
140792167f67410b,0.9948026385692306
b2119276206b4624,0.9661230246979992
a2d571f0497c4fa9,0.6166057904676459
4b0c164930b6456d,0.9556432609057819
7ca446a193234d78,0.9753512086986387
b4fd28b93b994eb9,0.913954551874195
6e83a956332f4b4a,0.9079979157660125
35ab7cdab0d24b06,0.8842889539727402
776fb75d6ea04f63,0.9943799883404472
ebaf36d8332448a6,0.9886712556999722
ef7fc1afca054b61,0.9666015676052109
ad0da0c9227a4718,0.9541389045368422
08164f3f32444c76,0.9920365996728583
8a84d21d11724e82,0.992585772390979
9873a0bf0218476e,0.05654768906426712
ebe4d1d2a1ab4355,0.977909668669773
43838a9e602a4809,0.592573761523766
7d37fdd402a64d3a,0.9784277853075295
67b1d0476cb04daa,0.9792681322037474
68fa6915ab954cbb,0.9720714429232071
89f910bbd17f4db7,0.9920301088145218
0d899955282140e6,0.9823403164036686
f792e2a0196a4c96,0.9796574328600748
8afbd2a0d00949e2,0.9940029763750026
09123e40fc5d4ffa,0.9944961962400687
a664536bd06040d5,0.9935557902020784
22daf76f8efd443c,0.9755830821893227
326e57c8063d493b,0.9394093504887273
c779f365b1124257,0.9921377371706399
f0fda418c7774d8a,0.8965802022597739
ed2fb0ba12d34708,0.9596161498387049
64a274c0e2ab4e39,0.8648754585081331
d5f0eba8d1fb4239,0.9335190719382
9fe2614340b64978,0.5098261288859011
f677a89d77934c05,0.9706848502445009
751202cd6a7d4c92,0.968616055600142
90fe6dbbb38d4a07,0.971566316845727
9cf59dd47b92435b,0.9966075218144639
84f4bcf7b9cc4576,0.9931869918533401
88e8ad48fe644e69,0.9912749761984626
ec2672b806cf433f,0.9293958821901812
8b25eae62b3b4c9b,0.9612308307117068
c2a22721f40d42e2,0.9924631896506453
edb557b327024fff,0.9676505661974719
a4263527049f438a,0.9891944808055635
f5cb95721be94eba,0.9951904555132829
dc4d58f06eeb41de,0.8216940654853195
2757ea5b71344123,0.6941704504259465
b05594a51f194a55,0.9361208147936569
3cd7eb4f0b704fa9,0.9676955069794204
ac957c3f4c294532,0.9821536009295195
2c45460073ea4c7e,0.956833245810292
b34beaf08dc2469b,0.9873315944179166
b207594217d84054,0.9940128834928309
01ea470fbfd248e5,0.9607847262688777
0e4e849bd7044314,0.9744457136249786
c8f2637d398040f4,0.8093102643250532
e1fb064119b540e3,0.9021557954582017
8ab80f38394641f1,0.9614965003226053
20fec7cf15784439,0.9220481379610341
28ec2122fbf44c50,0.9748435321168483
75e5664de6174828,0.9157232444254267
797b9c1229164130,0.9439318788990265
7dc9c748ada34162,0.6394095797970849
9646e10a74174230,0.5054045788210764
35f6f40040dd400a,0.9860318621392132
869c89aa8eba4aba,0.9775696905248996
cda1b3f4b9574568,0.9239798676095182
b131a2f577144bb5,0.898106387598095
456316a370574525,0.9930924454694525
c1a1f7fbdbbf4917,0.9934710757376297
295072e2959349e2,0.9924777083541751
950e540731f141b8,0.9894556693278396
866d6e16aafb4f72,0.9013440439654943
b1b4164d68cc424b,0.9488972187773876
6f88f6d3d7f9458b,0.9785209504792738
93516a55a0284b5c,0.9935019854364638
b893525e7a2d42a8,0.9958175067701133
01b39141cdc44e84,0.9936794603884037
a68d16712ce9406a,0.9771127018817726
6a9d160581244cfe,0.11337526598360323
6e73d033143e4de1,0.7836657956712767
0282617c88e74d62,0.9694208556960449
1ac27fa308274c90,0.7181492897779105
4cc748ac667d4fc6,0.8548008429649272
fc96355b2ac1406b,0.9912165908994917
124e876b5b154a00,0.9817533040946704
b9eb4f22eca345a3,0.9908896124734998
ca83d4daa9784471,0.9823721550508561
49c2d0cb998d47c5,0.9477684655043064
74fd56b5e53c4f97,0.990448942654395
185da50287c343fa,0.9877113309841722
40961b92ded54ae0,0.9798940623783384
be2501021b294587,0.9929385257914005
36522719ec7e4a50,0.979156196683084
900b9ca5492848ac,0.9876810896718995
6824da993cfd4125,0.9695755042622446
ae45354de1724b83,0.9687394005747775
c39bec45d22745e8,0.9862910743861086
d719cec2780b49b1,0.9390668955169386
ce1387097a724769,0.9667932456932526
af8930389e3847d5,0.9866840827441175
f502028dc95841ef,0.992622180604217
b01f8be7e721400a,0.9916207510936668
38a2c41420124e84,0.9451760954985543
7b4042d14e884fbb,0.9634366879797357
b4ceea349db84f54,0.6759660321038575
e73a47babd0f4706,0.9632974419559573
07b49e735d1c4a3f,0.9297399856237163
969f6b007e9045ea,0.8263791056121473
7c75fd22556c400b,0.6806768485593324
2501f4993700488f,0.963449534899756
78f6bfa0fb65450a,0.987826288311101
433316c84b2e4b07,0.6522003272982025
16215306131b414f,0.9955001810602649
4f91857d74774ddf,0.7588238399750326
3626b966ad5843dc,0.974294726567323
8ef2eeb6f48643cd,0.9906862823359095
66f3963e52244cf7,0.9946477720161593
b020241b14e34dc7,0.7364741315117198
fd560814bb194f0b,0.9674415207197494
183bbbeabae645a0,0.6701963705890226
9db406f0dc174091,0.9929003211018929
e145f25c487544bb,0.9569224616171068
2982f3f5a3f24185,0.9901900155440753
a80a12c6c7c547f4,0.9869826578291224
300d4b54cb04407b,0.9887141072367509
7d90663bb4ed4271,0.4988551814573524
0eaed7337c7b4460,0.977613478519664
fa12ebba0ff0427b,0.9922186651592891
bef4d947384740c4,0.99399860021073
c5332b32604e47be,0.9822459297470434
716a7505a4664b19,0.995518871089013
2d4ae81829ee4f5e,0.7938800502042526
555c12d14e8f44a9,0.9940817149971629
fc287e0d5378427a,0.9801327116189531
3a0d337d299041fc,0.9818895374751554
ee63ad813a444666,0.8968864095563761
c433ad321a8841bd,0.9731654479804682
4df4853444d2444f,0.9957834561443193
0e1643c0938b40c9,0.9713169811344748
5d2ac23ab9dd4e6f,0.9833234593780127
7fff43289d434ae5,0.9072251366384838
70c5814b9f1d4c6f,0.8323325844207297
6a71adeb8ad941d5,0.9304212740756164
20829280ca314850,0.9826158409083394
3a9ad366828549f9,0.9816347444619737
31a844f4729a4dcb,0.8926129591879072
203da4b7594c4212,0.9959414468088117
a1cba51170f24a40,0.9361921509112758
0aada215f2974a72,0.9953478521104586
7eb880f0015d44f2,0.9938240636935587
145c049a59aa4aa3,0.9713823994805804
8b066d09d49c4bcf,0.6530192280292573
651eed1ba6e946d5,0.8190500164058643
338dca450a344ad0,0.9908680271997324
759a0b1a18f04450,0.9281690248281317
cfbc105967c443d7,0.926588107262327
ad353c049ccb4298,0.1017440904655158
610fae246dfd4d45,0.9929615853714739
6b26aa4ae2494e2d,0.9267441971102336
e14ea7a60eb74968,0.974781237318895
49ef4bacae5a4b06,0.319137305586594
0ed777b3913d47a7,0.9114763794031386
aeb28846b0ec46a2,0.9635368155607985
3557ce46043c4960,0.9576644388739537
060b42fa8d674f04,0.9682373334156944
1ffc2928d33b4e83,0.07978186503970192
443ee2d9b6264a78,0.9918015175374089
4abae8eaa82b4209,0.7380711570782816
9a2744201318475c,0.9841414997477658
f65d4e5198fd4832,0.9171008191406977
7d7f7e35188047e3,0.5336677754477404
5168bdaabe3e4df6,0.9291850924485019
cf71693494614532,0.9460708472421494
e05a8dccd7604c3a,0.994656239255991
fe438eb14bac445b,0.6313459690666241
2e0d8acc4f94479a,0.9749502582143841
8fe3314c1cc14e48,0.8395306212906295
2db90fc08d55472e,0.9768841574683309
dc7597174d224d6c,0.9947688443708106
b71a8362eced4da1,0.9337068077035846
6785b41b7834416c,0.9846703264562683
46f0e5e88ffd43e2,0.9493167956261072
49b7a03896654018,0.9763193842344273
ac85f754c1024aa6,0.9462103193551478
dcae2e7ab8a044f1,0.9837033852023463
ea61d221e5d14ec2,0.0977429978507206
a3b12a65ed944096,0.47025800760093317
6106116d7d394afb,0.9529296835775851
ee99a689cfcd4549,0.9615000188705887
854ef6c722e24c1c,0.9281122408401682
f832955d052a4312,0.561390509502535
376b71e697fb4ae9,0.8863469613229948
016f88fe93b94c02,0.9446272074773494
35b7f72ad7e44c4b,0.9165585304486857
1fcca71656a44620,0.9651026318061661
0e5999aae76e4cb0,0.9439041339770888
49644e9ec35c496d,0.9817253223141262
e1e2d162aa694f61,0.9508265248834894
bf999dbbabc74426,0.640082582817028
35f9f8d1d9684ace,0.9904605797062802
ab321c05671343d4,0.9114766659632757
474477989dd0465a,0.9776136317919155
7b72282753fc49e0,0.9555387066748716
06196160542e4957,0.9488563957510809
238761f125914016,0.9140008613797436
008bc37b28d44c6b,0.9805745977795389
8501b9ed4c774d4c,0.9698689474664594
b20463d9a0134a25,0.9815896409474201
c353603757ea4261,0.9751817945515974
721d3e19c19d4319,0.8921347280656908
c4fe85ddbb854e77,0.9894015718043804
3f027c629bf14b83,0.9841168120785027
ac98099fc360464f,0.9474546402115027
0db2398605074c4e,0.9865156365951316
f02cbcc6692542e8,0.9304369818591814
0829321c70ac49f9,0.989717373654322
e9aeb2f82d874cb0,0.4858042963704605
e53e155f03884277,0.9517584971510324
cb82f20d40fa4b35,0.9319733552591989
85a0a10302904df5,0.25605217965471727
df4023d8b4064ed6,0.9866042278037336
d532f22bcef74b9a,0.9907992116095461
6ccf4e6767914ce9,0.9769269715631583
db19e5105bd84a46,0.7103599799851648
9a6e40a827214ab7,0.837925601723591
94afa34756f44cda,0.9881496704171738
8053c051f9ef4070,0.9732536370771717
2368e91a14734159,0.9246578790033473
205e54c16aef4d76,0.9847042149255458
0029be170ae54722,0.9546354799197665
a7ee91ad733443b5,0.9020849562026882
de9736e042b045e9,0.9885772876247879
05333ce9f03d4ef2,0.9923470135859445
948086c42f4e4439,0.7522086881036926
1f08daf9b9ad400e,0.99410170680711
128e6e963e444ea1,0.9938261166136501
5a8d733c69a14c93,0.987115400765074
ffa57e3b482749fb,0.9858691306690087
0a020cf10f804ff4,0.9895255444918682
c78478b80e044e98,0.953809549028336
075aabe7c0fc4fe7,0.9081595646008731
1873745416cc43da,0.9293457442896763
ee94b529b2464d35,0.9912286721580752
8418a3243ff34564,0.9703873624017854
60319111ee724aa9,0.9526200128854786
dbd128c111024fae,0.9411741182797435
d77fed3fa47244c1,0.7700676887765033
0e9376cc1ce34e1a,0.9677153327936086
e033b5f623564684,0.8730704132645176
2574ce134ea04028,0.993689740322355
63f72fee242e4ccf,0.9768717553105958
20c811992fe44285,0.9630292225055859
9893ec45231045f3,0.9504051699456726
e35859e815c14aa9,0.5103021555079508
6a06c82b97354869,0.9772388206696684
9f43417aaa7c4686,0.9775759542179921
4e5e4def3bf64b91,0.9335153380464133
6bc82123cf194e43,0.9488253524769528
ce4862a52072467e,0.9914372320178962
d9f7e3aef3e042c5,0.9897974778988138
339d3a2cfd514230,0.8887070644914556
b706c9c6ce6b48de,0.9595380340942924
9447931da5644df8,0.864688765584452
de8156118d224464,0.9349793157402886
b42729d7babd43b9,0.944169549097646
0ee6928c02a04b2d,0.9859863367667941
bee967a35a7744b5,0.9826245733560329
a6b19146e9c54c88,0.9567875296658054
b13a49b10f3044da,0.930741450472091
0291f5e63807413e,0.9784899832809175
6e802238fe5d46f7,0.7020210553146129
7c96c28b120a46eb,0.9807756021568899
3a801bbb29a34970,0.9860172063887273
fcdbc8d762914e88,0.9889042385032548
4ed5b16f7be54f80,0.9826889239327589
cbb793aad14d4ea0,0.9518426658333468
2f6678e2492049dd,0.8656369680523556
1ce5660b136a4517,0.9514537710197624
0caae72f13c247e3,0.9865223015189596
55a7aa0bd63a4891,0.9328755144642864
cd42b3ad422e46ae,0.9836046002143022
84a24dc81aba4c87,0.9853139057343686
80e71cc02ccb4dbe,0.9901405059053877
acadebd3cd5e488e,0.95109799220172
446da89de79040ab,0.9707554502343274
ff6813bfca3244b1,0.9823428196386231
4fc9ef42b54c427c,0.9921979487490777
2c52081e23c04380,0.9853135229241253
4556c4d83ba8439d,0.9257161420966078
ae587f8eb4004fc1,0.828181394330669
2018f81f37414cd9,0.9906542521529772
1693f86480c44c43,0.9403626045070925
b2a531d91ae84a89,0.9587066773400226
76a9031ed7d8460c,0.9771683566502828
9ab326af3b8a4d12,0.9892475775842916
c0b982b7b643445c,0.9574646451500393
6eafb8ce3baf421c,0.21530116441986583
59766bf737da48ed,0.9245903946385088
55db255b81d04900,0.9917739797995179
1ee5c88daae945f4,0.9714608826796785
989ce33a39da44fe,0.9663408116432303
8778fe2879224dcf,0.9788799289515175
ac1dea8651014d4a,0.9802265561435151
f253c20383fa4abc,0.9342878613864455
75fe20a953b142ba,0.9777405857692841
dd58d42b54d3445c,0.9375457082689325
fc4b7e61f5584a06,0.9919690283180043
b22300b792b545ab,0.9946210655306332
740c5d0f729d441a,0.9528640063883153
724453af0e3947f1,0.9702766442226196
9c1db9f764ce4890,0.99205057661687
ff25c92ac5cf45cd,0.9615126919281014
7cacdeab836f43fc,0.9889886104675186
e0bc0ccf0447443f,0.9821627173547913
d77242f44abe4afe,0.9446359067958706
b6e5ae425cae4086,0.9896345340844238
3dce8f836d414a87,0.9897860170823041
2c841af53a8841ec,0.9707577462554227
61fa28bac3ae44dc,0.9834220237511031
397bb5ce694a46bf,0.9933854784130057
49fa3ca1394a47b7,0.9629095450036763
a82c281448c0452a,0.980705500051751
f5dcc20cc39b4b0f,0.9790114316867218
4e942c4c2de14d51,0.9794589560831817
8ac944b0d57342e2,0.9551275952901541
30aef35c040e4db1,0.9401645978400799
13662d0cfbc742aa,0.9931488744233065
75858bbde22d46a9,0.9426902231222455
2bdbc524dab94b45,0.2400317595782797
0077056f939849d7,0.992571561359598
3b51f487b45d4559,0.9351153397762022
0575ae4f41744bfd,0.9721195285471396
c6b02ac28092459e,0.35852007222080245
1e19307bef774ccb,0.9566609701811428
b31088ae90454dbf,0.9601013259682288
39424608b06a4199,0.9936251893355375
460bd37702f04fea,0.6934497936197552
2703cb62e35543af,0.9948852679550063
5611efb7b5db4d04,0.9779052653164537
c4c03ddc6636443b,0.988642499189784
cf9ff63c741c4d38,0.9946976559438074
38f8b251468c4010,0.16055580128096109
09eadbb785564c2b,0.9791510090820532
918d9da73a444960,0.9917429513092546
3f9a9422e6b94348,0.9763155298709693
b2ff067789154d05,0.9890836574380085
2e3011f3c61649db,0.9770295819628918
324bf22e756f48eb,0.9893300455595389
a9bda3e07873445b,0.9907677642633461
4277dff099224155,0.9831713077918078
cc441f925a944a79,0.9682745869883252
6d7172c2dd0a4202,0.949638096694539
07294f9c1d39407f,0.996980287853469
06d3a49f258e4077,0.9914059067771184
e26861f5f59c4264,0.9722876247590724
886540fcc0344dd4,0.9366829170202603
7685f09e3ca94703,0.9240318261765463
2aa7611afca14908,0.958196998667931
3ae51a6fa3194169,0.7679119613688931
73cd646122ec4f67,0.9586790797085895
bee7e86ba0774ef5,0.7039836445759982
174ecf8184bb48b8,0.956635466466437
4cce1581256d45ad,0.8558720533797004
96bac94a511b4146,0.9767599979948807
39b6df857aff4399,0.928456235126677
0143e55c0c314326,0.9744662206883206
01b194b0e2ca4215,0.9297321391181592
5b01f5aea1bd4d99,0.947753103875703
7ab598ce87be46e7,0.523442224142787
596afb75da644e1e,0.9656791217503061
abeb1bfef44844fd,0.9922410283301482
6db176b6e6cf45b9,0.9918730667693725
5f5e26baa37b4fa3,0.9216458932796462
7ce4fd008a334c73,0.6543721475725466
b1b426605b234b24,0.9941558093699936
41f24ca925884745,0.9949173355471783
9468e626aaf249a2,0.9884826252453562
0998b5c189f74638,0.9921716727464205
9797f6b1a4c2426b,0.9553104695151688
9192865d9d7d4721,0.9908779690846148
dfff5b0d96ca4b82,0.9309549384672209
856a2433fa234f98,0.9561852200872695
6507a90e09e1488e,0.9383194303987565
ba41bd5a20424fc2,0.9630244426346362
eaefdd877e1b41a9,0.926588107262327
e6a52ed611284564,0.9017851816172113
534bc1f85fa841a6,0.9956399600994323
52ef29d838284832,0.9888209519829896
d91d386ce36b41fc,0.9815052437401606
224d18c82e1440b7,0.8677943699572127
dd8977c0244e40fa,0.937990352864567
0f6cab3834ab4adf,0.5662106925773428
735b5e65c8b94074,0.9472855494106616
03ac53f16549451e,0.9721213447933353
65fa3f79e18f4c15,0.9823479013473253
181a386d0e64446e,0.9660529073656454
f4052d342674425e,0.9707287599241375
aae24a55d4d5428c,0.911156791928493
c5df7999603a47cb,0.9787864124925072
3a76c4e569ba44c9,0.9388683487784586
55ed1e9cec854631,0.6399192642414968
716571e8557843ac,0.9921209456157463
0303e1db5be24b71,0.9351960902709706
ab4716abb2a6404f,0.34461158736319647
625135ac35f64844,0.9801667536136229
83c8678717fc4ccc,0.6116038818741867
d4660f618f274785,0.9756990267118205
bc14620bd59d449c,0.8191712279525338
dbb5c90685ab4904,0.9511579067938944
be0d405e66364679,0.9849030216141538
0148037acae74b34,0.9716169741666049
3ba8c9f63905452f,0.9589111340874561
d8444adcb8a44203,0.973112620312445
69add4ae0ec141f6,0.33314295801109844
68ac52e1dac44515,0.9549891703155232
642e3be9b23f4d43,0.9829000882230666
8a9765cb09bb4220,0.9754026915742575
1ec87cd7221b4d3b,0.9557137009046371
7b063bf2bc564b5c,0.9711931829853745
f499207b97ec4fdb,0.9934385255818746
a3561ecf12dd4a5a,0.9887490509395503
ae4f50f1bbba4cc3,0.9761251937468405
26ac0cde8941478a,0.7965973843958509
f191c158e0eb4df1,0.9942907009259251
71775ba635ed4995,0.9862843142855912
e3a5c05f05ce4530,0.980793710931772
77b2eae06624484c,0.9629890336011602
7cb99803b6664ef7,0.9846974744688353
70f571c76b7142f2,0.9677769419192375
88e782de52a642da,0.9855157963525439
edfcb09a03d04ccd,0.9734653949810961
03c40faea55f4c63,0.9414504551785898
659b99e513ba434d,0.9849451581056867
c5edddd4e8654653,0.9072885756083446
2fc2cd17d80f4ca3,0.9660632431810597
c5721fb751d24575,0.9434294217515309
5db06c2bfedf47a3,0.9910346504451812
6d38f6dcc8214345,0.9882752578142876
a2256ab2e19a416b,0.991573121536106
f990cf1f87874c8e,0.975609372867484
50aec4ad60c44335,0.9765588498891912
65e465b9c50d47d6,0.929985779835533
c53f6f1f431e4dad,0.9314327588552315
3dd7dd6e4ce84e20,0.9897734542214623
25604928552e4199,0.9821168650166847
c98db733fc864920,0.7097154260432335
3c3035e94ba14065,0.9930195971250859
9dc8af19a3e34ca5,0.9917673152650849
8ab3f2d82b3a492c,0.9469479858094587
57c2e259e28b48da,0.9916965634319552
8aa5a64d407543fa,0.9851823080300293
90a3b868da95457f,0.7642381332177577
a096a58bf42e4020,0.9932261810227377
ac1fe15447754aee,0.9792370811690736
a321e1172d46461b,0.9858365653446233
737397033f99451c,0.9798640659980465
5a40ba09da254613,0.9877000702340032
43aee30466c241cc,0.9727968914713033
95968abfa5084035,0.9937667297358311
435f84d052ab45e0,0.9874110858292019
681c116a0d8645b2,0.9706758657126746
2f120d23fbd3488c,0.28011101278636374
9ff32654a78c4f16,0.9905401810672672
0a49777506a24030,0.97835456478712
3022ce68a20d48a2,0.9953263825912849
959464b6a474492f,0.9908210477379175
4790698208d04961,0.9905068761737559
861f24225b4c4336,0.9694165338020927
1de7af77dc50464b,0.8966094430490792
e0196710aedd4d6d,0.9195864891705703
c3b62dbce9144224,0.9768034881645461
97b4c615ac5f472a,0.9600816707907243
78696d1f4af54cf4,0.9324972156671336
a8490bcc6a3748c2,0.966555498667452
f7136f9d9641465c,0.8726782866933102
cb0268380675468c,0.9714227814766471
c9bea64701274232,0.31133587130019713
902b49ce05624582,0.9941445594694471
df180efc64a649da,0.8965845212451583
7b4d4d52e6b84ce9,0.9706751343082773
24fda56c0faa4f9b,0.9330774246910712
c0588d047bc0473b,0.9759975110618084
43826dfcd77c44af,0.7638865877400436
e7b509ca816143f7,0.1607745200516874
a409c173ae4245fc,0.9828699743160477
e34a114f1bb346c6,0.9684588616767101
7721d71e194845f7,0.9166555765384945
65830242e77c484a,0.9921039931579749
b4742e5069454971,0.6331480446069646
